{
    "0.0001": [
        [
            0.351595452044746,
            0.5198154180238871
        ],
        [
            0.5867447285367974,
            0.739376117165427
        ],
        [
            0.4400182731841023,
            0.610511616097499
        ]
    ],
    "0.001": [
        [
            0.5294791857693013,
            0.6921601534404219
        ],
        [
            0.6876915336413119,
            0.8143871632243725
        ],
        [
            0.6892188213796254,
            0.8158122431321652
        ]
    ],
    "0.01": [
        [
            0.7140106363469649,
            0.8312277984028205
        ],
        [
            0.7122535791062525,
            0.8313088977281828
        ],
        [
            0.7045682960255825,
            0.8261859480888222
        ]
    ],
    "0.1": [
        [
            0.9869337979094077,
            0.974403077967636
        ],
        [
            0.9895256826602021,
            0.9756911559103414
        ],
        [
            0.990909090909091,
            0.9764552289200018
        ]
    ],
    "avg_epoch_time": 66.55082298914591
}