{
    "0.0001": [
        [
            0.4572253805244819,
            0.627485527309338
        ],
        [
            0.4759182179938709,
            0.6446173398220763
        ],
        [
            0.4651439013248059,
            0.0
        ]
    ],
    "0.001": [
        [
            0.6526224096827434,
            0.7893247517061532
        ],
        [
            0.6927686044916068,
            0.81831689855464
        ],
        [
            0.6735495660118775,
            0.8047928380370107
        ]
    ],
    "0.01": [
        [
            0.7334036310287915,
            0.8442720291346687
        ],
        [
            0.7102410465169464,
            0.8299687157410626
        ],
        [
            0.7339424394700776,
            0.8449785678596787
        ]
    ],
    "0.1": [
        [
            0.980836236933798,
            0.9728070574325861
        ],
        [
            0.9876961075790148,
            0.9756461232604374
        ],
        [
            0.9868889904065783,
            0.9749086150097026
        ]
    ],
    "avg_epoch_time": 67.20559945106507
}