{
    "0.0001": {
        "tpr": [
            0.9445610353270374,
            0.8888662197610027,
            0.8834509712419063
        ],
        "f1": [
            0.9714756801319042,
            0.9411492408344649,
            0.9381048980287099
        ],
        "tpr_avg": 0.9056260754433154,
        "tpr_std": 0.027619794290703558,
        "f1_avg": 0.9502432729983598,
        "f1_std": 0.01506493368263272
    },
    "0.0003": {
        "tpr": [
            0.9709397225136994,
            0.9476537452637714,
            0.9216589861751152
        ],
        "f1": [
            0.9851973440989013,
            0.9730651822589335,
            0.9591743815449993
        ],
        "tpr_avg": 0.9467508179841954,
        "tpr_std": 0.020128904619516937,
        "f1_avg": 0.9724789693009447,
        "f1_std": 0.01063191357014439
    },
    "0.001": {
        "tpr": [
            0.9818409700361431,
            0.9737394345671816,
            0.9834626378113516
        ],
        "f1": [
            0.9906041847402549,
            0.9864619472946039,
            0.9914291174784258
        ],
        "tpr_avg": 0.9796810141382254,
        "tpr_std": 0.004253173516530252,
        "f1_avg": 0.9894984165044282,
        "f1_std": 0.002173359527288684
    },
    "0.003": {
        "tpr": [
            0.9917511950565466,
            0.9777907315651414,
            0.9910167415271539
        ],
        "f1": [
            0.9951449211780878,
            0.9881445044991973,
            0.9947886169340672
        ],
        "tpr_avg": 0.9868528893829472,
        "tpr_std": 0.006414924459561726,
        "f1_avg": 0.9926926808704507,
        "f1_std": 0.0032193342382753547
    },
    "0.01": {
        "tpr": [
            0.9963273871983211,
            0.9948411541824541,
            0.9965000291664237
        ],
        "f1": [
            0.9958339402767662,
            0.9952762793410118,
            0.9958755374189318
        ],
        "tpr_avg": 0.995889523515733,
        "tpr_std": 0.0007446520469352336,
        "f1_avg": 0.9956619190122367,
        "f1_std": 0.0002732166998017612
    },
    "0.03": {
        "tpr": [
            0.9988340911740702,
            0.9982512387059166,
            0.998075016041533
        ],
        "f1": [
            0.9923692860142189,
            0.9920491245347507,
            0.9919990723562153
        ],
        "tpr_avg": 0.9983867819738399,
        "tpr_std": 0.0003243740097670965,
        "f1_avg": 0.9921391609683949,
        "f1_std": 0.00016400093024256213
    },
    "0.1": {
        "tpr": [
            0.9999125568380552,
            0.9998542698921598,
            0.9999416671527738
        ],
        "f1": [
            0.9788703257194219,
            0.9766548042704627,
            0.9768356269766647
        ],
        "tpr_avg": 0.9999028312943296,
        "tpr_std": 3.6336482505221676e-05,
        "f1_avg": 0.9774535856555163,
        "f1_std": 0.0010045027025932444
    },
    "auc": [
        0.9998381930997171,
        0.9997327787936803,
        0.9997970821141021
    ],
    "auc_avg": 0.9997893513358331,
    "auc_std": 4.338100720199669e-05
}