{
    "0.0001": {
        "tpr": [
            0.0,
            0.7196359817990899,
            0.6023534894559012
        ],
        "f1": [
            0.0,
            0.8369631589660086,
            0.7518359630626046
        ],
        "tpr_avg": 0.44066315708499704,
        "tpr_std": 0.3152531356033805,
        "f1_avg": 0.5295997073428711,
        "f1_std": 0.3760926724304664
    },
    "0.0003": {
        "tpr": [
            0.0,
            0.8123906195309766,
            0.6644529884655714
        ],
        "f1": [
            0.0,
            0.8964274219504347,
            0.79834814866662
        ],
        "tpr_avg": 0.49228120266551595,
        "tpr_std": 0.3532958840638312,
        "f1_avg": 0.5649251902056849,
        "f1_std": 0.40146418591506366
    },
    "0.001": {
        "tpr": [
            0.8570928604759682,
            0.9064286547660716,
            0.9129674938832576
        ],
        "f1": [
            0.9228160522514601,
            0.9506852667645619,
            0.9542714485782136
        ],
        "tpr_avg": 0.8921630030417659,
        "tpr_std": 0.024941602179746943,
        "f1_avg": 0.9425909225314119,
        "f1_std": 0.014059381113496902
    },
    "0.003": {
        "tpr": [
            0.9340877274848344,
            0.9355967798389919,
            0.9509495514388908
        ],
        "f1": [
            0.965222108372009,
            0.9660281893747741,
            0.9741891206397518
        ],
        "tpr_avg": 0.9402113529209059,
        "tpr_std": 0.007618004564216728,
        "f1_avg": 0.968479806128845,
        "f1_std": 0.004050485220653082
    },
    "0.01": {
        "tpr": [
            0.9727601493233784,
            0.9667483374168708,
            0.9750087382034254
        ],
        "f1": [
            0.9838067427661269,
            0.9807077760681737,
            0.9849639546858908
        ],
        "tpr_avg": 0.9715057416478915,
        "tpr_std": 0.0034869957700832776,
        "f1_avg": 0.9831594911733972,
        "f1_std": 0.0017968426150141732
    },
    "0.03": {
        "tpr": [
            0.9875758282781147,
            0.9875160424687901,
            0.9905044856110917
        ],
        "f1": [
            0.9867125123841715,
            0.9865951742627346,
            0.9881730741289628
        ],
        "tpr_avg": 0.9885321187859989,
        "tpr_std": 0.0013948875116640146,
        "f1_avg": 0.9871602535919562,
        "f1_std": 0.0007177725446696161
    },
    "0.1": {
        "tpr": [
            0.9951003266448903,
            0.9946914012367285,
            0.9959221717348247
        ],
        "f1": [
            0.9754145225843339,
            0.9740645529848614,
            0.9746308648309675
        ],
        "tpr_avg": 0.9952379665388146,
        "tpr_std": 0.0005117991533440717,
        "f1_avg": 0.9747033134667209,
        "f1_std": 0.0005534986199873844
    },
    "auc": [
        0.9973342976114516,
        0.9979839238530613,
        0.9980373158436137
    ],
    "auc_avg": 0.9977851791027089,
    "auc_std": 0.00031956560675657327,
    "epoch_time_avg": 49.5713806549708
}