{
    "0.0001": {
        "tpr": [
            0.3237667339079406,
            0.022366555367515896,
            0.299223389675651
        ],
        "f1": [
            0.4891597977419131,
            0.04375447387258411,
            0.4606188466947961
        ],
        "tpr_avg": 0.2151188929837025,
        "f1_avg": 0.33117770610309777
    },
    "0.001": {
        "tpr": [
            0.5923344947735192,
            0.6516489045419201,
            0.6195066240292371
        ],
        "f1": [
            0.7438111686816351,
            0.7889141148457833,
            0.7649049579784533
        ],
        "tpr_avg": 0.6211633411148921,
        "f1_avg": 0.765876747168624
    },
    "0.01": {
        "tpr": [
            0.7114432422519714,
            0.7350317888670357,
            0.6703974417542257
        ],
        "f1": [
            0.8295068822664706,
            0.8454557411548074,
            0.8021536527371614
        ],
        "tpr_avg": 0.705624157624411,
        "f1_avg": 0.8257054253861464
    },
    "0.1": {
        "tpr": [
            0.9752429855125619,
            0.9784110140419887,
            0.9804020100502513
        ],
        "f1": [
            0.9693545079632709,
            0.9708618889847046,
            0.9727806359495049
        ],
        "tpr_avg": 0.9780186698682675,
        "f1_avg": 0.9709990109658269
    },
    "epoch_time_avg": 46.49738568729825
}