{
    "0.0001": {
        "tpr": [
            0.0323216578030442,
            0.34231349769016145,
            0.40105070808588394
        ],
        "f1": [
            0.06261935426566594,
            0.5100350972842198,
            0.5724999184844631
        ],
        "tpr_avg": 0.25856195452636316,
        "f1_avg": 0.3817181233447829
    },
    "0.001": {
        "tpr": [
            0.6523473317439942,
            0.6503682019850889,
            0.6365006852444038
        ],
        "f1": [
            0.789425504174873,
            0.7879963423757932,
            0.7777064553040663
        ],
        "tpr_avg": 0.6464054063244956,
        "f1_avg": 0.7850427672849108
    },
    "0.01": {
        "tpr": [
            0.7096093893269759,
            0.6596990348991447,
            0.7215623572407492
        ],
        "f1": [
            0.8285867237687368,
            0.7947213268314187,
            0.8364223681423428
        ],
        "tpr_avg": 0.6969569271556232,
        "f1_avg": 0.8199101395808327
    },
    "0.1": {
        "tpr": [
            0.9773519163763066,
            0.9811553766637698,
            0.983097304705345
        ],
        "f1": [
            0.970455683525288,
            0.9714686834835379,
            0.9725454750875607
        ],
        "tpr_avg": 0.9805348659151405,
        "f1_avg": 0.9714899473654621
    },
    "epoch_time_avg": 83.44463070233662
}