{
    "0.0001": {
        "tpr": [
            0.3383458646616541,
            0.4095961213008279,
            0.09652809502055733
        ],
        "f1": [
            0.5056179775280898,
            0.5811538711142838,
            0.17606132566762486
        ],
        "tpr_avg": 0.2814900269943465,
        "f1_avg": 0.4209443914366662
    },
    "0.001": {
        "tpr": [
            0.6441866862277645,
            0.6669715958468646,
            0.5414801279122887
        ],
        "f1": [
            0.7834183602352875,
            0.8000438921350781,
            0.7023791887647772
        ],
        "tpr_avg": 0.617546136662306,
        "f1_avg": 0.7619471470450477
    },
    "0.01": {
        "tpr": [
            0.6625710618008436,
            0.6894296299684398,
            0.6888533576975788
        ],
        "f1": [
            0.7965826098938956,
            0.8155723290858427,
            0.8149929737325695
        ],
        "tpr_avg": 0.6802846831556207,
        "f1_avg": 0.8090493042374359
    },
    "0.1": {
        "tpr": [
            0.9852374839537869,
            0.9812011160407995,
            0.9813613522156236
        ],
        "f1": [
            0.9733451094956632,
            0.9715359706528385,
            0.9716185350188833
        ],
        "tpr_avg": 0.98259998407007,
        "f1_avg": 0.9721665383891284
    },
    "epoch_time_avg": 46.268417835235596
}