{
    "0.0001": {
        "tpr": [
            0.3224830368604438,
            0.26752961624662674,
            0.2796710826861581
        ],
        "f1": [
            0.4876932676974277,
            0.42212759815242495,
            0.4370983864058261
        ],
        "tpr_avg": 0.28989457859774287,
        "f1_avg": 0.44897308408522624
    },
    "0.001": {
        "tpr": [
            0.6034293049697415,
            0.5760874536888808,
            0.5368204659661946
        ],
        "f1": [
            0.7525227980903919,
            0.7308864064993472,
            0.6984457190406848
        ],
        "tpr_avg": 0.5721124082082722,
        "f1_avg": 0.7272849745434747
    },
    "0.01": {
        "tpr": [
            0.6877406931964056,
            0.6920825138361616,
            0.6564184559159434
        ],
        "f1": [
            0.8139225739941944,
            0.8162373567093728,
            0.7919422398589065
        ],
        "tpr_avg": 0.6787472209828369,
        "f1_avg": 0.8073673901874913
    },
    "0.1": {
        "tpr": [
            0.9764808362369338,
            0.9719160225037735,
            0.969026952946551
        ],
        "f1": [
            0.968885047536733,
            0.9666985123515764,
            0.9653446196554942
        ],
        "tpr_avg": 0.9724746038957527,
        "f1_avg": 0.9669760598479344
    },
    "epoch_time_avg": 27.823198768827652
}