{
    "0.0001": {
        "tpr": [
            0.1888746654253462,
            0.42761705588474497,
            0.4881538822425522
        ],
        "f1": [
            0.3177368833202819,
            0.5990640895218718,
            0.6560529634300126
        ],
        "tpr_avg": 0.3682152011842144,
        "f1_avg": 0.5242846454240554
    },
    "0.001": {
        "tpr": [
            0.8559292447340859,
            0.8477402114557918,
            0.8942059582453671
        ],
        "f1": [
            0.9221414242728185,
            0.9173948576098573,
            0.9439148198588585
        ],
        "tpr_avg": 0.865958471478415,
        "f1_avg": 0.9278170339138447
    },
    "0.01": {
        "tpr": [
            0.9389619457698126,
            0.9459161147902869,
            0.9427633122214403
        ],
        "f1": [
            0.966229567091791,
            0.9698612186550718,
            0.9681129746168438
        ],
        "tpr_avg": 0.9425471242605132,
        "f1_avg": 0.9680679201212355
    },
    "0.1": {
        "tpr": [
            0.9915629000349121,
            0.98925293365865,
            0.9914965986394558
        ],
        "f1": [
            0.9725765488114603,
            0.971503551359215,
            0.9720577243718738
        ],
        "tpr_avg": 0.9907708107776726,
        "f1_avg": 0.972045941514183
    },
    "epoch_time_avg": 33.90927391582065
}