{
    "0.0001": {
        "tpr": [
            0.7513673920633074,
            0.7176135703497154,
            0.775099695050434
        ],
        "f1": [
            0.8580351506694576,
            0.8355937362600196,
            0.8733027189533846
        ],
        "tpr_avg": 0.7480268858211523,
        "f1_avg": 0.8556438686276207
    },
    "0.001": {
        "tpr": [
            0.930175724426859,
            0.9356337864528872,
            0.8838845883180858
        ],
        "f1": [
            0.963592525617842,
            0.9665146423427748,
            0.9381302128719033
        ],
        "tpr_avg": 0.9165646997326107,
        "f1_avg": 0.9560791269441734
    },
    "0.01": {
        "tpr": [
            0.9751541952752241,
            0.9770535610549552,
            0.9783603096410978
        ],
        "f1": [
            0.9850702404043967,
            0.9860467843114264,
            0.986634336743746
        ],
        "tpr_avg": 0.9768560219904258,
        "f1_avg": 0.985917120486523
    },
    "0.1": {
        "tpr": [
            0.9973815896660072,
            0.9963982804693854,
            0.9960121979826413
        ],
        "f1": [
            0.9756666761533427,
            0.9753490091268375,
            0.9747474747474748
        ],
        "tpr_avg": 0.9965973560393446,
        "f1_avg": 0.975254386675885
    },
    "epoch_time_avg": 60.80730027622647
}