{
    "0.0001": {
        "tpr": [
            0.08314249116950666,
            0.083498773794231
        ],
        "f1": [
            0.15351537303805632,
            0.1541225076342734
        ],
        "tpr_avg": 0.08332063248186883,
        "f1_avg": 0.15381894033616486
    },
    "0.0003": {
        "tpr": [
            0.08523852035865388,
            0.08470551597960216
        ],
        "f1": [
            0.15707030970602961,
            0.15616477680493757
        ],
        "tpr_avg": 0.08497201816912803,
        "f1_avg": 0.1566175432554836
    },
    "0.001": {
        "tpr": [
            0.0955634048829717,
            0.09330841994628052
        ],
        "f1": [
            0.17438113113999362,
            0.17061712577407645
        ],
        "tpr_avg": 0.09443591241462611,
        "f1_avg": 0.17249912845703502
    },
    "0.003": {
        "tpr": [
            0.1504095019989908,
            0.12269843123515901
        ],
        "f1": [
            0.2611713958347375,
            0.2182976660433548
        ],
        "tpr_avg": 0.13655396661707492,
        "f1_avg": 0.23973453093904612
    },
    "0.01": {
        "tpr": [
            0.3208089120055894,
            0.24492973646307759
        ],
        "f1": [
            0.48402682205499115,
            0.391988287698969
        ],
        "tpr_avg": 0.28286932423433353,
        "f1_avg": 0.43800755487698007
    },
    "0.03": {
        "tpr": [
            0.5278112021115553,
            0.5160185293316205
        ],
        "f1": [
            0.6845205134658946,
            0.6743310611455896
        ],
        "tpr_avg": 0.521914865721588,
        "f1_avg": 0.6794257873057421
    },
    "0.1": {
        "tpr": [
            0.7830221635679074,
            0.713340340223442
        ],
        "f1": [
            0.8554043166687869,
            0.8099268524452499
        ],
        "tpr_avg": 0.7481812518956747,
        "f1_avg": 0.8326655845570183
    },
    "epoch_time_avg": 254.69764145215353
}