{
    "0.0001": {
        "tpr": [
            0.0,
            0.7184692567961731,
            0.0
        ],
        "f1": [
            0.0,
            0.8361735352026615,
            0.0
        ],
        "tpr_avg": 0.23948975226539104,
        "tpr_std": 0.3386896557030887,
        "f1_avg": 0.27872451173422047,
        "f1_std": 0.3941759846603535
    },
    "0.0003": {
        "tpr": [
            0.0,
            0.7764554894411387,
            0.7443201677735057
        ],
        "f1": [
            0.0,
            0.8741052078544691,
            0.8533930002671655
        ],
        "tpr_avg": 0.5069252190715482,
        "tpr_std": 0.3586902591584401,
        "f1_avg": 0.5758327360405449,
        "f1_std": 0.4072630221431352
    },
    "0.001": {
        "tpr": [
            0.0,
            0.9343133823357834,
            0.8878014680181755
        ],
        "f1": [
            0.0,
            0.9658083579569439,
            0.9403344233972974
        ],
        "tpr_avg": 0.6073716167846529,
        "tpr_std": 0.4298961504054009,
        "f1_avg": 0.6353809271180805,
        "f1_std": 0.44940250870428755
    },
    "0.003": {
        "tpr": [
            0.9355459636024265,
            0.9650565861626414,
            0.953629267156006
        ],
        "f1": [
            0.9660011443370373,
            0.9815182888842742,
            0.9755661501787843
        ],
        "tpr_avg": 0.951410605640358,
        "tpr_std": 0.01214937735479012,
        "f1_avg": 0.9743618611333652,
        "f1_std": 0.006391826958632295
    },
    "0.01": {
        "tpr": [
            0.9683271115258982,
            0.981682417454206,
            0.9771059070255156
        ],
        "f1": [
            0.9815526518063028,
            0.9883707271232233,
            0.9860380353311191
        ],
        "tpr_avg": 0.9757051453352066,
        "tpr_std": 0.00554151899118231,
        "f1_avg": 0.9853204714202151,
        "f1_std": 0.002829335756141828
    },
    "0.03": {
        "tpr": [
            0.9857092860475968,
            0.9891494574728736,
            0.9872422229989514
        ],
        "f1": [
            0.9857380348236942,
            0.9874501353987711,
            0.9864664280101284
        ],
        "tpr_avg": 0.9873669888398072,
        "tpr_std": 0.0014072123140228263,
        "f1_avg": 0.9865515327441979,
        "f1_std": 0.0007015479107495134
    },
    "0.1": {
        "tpr": [
            0.9952169855342977,
            0.9947497374868743,
            0.994582313876267
        ],
        "f1": [
            0.974470272431321,
            0.974372160795406,
            0.9739581847742378
        ],
        "tpr_avg": 0.9948496789658131,
        "tpr_std": 0.00026856812020564097,
        "f1_avg": 0.9742668726669882,
        "f1_std": 0.00022191985734122875
    },
    "auc": [
        0.9971784158550427,
        0.9981107926200796,
        0.9978775749420785
    ],
    "auc_avg": 0.9977222611390669,
    "auc_std": 0.0003961678020314063
}