{
    "0.0001": {
        "tpr": [
            0.9077015283188493,
            0.9167041873030166,
            0.9010956025814197
        ],
        "f1": [
            0.9515432341160763,
            0.9564672721578452,
            0.9479002210293652
        ],
        "tpr_avg": 0.9085004394010952,
        "tpr_std": 0.0063971698659547015,
        "f1_avg": 0.9519702424344288,
        "f1_std": 0.0035104931597952946
    },
    "0.0003": {
        "tpr": [
            0.9396164219358706,
            0.9375656611136125,
            0.9591775476512082
        ],
        "f1": [
            0.9686438059932037,
            0.9674771565742605,
            0.9788635319344463
        ],
        "tpr_avg": 0.9454532102335639,
        "tpr_std": 0.009740618842508375,
        "f1_avg": 0.9716614981673035,
        "f1_std": 0.005114830430814512
    },
    "0.001": {
        "tpr": [
            0.9682349415642793,
            0.9609785381960078,
            0.9632297763770074
        ],
        "f1": [
            0.9828884325804242,
            0.9791268445599816,
            0.9802963189246983
        ],
        "tpr_avg": 0.9641477520457647,
        "tpr_std": 0.0030326948365096518,
        "f1_avg": 0.9807705320217014,
        "f1_std": 0.0015718449149351914
    },
    "0.003": {
        "tpr": [
            0.9757267006293078,
            0.9680324178298064,
            0.9708839861924058
        ],
        "f1": [
            0.9848015122873346,
            0.9809139989354423,
            0.9822350440327968
        ],
        "tpr_avg": 0.9715477015505066,
        "tpr_std": 0.003176044238473368,
        "f1_avg": 0.9826501850851912,
        "f1_std": 0.0016139902075957763
    },
    "0.01": {
        "tpr": [
            0.9851663170512436,
            0.985441993096203,
            0.9837910850968032
        ],
        "f1": [
            0.9826632790315348,
            0.9827870079329443,
            0.9823167990409112
        ],
        "tpr_avg": 0.98479979841475,
        "tpr_std": 0.0007220924404319082,
        "f1_avg": 0.9825890286684634,
        "f1_std": 0.0001990124583184381
    },
    "0.03": {
        "tpr": [
            0.9910098891219659,
            0.9912952123668017,
            0.990394717094402
        ],
        "f1": [
            0.9668177167080836,
            0.9667032564946944,
            0.9660371834284878
        ],
        "tpr_avg": 0.9908999395277233,
        "tpr_std": 0.00037575667557536956,
        "f1_avg": 0.9665193855437554,
        "f1_std": 0.00034415543493078097
    },
    "0.1": {
        "tpr": [
            0.9961042852861852,
            0.9951973585472009,
            0.9951973585472009
        ],
        "f1": [
            0.9073290569127883,
            0.9069274430691375,
            0.9066794284542286
        ],
        "tpr_avg": 0.9954996674601957,
        "tpr_std": 0.0004275293647834636,
        "f1_avg": 0.9069786428120515,
        "f1_std": 0.0002676693779005759
    },
    "auc": [
        0.9988647337096236,
        0.9987866686503625,
        0.9984400170187326
    ],
    "auc_avg": 0.9986971397929062,
    "auc_std": 0.00018458535355114905,
    "epoch_time_avg": 0.029020156582196553
}