{
    "auc": [
        0.962060589973307,
        0.9612756989992391,
        0.923803884759031
    ],
    "auc_avg": 0.9490467245771924,
    "auc_std": 0.01785225914787462
}