{
    "auc": [
        0.9928705158644328,
        0.9946997527503738,
        0.9950744797611037
    ],
    "auc_avg": 0.9942149161253034,
    "auc_std": 0.0009628652135560533,
    "epoch_time_avg": 0.0029797398249308267
}