{
    "0.0001": {
        "tpr": [
            0.4040498079832422,
            0.491925177181364,
            0.29961294862772697
        ],
        "f1": [
            0.5755491089929549,
            0.659450198582665,
            0.4610802761608231
        ],
        "tpr_avg": 0.39852931126411106,
        "f1_avg": 0.565359861245481
    },
    "0.001": {
        "tpr": [
            0.8544745723263121,
            0.790345067967933,
            0.7511728829462819
        ],
        "f1": [
            0.9213250517598344,
            0.8826964250956983,
            0.8577359627682726
        ],
        "tpr_avg": 0.798664174413509,
        "f1_avg": 0.8872524798746019
    },
    "0.01": {
        "tpr": [
            0.9306994064936577,
            0.8958986871151389,
            0.9000117288294628
        ],
        "f1": [
            0.9617581624676809,
            0.9433569855639834,
            0.9449832209599458
        ],
        "tpr_avg": 0.9088699408127531,
        "f1_avg": 0.95003278966387
    },
    "0.1": {
        "tpr": [
            0.9879553124636332,
            0.9875682583943302,
            0.9859840487919306
        ],
        "f1": [
            0.9707278028700475,
            0.9729018227601797,
            0.9691607101683191
        ],
        "tpr_avg": 0.9871692065499648,
        "f1_avg": 0.9709301119328488
    },
    "epoch_time_avg": 77.60790684488084
}