{
    "0.0001": {
        "tpr": [
            0.0,
            0.4315673289183223,
            0.235045742434905
        ],
        "f1": [
            0.0,
            0.6029298380878951,
            0.3806267806267806
        ],
        "tpr_avg": 0.22220435711774242,
        "f1_avg": 0.32785220623822525
    },
    "0.001": {
        "tpr": [
            0.8224135924589783,
            0.795747647263855,
            0.8375557119399484
        ],
        "f1": [
            0.9023237997957099,
            0.8860284605433377,
            0.9113649416118946
        ],
        "tpr_avg": 0.8185723172209273,
        "f1_avg": 0.8999057339836475
    },
    "0.01": {
        "tpr": [
            0.9028278831607122,
            0.9036249564308121,
            0.9265188834154351
        ],
        "f1": [
            0.9467036822355775,
            0.9472338093353226,
            0.9595214235826425
        ],
        "tpr_avg": 0.9109905743356531,
        "f1_avg": 0.9511529717178475
    },
    "0.1": {
        "tpr": [
            0.9884208076341208,
            0.9893110259091438,
            0.9846352334037063
        ],
        "f1": [
            0.9711851809502029,
            0.9714774671990875,
            0.9696234696234697
        ],
        "tpr_avg": 0.9874556889823237,
        "f1_avg": 0.9707620392575866
    },
    "epoch_time_avg": 48.14072383774651
}