{
    "0.0001": {
        "tpr": [
            0.8695753616425571,
            0.5753919682928251,
            0.6201970730569646
        ],
        "f1": [
            0.9302383626606764,
            0.7304746753486995,
            0.7655822657262127
        ],
        "tpr_avg": 0.6883881343307823,
        "tpr_std": 0.12941788351158676,
        "f1_avg": 0.8087651012451963,
        "f1_std": 0.08708214763357645
    },
    "0.0003": {
        "tpr": [
            0.9333294447036864,
            0.6829282508597074,
            0.8948749344061571
        ],
        "f1": [
            0.9654569040938847,
            0.8115389943205431,
            0.9444632472846989
        ],
        "tpr_avg": 0.8370442099898504,
        "tpr_std": 0.11010141986522728,
        "f1_avg": 0.9071530485663756,
        "f1_std": 0.06815041664606908
    },
    "0.001": {
        "tpr": [
            0.9538030797946804,
            0.9315148335956169,
            0.9291003440032651
        ],
        "f1": [
            0.9761222540592168,
            0.9643104956707997,
            0.9630144437058078
        ],
        "tpr_avg": 0.9381394191311875,
        "tpr_std": 0.011119656440546617,
        "f1_avg": 0.9678157311452749,
        "f1_std": 0.005897382462520861
    },
    "0.003": {
        "tpr": [
            0.9736934204386374,
            0.968234539837967,
            0.9748119643169495
        ],
        "f1": [
            0.9860011813349084,
            0.9831621933536532,
            0.9865462913790051
        ],
        "tpr_avg": 0.9722466415311847,
        "tpr_std": 0.0028735002000425712,
        "f1_avg": 0.9852365553558555,
        "f1_std": 0.0014835811464560039
    },
    "0.01": {
        "tpr": [
            0.9841343910405973,
            0.983796701054963,
            0.9863564806716809
        ],
        "f1": [
            0.98961815942284,
            0.9894483850167066,
            0.9907467057101025
        ],
        "tpr_avg": 0.9847625242557471,
        "tpr_std": 0.001135497372232962,
        "f1_avg": 0.989937750049883,
        "f1_std": 0.0005762018063116918
    },
    "0.03": {
        "tpr": [
            0.9948086794213719,
            0.994171475199627,
            0.9943443530989446
        ],
        "f1": [
            0.99030310068517,
            0.990045564036335,
            0.9901300510915002
        ],
        "tpr_avg": 0.9944415025733145,
        "tpr_std": 0.0002690549142586805,
        "f1_avg": 0.9901595719376685,
        "f1_std": 0.00010719108060578727
    },
    "0.1": {
        "tpr": [
            0.9982501166588894,
            0.9979017310718657,
            0.9979009970264124
        ],
        "f1": [
            0.9756848436475585,
            0.9756389434994445,
            0.9758253036090997
        ],
        "tpr_avg": 0.9980176149190559,
        "tpr_std": 0.00016440382999370794,
        "f1_avg": 0.9757163635853675,
        "f1_std": 7.927863300744054e-05
    },
    "auc": [
        0.9990947244673485,
        0.9987983756387919,
        0.9990313139277649
    ],
    "auc_avg": 0.9989748046779684,
    "auc_std": 0.0001274117433915999,
    "epoch_time_avg": 67.35032000806596
}