{
    "0.0001": {
        "tpr": [
            0.9715226769266644,
            0.9744277591485639,
            0.9572024139237924
        ],
        "f1": [
            0.9855410999408634,
            0.9870337005641374,
            0.9781187160199598
        ],
        "tpr_avg": 0.9677176166663402,
        "tpr_std": 0.007529364391795809,
        "f1_avg": 0.9835645055083203,
        "f1_std": 0.0038986691335037124
    },
    "0.0003": {
        "tpr": [
            0.9811414247405853,
            0.9893278903630267,
            0.9799714294043905
        ],
        "f1": [
            0.990422667823989,
            0.9945770065075922,
            0.9898261164033628
        ],
        "tpr_avg": 0.9834802481693342,
        "tpr_std": 0.004162404088245899,
        "f1_avg": 0.991608596911648,
        "f1_std": 0.0021130641331697842
    },
    "0.001": {
        "tpr": [
            0.9925381835140492,
            0.9909024639160228,
            0.9895629865018513
        ],
        "f1": [
            0.9960365630712981,
            0.9951972354818872,
            0.9945500893668141
        ],
        "tpr_avg": 0.9910012113106411,
        "tpr_std": 0.0012166244562465528,
        "f1_avg": 0.9952612959733331,
        "f1_std": 0.0006085385928346618
    },
    "0.003": {
        "tpr": [
            0.993820683222572,
            0.9961510424260096,
            0.996268330369377
        ],
        "f1": [
            0.9961871649160738,
            0.9973579342256996,
            0.9974314818598405
        ],
        "tpr_avg": 0.9954133520059862,
        "tpr_std": 0.0011272043605491126,
        "f1_avg": 0.9969921936672047,
        "f1_std": 0.0005700326196703583
    },
    "0.01": {
        "tpr": [
            0.998688352570829,
            0.9987461729115031,
            0.9987172385644734
        ],
        "f1": [
            0.9970463705277249,
            0.9970309134307505,
            0.9971619438501506
        ],
        "tpr_avg": 0.9987172546822686,
        "tpr_std": 2.360505798560898e-05,
        "f1_avg": 0.9970797426028754,
        "f1_std": 5.84665958870171e-05
    },
    "0.03": {
        "tpr": [
            0.9995627841902763,
            0.9995334596880011,
            0.9993294656132474
        ],
        "f1": [
            0.9926620641743737,
            0.9931911688010662,
            0.9928457639391746
        ],
        "tpr_avg": 0.999475236497175,
        "tpr_std": 0.00010376847485045023,
        "f1_avg": 0.9928996656382049,
        "f1_std": 0.0002193429147333673
    },
    "0.1": {
        "tpr": [
            0.9999708522793518,
            1.0,
            1.0
        ],
        "f1": [
            0.9766561334585931,
            0.9766481560586644,
            0.9774731772651496
        ],
        "tpr_avg": 0.9999902840931173,
        "tpr_std": 1.374036728432261e-05,
        "f1_avg": 0.9769258222608023,
        "f1_std": 0.000387052137155846
    },
    "auc": [
        0.9999289539820849,
        0.9999334465615936,
        0.9999272717863642
    ],
    "auc_avg": 0.9999298907766808,
    "auc_std": 2.6064216043622563e-06
}