{
    "0.0001": {
        "tpr": [
            0.0,
            0.3429094164817626
        ],
        "f1": [
            0.0,
            0.5106814690280878
        ],
        "tpr_avg": 0.1714547082408813,
        "f1_avg": 0.2553407345140439
    },
    "0.0003": {
        "tpr": [
            0.0,
            0.4461831912491728
        ],
        "f1": [
            0.0,
            0.6169995155299564
        ],
        "tpr_avg": 0.2230915956245864,
        "f1_avg": 0.3084997577649782
    },
    "0.001": {
        "tpr": [
            0.0,
            0.47818132274514386
        ],
        "f1": [
            0.0,
            0.6467816243253917
        ],
        "tpr_avg": 0.23909066137257193,
        "f1_avg": 0.32339081216269583
    },
    "0.003": {
        "tpr": [
            0.0,
            0.5211958425785356
        ],
        "f1": [
            0.0,
            0.6845967020324684
        ],
        "tpr_avg": 0.2605979212892678,
        "f1_avg": 0.3422983510162342
    },
    "0.01": {
        "tpr": [
            0.0,
            0.5857760130795282
        ],
        "f1": [
            0.0,
            0.7365638766519824
        ],
        "tpr_avg": 0.2928880065397641,
        "f1_avg": 0.3682819383259912
    },
    "0.03": {
        "tpr": [
            0.0,
            0.755693098213243
        ],
        "f1": [
            0.0,
            0.8538253469091548
        ],
        "tpr_avg": 0.3778465491066215,
        "f1_avg": 0.4269126734545774
    },
    "0.1": {
        "tpr": [
            0.0,
            0.8905368056366538
        ],
        "f1": [
            0.0,
            0.9186996767263016
        ],
        "tpr_avg": 0.4452684028183269,
        "f1_avg": 0.4593498383631508
    },
    "epoch_time_avg": 617.6872826814651
}