{
    "0.0001": {
        "tpr": [
            0.8253760055963624,
            0.8507432235499854,
            0.0
        ],
        "f1": [
            0.9043208890875993,
            0.9193385826771653,
            0.0
        ],
        "tpr_avg": 0.5587064097154493,
        "tpr_std": 0.39520080392084417,
        "f1_avg": 0.607886490588255,
        "f1_std": 0.4298843812468386
    },
    "0.0003": {
        "tpr": [
            0.9219132563833509,
            0.8792771786651122,
            0.9195590036749693
        ],
        "f1": [
            0.959312112342852,
            0.9357029868800596,
            0.9580357956789937
        ],
        "tpr_avg": 0.9069164795744774,
        "tpr_std": 0.01956755550262661,
        "f1_avg": 0.9510169649673017,
        "f1_std": 0.010841146609069542
    },
    "0.001": {
        "tpr": [
            0.9569196688818934,
            0.9498979889245118,
            0.9553170390246748
        ],
        "f1": [
            0.9777526282872205,
            0.9740723582946038,
            0.9769148174659985
        ],
        "tpr_avg": 0.9540448989436934,
        "tpr_std": 0.0030044137137665897,
        "f1_avg": 0.9762466013492744,
        "f1_std": 0.001575009288570764
    },
    "0.003": {
        "tpr": [
            0.9759822781858458,
            0.9790731565141358,
            0.9693752552062066
        ],
        "f1": [
            0.9871316755354432,
            0.9887124545628467,
            0.9837356262301876
        ],
        "tpr_avg": 0.9748102299687295,
        "tpr_std": 0.004044963552536103,
        "f1_avg": 0.9865265854428258,
        "f1_std": 0.002076343834456357
    },
    "0.01": {
        "tpr": [
            0.9872915937973651,
            0.987467210725736,
            0.9873126057282856
        ],
        "f1": [
            0.9912353862136576,
            0.991324448085673,
            0.9912445095168375
        ],
        "tpr_avg": 0.9873571367504622,
        "tpr_std": 7.830532265721139e-05,
        "f1_avg": 0.9912681146053894,
        "f1_std": 4.000753608907282e-05
    },
    "0.03": {
        "tpr": [
            0.9941704558703509,
            0.994258233751093,
            0.9944000466662778
        ],
        "f1": [
            0.9899432585003409,
            0.9900021765943554,
            0.9900541576524908
        ],
        "tpr_avg": 0.9942762454292405,
        "tpr_std": 9.459139779723882e-05,
        "f1_avg": 0.9899998642490623,
        "f1_std": 4.530390485346241e-05
    },
    "0.1": {
        "tpr": [
            0.9981636935991606,
            0.9984552608568931,
            0.9984541795485038
        ],
        "f1": [
            0.976085965112302,
            0.9761219546944009,
            0.9761195306596713
        ],
        "tpr_avg": 0.9983577113348524,
        "tpr_std": 0.00013719196679402377,
        "f1_avg": 0.976109150155458,
        "f1_std": 1.6424141899551107e-05
    },
    "auc": [
        0.9991703872999924,
        0.9992768521218865,
        0.999132260369133
    ],
    "auc_avg": 0.9991931665970041,
    "auc_std": 6.118750428172354e-05,
    "epoch_time_avg": 0.027222909116744996
}