{
    "0.0001": {
        "tpr": [
            0.0,
            0.0,
            0.0
        ],
        "f1": [
            0.0,
            0.0,
            0.0
        ],
        "tpr_avg": 0.0,
        "tpr_std": 0.0,
        "f1_avg": 0.0,
        "f1_std": 0.0
    },
    "0.0003": {
        "tpr": [
            0.0,
            0.0,
            0.0
        ],
        "f1": [
            0.0,
            0.0,
            0.0
        ],
        "tpr_avg": 0.0,
        "tpr_std": 0.0,
        "f1_avg": 0.0,
        "f1_std": 0.0
    },
    "0.001": {
        "tpr": [
            0.0,
            0.0,
            0.0
        ],
        "f1": [
            0.0,
            0.0,
            0.0
        ],
        "tpr_avg": 0.0,
        "tpr_std": 0.0,
        "f1_avg": 0.0,
        "f1_std": 0.0
    },
    "0.003": {
        "tpr": [
            0.0,
            0.9181899910098891,
            0.926580761162721
        ],
        "f1": [
            0.0,
            0.9545171339563862,
            0.9590570719602978
        ],
        "tpr_avg": 0.6149235840575367,
        "tpr_std": 0.4348301292294607,
        "f1_avg": 0.6378580686388946,
        "f1_std": 0.45103757386354965
    },
    "0.01": {
        "tpr": [
            0.955201443174985,
            0.9541504345220257,
            0.9559484566976326
        ],
        "f1": [
            0.9672705130156797,
            0.9668994837534163,
            0.9678398058252428
        ],
        "tpr_avg": 0.955100111464881,
        "tpr_std": 0.0007375283147549663,
        "f1_avg": 0.9673366008647796,
        "f1_std": 0.0003867187630479459
    },
    "0.03": {
        "tpr": [
            0.9690318701142514,
            0.9661372490260713,
            0.9652382379382679
        ],
        "f1": [
            0.9552459988144636,
            0.955684007707129,
            0.9533816782595826
        ],
        "tpr_avg": 0.9668024523595302,
        "tpr_std": 0.0016185966921581421,
        "f1_avg": 0.9547705615937251,
        "f1_std": 0.0009982353210899963
    },
    "0.1": {
        "tpr": [
            0.9834636199639206,
            0.9862151633203476,
            0.9838178004195385
        ],
        "f1": [
            0.9006057268722467,
            0.9025092554504319,
            0.9014277869302582
        ],
        "tpr_avg": 0.9844988612346022,
        "tpr_std": 0.001222192179633496,
        "f1_avg": 0.9015142564176456,
        "f1_std": 0.0007795139473538352
    },
    "auc": [
        0.9920400172558231,
        0.9943962811551148,
        0.9939495191039519
    ],
    "auc_avg": 0.9934619391716301,
    "auc_std": 0.0010218595903477821
}