{
    "0.0001": {
        "tpr": [
            0.0,
            0.0,
            0.0
        ],
        "f1": [
            0.0,
            0.0,
            0.0
        ],
        "tpr_avg": 0.0,
        "tpr_std": 0.0,
        "f1_avg": 0.0,
        "f1_std": 0.0
    },
    "0.0003": {
        "tpr": [
            0.0,
            0.0,
            0.6601421414423861
        ],
        "f1": [
            0.0,
            0.0,
            0.7952280701754387
        ],
        "tpr_avg": 0.2200473804807954,
        "tpr_std": 0.3111939898406135,
        "f1_avg": 0.2650760233918129,
        "f1_std": 0.3748741073406296
    },
    "0.001": {
        "tpr": [
            0.0,
            0.0,
            0.8664219969707562
        ],
        "f1": [
            0.0,
            0.0,
            0.9281992074141105
        ],
        "tpr_avg": 0.2888073323235854,
        "tpr_std": 0.408435246284808,
        "f1_avg": 0.30939973580470354,
        "f1_std": 0.4375573025696642
    },
    "0.003": {
        "tpr": [
            0.9248133457769482,
            0.9458639598646599,
            0.9296865897704765
        ],
        "f1": [
            0.9602398328437756,
            0.9714799281006591,
            0.9628936889103415
        ],
        "tpr_avg": 0.9334546318040283,
        "tpr_std": 0.00899743274282173,
        "f1_avg": 0.9648711499515921,
        "f1_std": 0.004797061563999468
    },
    "0.01": {
        "tpr": [
            0.9666355576294914,
            0.9728153074320383,
            0.9729115693813352
        ],
        "f1": [
            0.9806497425883188,
            0.983834808259587,
            0.9838875961000323
        ],
        "tpr_avg": 0.9707874781476216,
        "tpr_std": 0.0029361141647165374,
        "f1_avg": 0.9827907156493128,
        "f1_std": 0.0015140499496275686
    },
    "0.03": {
        "tpr": [
            0.9855926271581894,
            0.9871076887177692,
            0.9880577886519865
        ],
        "f1": [
            0.9857363707960214,
            0.9864171621779176,
            0.98687923661013
        ],
        "tpr_avg": 0.9869193681759817,
        "tpr_std": 0.0010151695318087806,
        "f1_avg": 0.986344256528023,
        "f1_std": 0.00046941239339160407
    },
    "0.1": {
        "tpr": [
            0.9941670555296314,
            0.9952164274880411,
            0.9963299545613422
        ],
        "f1": [
            0.9744161449847069,
            0.9745508554454314,
            0.9749465583582727
        ],
        "tpr_avg": 0.9952378125263381,
        "tpr_std": 0.0008831293016847017,
        "f1_avg": 0.9746378529294702,
        "f1_std": 0.00022510887497120618
    },
    "auc": [
        0.997029697736704,
        0.9975398264832065,
        0.9978107442028423
    ],
    "auc_avg": 0.9974600894742509,
    "auc_std": 0.00032380744125139665
}