{
    "0.0001": {
        "tpr": [
            0.9394310364929462,
            0.9496939667735355,
            0.9458087849267923
        ],
        "f1": [
            0.9687551661431641,
            0.9741834217804022,
            0.9721352019785655
        ],
        "tpr_avg": 0.944977929397758,
        "tpr_std": 0.004230813567834123,
        "f1_avg": 0.9716912633007105,
        "f1_std": 0.00223819882615066
    },
    "0.0003": {
        "tpr": [
            0.9534510901247523,
            0.9596036141066744,
            0.9576503529137257
        ],
        "f1": [
            0.976112677737493,
            0.9793271661857877,
            0.9783088016208807
        ],
        "tpr_avg": 0.9569016857150509,
        "tpr_std": 0.0025669391328727825,
        "f1_avg": 0.9779162151813873,
        "f1_std": 0.0013413493406294978
    },
    "0.001": {
        "tpr": [
            0.9621371108779293,
            0.9635966190614981,
            0.9626961441987983
        ],
        "f1": [
            0.9804702003475265,
            0.9812278332616083,
            0.9807603737984518
        ],
        "tpr_avg": 0.9628099580460753,
        "tpr_std": 0.0006012521536205525,
        "f1_avg": 0.9808194691358622,
        "f1_std": 0.0003121122685859093
    },
    "0.003": {
        "tpr": [
            0.9678209164043372,
            0.9701253278927426,
            0.9685585953450387
        ],
        "f1": [
            0.9829339411790826,
            0.9841227603335109,
            0.9833434506447934
        ],
        "tpr_avg": 0.9688349465473728,
        "tpr_std": 0.0009608522492202332,
        "f1_avg": 0.9834667173857956,
        "f1_std": 0.0004930982069607467
    },
    "0.01": {
        "tpr": [
            0.9853678442345809,
            0.9860973477120373,
            0.986320947325439
        ],
        "f1": [
            0.9902457599812532,
            0.9906303985008638,
            0.990742097090792
        ],
        "tpr_avg": 0.9859287130906856,
        "tpr_std": 0.0004069640459873435,
        "f1_avg": 0.9905394185243029,
        "f1_std": 0.00021259609384554978
    },
    "0.03": {
        "tpr": [
            0.996793750728693,
            0.996881375692218,
            0.9966458612844893
        ],
        "f1": [
            0.9912751094234615,
            0.9913051039040085,
            0.9911820159535895
        ],
        "tpr_avg": 0.9967736625684669,
        "tpr_std": 9.71919396449125e-05,
        "f1_avg": 0.9912540764270198,
        "f1_std": 5.240515934573412e-05
    },
    "0.1": {
        "tpr": [
            0.9999708522793518,
            0.9999417079568639,
            1.0
        ],
        "f1": [
            0.9768229834002449,
            0.9767263099457659,
            0.9766421694297271
        ],
        "tpr_avg": 0.9999708534120719,
        "tpr_std": 2.3797626971446022e-05,
        "f1_avg": 0.9767304875919126,
        "f1_std": 7.387607880359055e-05
    },
    "auc": [
        0.9995344723259889,
        0.9995505270774624,
        0.9995557881941226
    ],
    "auc_avg": 0.9995469291991913,
    "auc_std": 9.06642541150142e-06,
    "epoch_time_avg": 0.029110299205780028
}