{
    "0.0001": {
        "tpr": [
            0.0,
            0.0,
            0.0
        ],
        "f1": [
            0.0,
            0.0,
            0.0
        ],
        "tpr_avg": 0.0,
        "tpr_std": 0.0,
        "f1_avg": 0.0,
        "f1_std": 0.0
    },
    "0.0003": {
        "tpr": [
            0.0,
            0.0,
            0.0
        ],
        "f1": [
            0.0,
            0.0,
            0.0
        ],
        "tpr_avg": 0.0,
        "tpr_std": 0.0,
        "f1_avg": 0.0,
        "f1_std": 0.0
    },
    "0.001": {
        "tpr": [
            0.0,
            0.0,
            0.7730979843877432
        ],
        "f1": [
            0.0,
            0.0,
            0.8718016094596814
        ],
        "tpr_avg": 0.25769932812924773,
        "tpr_std": 0.3644418848548166,
        "f1_avg": 0.2906005364865605,
        "f1_std": 0.41097121993219127
    },
    "0.003": {
        "tpr": [
            0.0,
            0.8125656282814141,
            0.8276243737620879
        ],
        "f1": [
            0.0,
            0.8959284749469352,
            0.904990922699621
        ],
        "tpr_avg": 0.5467300006811673,
        "tpr_std": 0.3866453686842633,
        "f1_avg": 0.6003064658821854,
        "f1_std": 0.4244968957285688
    },
    "0.01": {
        "tpr": [
            0.8547013532431171,
            0.867168358417921,
            0.8811604334148899
        ],
        "f1": [
            0.9192885598669971,
            0.926485711614572,
            0.9344535738555632
        ],
        "tpr_avg": 0.8676767150253092,
        "tpr_std": 0.01080785364798153,
        "f1_avg": 0.9267426151123774,
        "f1_std": 0.006193755558288235
    },
    "0.03": {
        "tpr": [
            0.9071395240317313,
            0.9174542060436355,
            0.9250844692997786
        ],
        "f1": [
            0.9442049663044139,
            0.949898831274726,
            0.9539829388441667
        ],
        "tpr_avg": 0.9165593997917151,
        "tpr_std": 0.007353265661806804,
        "f1_avg": 0.9493622454744356,
        "f1_std": 0.004009832081924406
    },
    "0.1": {
        "tpr": [
            0.9790013999066729,
            0.9841325399603313,
            0.9838051963183037
        ],
        "f1": [
            0.9659578141636213,
            0.9686217092986535,
            0.9685152262430463
        ],
        "tpr_avg": 0.9823130453951027,
        "tpr_std": 0.0023454971535222897,
        "f1_avg": 0.9676982499017738,
        "f1_std": 0.0012314414532737803
    },
    "auc": [
        0.9890491533841055,
        0.9919136058628917,
        0.9927920909930728
    ],
    "auc_avg": 0.9912516167466899,
    "auc_std": 0.0015981380162828113
}