{
    "0.0001": {
        "tpr": [
            0.6252476978668843,
            0.6353284671532847,
            0.7870580697769235
        ],
        "f1": [
            0.7694183461235029,
            0.7770041064095697,
            0.8808421876018513
        ],
        "tpr_avg": 0.6825447449323642,
        "tpr_std": 0.07401658273612156,
        "f1_avg": 0.8090882133783079,
        "f1_std": 0.05083214568514761
    },
    "0.0003": {
        "tpr": [
            0.823697400629444,
            0.8734598540145986,
            0.8867144271652396
        ],
        "f1": [
            0.9032691017160388,
            0.9323983169705469,
            0.9398981324278437
        ],
        "tpr_avg": 0.8612905606030941,
        "tpr_std": 0.027127540556351696,
        "f1_avg": 0.9251885170381432,
        "f1_std": 0.015798889919243345
    },
    "0.001": {
        "tpr": [
            0.9377549830982632,
            0.928992700729927,
            0.9327275904246025
        ],
        "f1": [
            0.9676449362521049,
            0.9629562375158889,
            0.9649603808261276
        ],
        "tpr_avg": 0.9331584247509309,
        "tpr_std": 0.003590135720570187,
        "f1_avg": 0.9651871848647072,
        "f1_std": 0.0019208598792702935
    },
    "0.003": {
        "tpr": [
            0.953665928429887,
            0.9538102189781021,
            0.9564913506901974
        ],
        "f1": [
            0.9755850350275749,
            0.9756884296039663,
            0.9770638107987506
        ],
        "tpr_avg": 0.9546558326993955,
        "tpr_std": 0.0012992432827083557,
        "f1_avg": 0.9761124251434307,
        "f1_std": 0.0006740542057670159
    },
    "0.01": {
        "tpr": [
            0.9782025877141858,
            0.9802627737226277,
            0.976818684838954
        ],
        "f1": [
            0.986626693707198,
            0.9876448785079719,
            0.9859204608918021
        ],
        "tpr_avg": 0.9784280154252558,
        "tpr_std": 0.0014150501285231307,
        "f1_avg": 0.986730677702324,
        "f1_std": 0.0007078199074957633
    },
    "0.03": {
        "tpr": [
            0.9867700198158293,
            0.9836496350364964,
            0.9860795620012813
        ],
        "f1": [
            0.9863101479669113,
            0.9875131902919451,
            0.9860795620012813
        ],
        "tpr_avg": 0.9854997389512024,
        "tpr_std": 0.0013382442153372382,
        "f1_avg": 0.9866343000867125,
        "f1_std": 0.0006285583857932881
    },
    "0.1": {
        "tpr": [
            0.9961533978319151,
            0.9965547445255475,
            0.9960976177995224
        ],
        "f1": [
            0.9747084485757463,
            0.9747822361844923,
            0.9750840982952278
        ],
        "tpr_avg": 0.996268586718995,
        "tpr_std": 0.00020362149639567472,
        "f1_avg": 0.9748582610184888,
        "f1_std": 0.00016250745516184574
    },
    "auc": [
        0.9983723669837595,
        0.9984139227998597,
        0.9982405952360224
    ],
    "auc_avg": 0.9983422950065473,
    "auc_std": 7.388664271049492e-05,
    "epoch_time_avg": 184.00378717316522
}