{
    "0.0001": {
        "tpr": [
            0.9348574094593807,
            0.8897952049407172,
            0.8234985269667182
        ],
        "f1": [
            0.9663175344736644,
            0.9416697496608706,
            0.9031927826476421
        ],
        "tpr_avg": 0.882717047122272,
        "tpr_std": 0.045736749746644385,
        "f1_avg": 0.9370600222607256,
        "f1_std": 0.025975896048734112
    },
    "0.0003": {
        "tpr": [
            0.9460547034466671,
            0.9014769714801759,
            0.91928944374763
        ],
        "f1": [
            0.9722359569080475,
            0.9481569997242394,
            0.95788945792745
        ],
        "tpr_avg": 0.9222737062248244,
        "tpr_std": 0.01832071530114977,
        "f1_avg": 0.9594274715199123,
        "f1_std": 0.009890168826427778
    },
    "0.001": {
        "tpr": [
            0.9621216539336327,
            0.9575844087744341,
            0.9549047632937607
        ],
        "f1": [
            0.9805349182763745,
            0.9781289055525799,
            0.976742798323214
        ],
        "tpr_avg": 0.9582036086672758,
        "tpr_std": 0.002978638839855024,
        "f1_avg": 0.9784688740507228,
        "f1_std": 0.001566679582128332
    },
    "0.003": {
        "tpr": [
            0.9800256604653875,
            0.9771608354939261,
            0.9721144590613423
        ],
        "f1": [
            0.9891982575935955,
            0.9877499337436321,
            0.9851461002970779
        ],
        "tpr_avg": 0.976433651673552,
        "tpr_std": 0.0032704101827652726,
        "f1_avg": 0.9873647638781019,
        "f1_std": 0.0016765563034415734
    },
    "0.01": {
        "tpr": [
            0.9839038898932758,
            0.9847641798001573,
            0.9827027973047866
        ],
        "f1": [
            0.9906926216271763,
            0.9899406984405886,
            0.9889916336415675
        ],
        "tpr_avg": 0.9837902889994066,
        "tpr_std": 0.0008453809083764516,
        "f1_avg": 0.9898749845697775,
        "f1_std": 0.0006959783360656721
    },
    "0.03": {
        "tpr": [
            0.993205808596256,
            0.9946106563346637,
            0.9920952075372633
        ],
        "f1": [
            0.9895125210621114,
            0.990182856977132,
            0.9889077878087429
        ],
        "tpr_avg": 0.9933038908227276,
        "tpr_std": 0.0010292669739343674,
        "f1_avg": 0.9895343886159954,
        "f1_std": 0.0005207744159606957
    },
    "0.1": {
        "tpr": [
            0.9987169767306234,
            0.9985434206309902,
            0.9983373683749963
        ],
        "f1": [
            0.9760615559988601,
            0.975968793599271,
            0.9757808156690567
        ],
        "tpr_avg": 0.9985325885788701,
        "tpr_std": 0.0001551636253128334,
        "f1_avg": 0.9759370550890626,
        "f1_std": 0.00011678836405286853
    },
    "auc": [
        0.9993266199138813,
        0.9992943401089216,
        0.9991364937276109
    ],
    "auc_avg": 0.9992524845834713,
    "auc_std": 8.306987193308566e-05
}