{
    "0.0001": {
        "tpr": [
            0.0,
            0.8259108131740017,
            0.7555853701219156
        ],
        "f1": [
            0.0,
            0.9046418081981866,
            0.8607788410419989
        ],
        "tpr_avg": 0.5271653944319724,
        "tpr_std": 0.3738662254515474,
        "f1_avg": 0.5884735497467285,
        "f1_std": 0.4164987627317138
    },
    "0.0003": {
        "tpr": [
            0.0,
            0.8373943456718158,
            0.8985300122498979
        ],
        "f1": [
            0.0,
            0.9114442065191529,
            0.9464952301949399
        ],
        "tpr_avg": 0.5786414526405713,
        "tpr_std": 0.40992181406334827,
        "f1_avg": 0.6193131455713643,
        "f1_std": 0.4381542519656013
    },
    "0.001": {
        "tpr": [
            0.9537134196105864,
            0.9438939084814922,
            0.953887884267631
        ],
        "f1": [
            0.9760754131615059,
            0.9709043486081755,
            0.9761666691539689
        ],
        "tpr_avg": 0.9504984041199033,
        "tpr_std": 0.004670626757190933,
        "f1_avg": 0.9743821436412167,
        "f1_std": 0.0024594546323558333
    },
    "0.003": {
        "tpr": [
            0.9654890987524776,
            0.9726610317691635,
            0.9673336055532871
        ],
        "f1": [
            0.9817281901572295,
            0.9854276476059707,
            0.9826817380483251
        ],
        "tpr_avg": 0.9684945786916428,
        "tpr_std": 0.0030408386748773807,
        "f1_avg": 0.9832791919371751,
        "f1_std": 0.001568270749528108
    },
    "0.01": {
        "tpr": [
            0.9837647195989274,
            0.9862139317983095,
            0.9865542787143441
        ],
        "f1": [
            0.9894317165765212,
            0.9906750010979197,
            0.990874870007177
        ],
        "tpr_avg": 0.9855109767038602,
        "tpr_std": 0.0012425831731276852,
        "f1_avg": 0.9903271958938727,
        "f1_std": 0.0006384352230650051
    },
    "0.03": {
        "tpr": [
            0.9916346041739535,
            0.9936170212765958,
            0.9922708977425189
        ],
        "f1": [
            0.988666414809218,
            0.9896796481500297,
            0.988982558139535
        ],
        "tpr_avg": 0.9925075077310228,
        "tpr_std": 0.0008264311252637115,
        "f1_avg": 0.989109540366261,
        "f1_std": 0.00042328384106595857
    },
    "0.1": {
        "tpr": [
            0.9976681823481404,
            0.9976974642961236,
            0.9978708510762411
        ],
        "f1": [
            0.9756153177419584,
            0.975561793750089,
            0.9755492507948276
        ],
        "tpr_avg": 0.9977454992401684,
        "tpr_std": 8.943962665592115e-05,
        "f1_avg": 0.9755754540956251,
        "f1_std": 2.864919028430801e-05
    },
    "auc": [
        0.9988250208473036,
        0.9990433657381097,
        0.9990358101150858
    ],
    "auc_avg": 0.998968065566833,
    "auc_std": 0.00010119491324092344,
    "epoch_time_avg": 0.027893778204917907
}