{
    "0.0001": {
        "tpr": [
            0.04130753713552173,
            0.0,
            0.003015075376884422
        ],
        "f1": [
            0.07933782415356844,
            0.0,
            0.0060120240480961915
        ],
        "tpr_avg": 0.014774204170802052,
        "f1_avg": 0.02844994940055488
    },
    "0.001": {
        "tpr": [
            0.11663304602970842,
            0.09591547363124914,
            0.04120603015075377
        ],
        "f1": [
            0.2088327039894927,
            0.1749833110814419,
            0.07912280701754386
        ],
        "tpr_avg": 0.0845848499372371,
        "f1_avg": 0.1543129406961595
    },
    "0.01": {
        "tpr": [
            0.2936456996148909,
            0.1292594794858894,
            0.1752398355413431
        ],
        "f1": [
            0.45261818952724187,
            0.22814240736255748,
            0.2972491282448664
        ],
        "tpr_avg": 0.1993816715473745,
        "f1_avg": 0.32600324171155526
    },
    "0.1": {
        "tpr": [
            0.5369521364386576,
            0.23839363307871747,
            0.5182731841023298
        ],
        "f1": [
            0.6813659898772471,
            0.3732855863921218,
            0.665747315298398
        ],
        "tpr_avg": 0.431206317873235,
        "f1_avg": 0.5734662971892557
    },
    "epoch_time_avg": 45.373924255371094
}