{
    "0.0001": {
        "tpr": [
            0.01898037777370255,
            0.0,
            0.0
        ],
        "f1": [
            0.037253666876630974,
            0.0,
            0.0
        ],
        "tpr_avg": 0.0063267925912341835,
        "f1_avg": 0.012417888958876992
    },
    "0.001": {
        "tpr": [
            0.08353200073354117,
            0.08754516763481682,
            0.18606669712197352
        ],
        "f1": [
            0.15413247610185266,
            0.16094177002312382,
            0.31365754110353855
        ],
        "tpr_avg": 0.11904795516344384,
        "f1_avg": 0.209577262409505
    },
    "0.01": {
        "tpr": [
            0.2722354667155694,
            0.2993184832822577,
            0.3074463225216994
        ],
        "f1": [
            0.4266724150319753,
            0.4593570124947353,
            0.4689241917502787
        ],
        "tpr_avg": 0.2930000908398422,
        "f1_avg": 0.4516512064256631
    },
    "0.1": {
        "tpr": [
            0.4718045112781955,
            0.47422586104377257,
            0.8332115121059844
        ],
        "f1": [
            0.624491777413678,
            0.6268250657477101,
            0.8902284263959391
        ],
        "tpr_avg": 0.5930806281426508,
        "f1_avg": 0.7138484231857758
    },
    "epoch_time_avg": 45.035596794552276
}