{
    "0.0001": {
        "tpr": [
            0.004813863928112966,
            0.0,
            0.010004568296025583
        ],
        "f1": [
            0.009581603321622485,
            0.0,
            0.019810936722601657
        ],
        "tpr_avg": 0.004939477408046182,
        "f1_avg": 0.009797513348074714
    },
    "0.001": {
        "tpr": [
            0.05492389510361269,
            0.050907926634039244,
            0.07053449063499315
        ],
        "f1": [
            0.10409244938743592,
            0.09684998259658895,
            0.13172937462673834
        ],
        "tpr_avg": 0.05878877079088169,
        "f1_avg": 0.11089060220358775
    },
    "0.01": {
        "tpr": [
            0.1216761415734458,
            0.1229017060787632,
            0.07318410232983097
        ],
        "f1": [
            0.2162030059875361,
            0.21814491577024558,
            0.13591244591499108
        ],
        "tpr_avg": 0.10592064999401334,
        "f1_avg": 0.1900867892242576
    },
    "0.1": {
        "tpr": [
            0.4482395011920044,
            0.2981292594794859,
            0.13672910004568295
        ],
        "f1": [
            0.6027000369868081,
            0.445964900277103,
            0.2326467158958414
        ],
        "tpr_avg": 0.2943659535723911,
        "f1_avg": 0.42710388438658414
    },
    "epoch_time_avg": 45.84188148710463
}