{
    "0.0001": {
        "tpr": [
            0.9426664334849015,
            0.9429612357913145,
            0.9393921717319023
        ],
        "f1": [
            0.9704726181545387,
            0.9706288251530062,
            0.9687344913151366
        ],
        "tpr_avg": 0.9416732803360395,
        "tpr_std": 0.0016174711636518918,
        "f1_avg": 0.9699453115408939,
        "f1_std": 0.000858550860819044
    },
    "0.0003": {
        "tpr": [
            0.9698321091290661,
            0.9503060332264646,
            0.9713294055882867
        ],
        "f1": [
            0.9846267662942961,
            0.9744616626070325,
            0.9853978962318583
        ],
        "tpr_avg": 0.9638225159812724,
        "tpr_std": 0.00957712391474126,
        "f1_avg": 0.9814954417110623,
        "f1_std": 0.004983586172517795
    },
    "0.001": {
        "tpr": [
            0.9858050600443046,
            0.9790731565141358,
            0.9864084465962784
        ],
        "f1": [
            0.9926186807542741,
            0.9891928502017139,
            0.9929244590587475
        ],
        "tpr_avg": 0.983762221051573,
        "tpr_std": 0.003324807113198519,
        "f1_avg": 0.9915786633382452,
        "f1_std": 0.001691636945822107
    },
    "0.003": {
        "tpr": [
            0.9906435816719132,
            0.9881958612649373,
            0.9926208948258765
        ],
        "f1": [
            0.99460076379439,
            0.9933493495839681,
            0.9955972910907309
        ],
        "tpr_avg": 0.9904867792542423,
        "tpr_std": 0.0018099117386399515,
        "f1_avg": 0.9945158014896963,
        "f1_std": 0.0009196826261890074
    },
    "0.01": {
        "tpr": [
            0.9968228984493412,
            0.9975225881667152,
            0.9982791810068249
        ],
        "f1": [
            0.9960535321615285,
            0.9963754930930582,
            0.9967674296697536
        ],
        "tpr_avg": 0.9975415558742937,
        "tpr_std": 0.0005946761316077102,
        "f1_avg": 0.9963988183081134,
        "f1_std": 0.0002919137570191454
    },
    "0.03": {
        "tpr": [
            0.9990672729392561,
            0.9991839113960944,
            0.9994458379513504
        ],
        "f1": [
            0.992399785746341,
            0.9924585655352103,
            0.9928003360808912
        ],
        "tpr_avg": 0.9992323407622337,
        "tpr_std": 0.00015829701981608416,
        "f1_avg": 0.9925528957874808,
        "f1_std": 0.0001766046243206281
    },
    "0.1": {
        "tpr": [
            1.0,
            0.9997085397843194,
            1.0
        ],
        "f1": [
            0.9786347947628148,
            0.9769157374574557,
            0.9767534613412341
        ],
        "tpr_avg": 0.9999028465947731,
        "tpr_std": 0.00013739566330256664,
        "f1_avg": 0.9774346645205015,
        "f1_std": 0.0008512022217076799
    },
    "auc": [
        0.9998564020045122,
        0.999820057309577,
        0.9998948715613624
    ],
    "auc_avg": 0.9998571102918171,
    "auc_std": 3.05468964133315e-05
}