{
    "0.0001": {
        "tpr": [
            0.0,
            0.0,
            0.6508213911219853
        ],
        "f1": [
            0.0,
            0.0,
            0.7884818970993013
        ],
        "tpr_avg": 0.21694046370732845,
        "tpr_std": 0.30680014600241207,
        "f1_avg": 0.2628272990331004,
        "f1_std": 0.3716939308544997
    },
    "0.0003": {
        "tpr": [
            0.0,
            0.714852409287131,
            0.7140859839217057
        ],
        "f1": [
            0.0,
            0.8336621538880197,
            0.8331407598722219
        ],
        "tpr_avg": 0.4763127977362789,
        "tpr_std": 0.3368041545839176,
        "f1_avg": 0.5556009712534139,
        "f1_std": 0.3928692720708612
    },
    "0.001": {
        "tpr": [
            0.8450769948670088,
            0.9052035935130089,
            0.8480135150879646
        ],
        "f1": [
            0.915802781289507,
            0.9500107141763859,
            0.91752544829977
        ],
        "tpr_avg": 0.8660980344893274,
        "tpr_std": 0.02767778107276662,
        "f1_avg": 0.9277796479218877,
        "f1_std": 0.015735461554844454
    },
    "0.003": {
        "tpr": [
            0.9529864675688288,
            0.9514642398786606,
            0.9493766748223232
        ],
        "f1": [
            0.9752283173163016,
            0.9744294419882901,
            0.9733329351688715
        ],
        "tpr_avg": 0.9512757940899376,
        "tpr_std": 0.0014797037495495654,
        "f1_avg": 0.9743302314911544,
        "f1_std": 0.0007769600647204181
    },
    "0.01": {
        "tpr": [
            0.9798763415772281,
            0.9788239411970598,
            0.9808924618431784
        ],
        "f1": [
            0.9874504041146216,
            0.9869129194482839,
            0.9879716012439124
        ],
        "tpr_avg": 0.9798642482058221,
        "tpr_std": 0.0008445133127344639,
        "f1_avg": 0.987444974935606,
        "f1_std": 0.0004322220826437811
    },
    "0.03": {
        "tpr": [
            0.9917172188520765,
            0.9921246062303115,
            0.9916113247116393
        ],
        "f1": [
            0.9887183065829261,
            0.9889515613188347,
            0.9886739850148109
        ],
        "tpr_avg": 0.9918177165980091,
        "tpr_std": 0.00022126805320812136,
        "f1_avg": 0.9887812843055239,
        "f1_std": 0.00012175603009455135
    },
    "0.1": {
        "tpr": [
            0.9956836210919272,
            0.9959164624897912,
            0.9966794826983573
        ],
        "f1": [
            0.9744541173112601,
            0.9745682888540032,
            0.9750106852828038
        ],
        "tpr_avg": 0.9960931887600252,
        "tpr_std": 0.00042533062883165365,
        "f1_avg": 0.9746776971493557,
        "f1_std": 0.00024002723186619342
    },
    "auc": [
        0.9977026864592247,
        0.9983033135826191,
        0.9983567657126964
    ],
    "auc_avg": 0.9981209219181801,
    "auc_std": 0.00029654112350922915,
    "epoch_time_avg": 112.17011945777469
}