{
    "0.0001": {
        "tpr": [
            0.12448084462213252,
            0.26509400910895714
        ],
        "f1": [
            0.22139380760070412,
            0.41907692307692307
        ],
        "tpr_avg": 0.19478742686554484,
        "f1_avg": 0.3202353653388136
    },
    "0.0003": {
        "tpr": [
            0.24216900205721384,
            0.3598816614114991
        ],
        "f1": [
            0.38987658178409623,
            0.5292383433036608
        ],
        "tpr_avg": 0.30102533173435647,
        "f1_avg": 0.4595574625438785
    },
    "0.001": {
        "tpr": [
            0.487986647517758,
            0.5532329012417766
        ],
        "f1": [
            0.6556966646673794,
            0.7121489239095032
        ],
        "tpr_avg": 0.5206097743797673,
        "f1_avg": 0.6839227942884414
    },
    "0.003": {
        "tpr": [
            0.6073438652330863,
            0.6052785238818171
        ],
        "f1": [
            0.7550547700622499,
            0.7534342822531799
        ],
        "tpr_avg": 0.6063111945574517,
        "f1_avg": 0.7542445261577149
    },
    "0.01": {
        "tpr": [
            0.6913402942203936,
            0.6967962941336759
        ],
        "f1": [
            0.8152047051284984,
            0.8189970717423134
        ],
        "tpr_avg": 0.6940682941770348,
        "f1_avg": 0.8171008884354058
    },
    "0.03": {
        "tpr": [
            0.7454877149400303,
            0.8171590953326326
        ],
        "f1": [
            0.8472363139088623,
            0.8922893819603843
        ],
        "tpr_avg": 0.7813234051363315,
        "f1_avg": 0.8697628479346233
    },
    "0.1": {
        "tpr": [
            0.8564996312541241,
            0.9368990618552688
        ],
        "f1": [
            0.899588242488483,
            0.9439541906891007
        ],
        "tpr_avg": 0.8966993465546964,
        "f1_avg": 0.9217712165887919
    },
    "epoch_time_avg": 1785.0509549975395
}