{
    "0.0001": {
        "tpr": [
            0.21243583761082593,
            0.2355034418387586,
            0.002155423511592683
        ],
        "f1": [
            0.35042817280862115,
            0.38122668681240857,
            0.004301575306632564
        ],
        "tpr_avg": 0.15003156765372574,
        "tpr_std": 0.10498744082337601,
        "f1_avg": 0.2453188116425541,
        "f1_std": 0.1708881081769871
    },
    "0.0003": {
        "tpr": [
            0.21243583761082593,
            0.2699801656749504,
            0.2925550506815799
        ],
        "f1": [
            0.35042817280862115,
            0.42513319860371124,
            0.4526363226678685
        ],
        "tpr_avg": 0.2583236846557854,
        "tpr_std": 0.03373106617626974,
        "f1_avg": 0.40939923136006695,
        "f1_std": 0.04318406163027161
    },
    "0.001": {
        "tpr": [
            0.4480284647690154,
            0.49789989499474974,
            0.47454270068740534
        ],
        "f1": [
            0.6186372422680413,
            0.6645902277593927,
            0.6434439178515008
        ],
        "tpr_avg": 0.4734903534837234,
        "tpr_std": 0.020373519809921477,
        "f1_avg": 0.642223795959645,
        "f1_std": 0.018780055767849885
    },
    "0.003": {
        "tpr": [
            0.6701469902006533,
            0.6153891027884728,
            0.5735756728416638
        ],
        "f1": [
            0.8018285235719022,
            0.7613033594342006,
            0.7283621837549933
        ],
        "tpr_avg": 0.6197039219435966,
        "tpr_std": 0.03954295624059768,
        "f1_avg": 0.763831355587032,
        "f1_std": 0.030045730089703043
    },
    "0.01": {
        "tpr": [
            0.8321278581427904,
            0.8094154707735387,
            0.7825934987766515
        ],
        "f1": [
            0.906007875015877,
            0.8923116498922796,
            0.8758924205378972
        ],
        "tpr_avg": 0.8080456092309936,
        "tpr_std": 0.020245502874099503,
        "f1_avg": 0.8914039818153513,
        "f1_std": 0.012311323936583064
    },
    "0.03": {
        "tpr": [
            0.9010732617825479,
            0.8979698984949247,
            0.8827333100314575
        ],
        "f1": [
            0.9410044772028143,
            0.9391415759128763,
            0.9308883155178769
        ],
        "tpr_avg": 0.8939254901029767,
        "tpr_std": 0.008014835701735683,
        "f1_avg": 0.9370114562111892,
        "f1_std": 0.004396001157611757
    },
    "0.1": {
        "tpr": [
            0.9459286047596827,
            0.9437638548594096,
            0.9328323430036118
        ],
        "f1": [
            0.9488064591621811,
            0.9480500454159219,
            0.9468984684524865
        ],
        "tpr_avg": 0.9408416008742346,
        "tpr_std": 0.005731939419386992,
        "f1_avg": 0.9479183243435299,
        "f1_std": 0.0007844828308103438
    },
    "auc": [
        0.9845945892439368,
        0.9830557745143016,
        0.9804948836997532
    ],
    "auc_avg": 0.9827150824859973,
    "auc_std": 0.0016909464176145142
}