{
    "pretrained": {
        "fpr_0.0001": {
            "f1": [
                0.07906026557711951,
                0.09017975017771909,
                0.18281959609624118
            ],
            "tpr": [
                0.04115707752844837,
                0.04721897266829735,
                0.1006061895139849
            ],
            "f1_mean": 0.11735320395035993,
            "f1_std": 0.046513776524770734,
            "tpr_mean": 0.06299407990357687,
            "tpr_std": 0.02671066871970377
        },
        "fpr_0.0003": {
            "f1": [
                0.33789873641424406,
                0.26155268022181144,
                0.2596225018504812
            ],
            "tpr": [
                0.203339359778794,
                0.1504838881208125,
                0.149207699670318
            ],
            "f1_mean": 0.28635797282884556,
            "f1_std": 0.03645334123104715,
            "tpr_mean": 0.16767698252330818,
            "tpr_std": 0.02522249033270028
        },
        "fpr_0.001": {
            "f1": [
                0.3879753340184995,
                0.3899059024807528,
                0.36883612098102087
            ],
            "tpr": [
                0.24088057003084123,
                0.24236945655641817,
                0.22631075188769542
            ],
            "f1_mean": 0.38223911916009107,
            "f1_std": 0.00951006637859697,
            "tpr_mean": 0.2365202594916516,
            "tpr_std": 0.007244755800252601
        },
        "fpr_0.003": {
            "f1": [
                0.49505108556832694,
                0.4636571056062581,
                0.4470801416687258
            ],
            "tpr": [
                0.329788365415293,
                0.30256301180474315,
                0.2886312878868446
            ],
            "f1_mean": 0.4685961109477703,
            "f1_std": 0.019893017116185678,
            "tpr_mean": 0.3069942217022936,
            "tpr_std": 0.01709196640799003
        },
        "fpr_0.01": {
            "f1": [
                0.594069681245367,
                0.5352177942539388,
                0.530419282337441
            ],
            "tpr": [
                0.4261405934276295,
                0.36849941508029355,
                0.3639264064660215
            ],
            "f1_mean": 0.5532355859455823,
            "f1_std": 0.02894044382713252,
            "tpr_mean": 0.38618880499131486,
            "tpr_std": 0.028311801442644443
        },
        "fpr_0.03": {
            "f1": [
                0.6342327030663552,
                0.6065028901734104,
                0.5735631333678527
            ],
            "tpr": [
                0.4762309901095395,
                0.44634691056045944,
                0.41231521854727216
            ],
            "f1_mean": 0.6047662422025395,
            "f1_std": 0.02479867108645689,
            "tpr_mean": 0.44496437307242376,
            "tpr_std": 0.026111811133780746
        },
        "fpr_0.1": {
            "f1": [
                0.7905405405405406,
                0.71861852433281,
                0.6465477216952975
            ],
            "tpr": [
                0.7092417313623312,
                0.6085291928108051,
                0.5183452089758588
            ],
            "f1_mean": 0.7185689288562159,
            "f1_std": 0.05878483259329865,
            "tpr_mean": 0.612038711049665,
            "tpr_std": 0.07797267941834457
        },
        "auc": [
            0.9165400018272263,
            0.8883299430259345,
            0.867346802244948
        ]
    },
    "non_pretrained": {
        "fpr_0.0001": {
            "f1": [
                0.006783253842077371,
                0.06043729372937294,
                0.1354352567915923
            ],
            "tpr": [
                0.003403169201318728,
                0.031160267999574606,
                0.0726363926406466
            ],
            "f1_mean": 0.06755193478768086,
            "f1_std": 0.0527623480256639,
            "tpr_mean": 0.03573327661384664,
            "tpr_std": 0.028448715410830407
        },
        "fpr_0.0003": {
            "f1": [
                0.24418930271632597,
                0.1994831051976644,
                0.2666789531883524
            ],
            "tpr": [
                0.13910454110390302,
                0.11081569711794108,
                0.15388705732213123
            ],
            "f1_mean": 0.23678378703411426,
            "f1_std": 0.02792790413053492,
            "tpr_mean": 0.13460243184799178,
            "tpr_std": 0.01786966252757067
        },
        "fpr_0.001": {
            "f1": [
                0.3623074915165753,
                0.30889487870619947,
                0.3486576592384629
            ],
            "tpr": [
                0.22141869616079973,
                0.18281399553334043,
                0.21131553759438476
            ],
            "f1_mean": 0.33995334315374587,
            "f1_std": 0.022657605649976625,
            "tpr_mean": 0.20518274309617499,
            "tpr_std": 0.01634603119826325
        },
        "fpr_0.003": {
            "f1": [
                0.39376384392571134,
                0.37563539243559924,
                0.4035563082133785
            ],
            "tpr": [
                0.2457726257577369,
                0.23184090183983835,
                0.25342975646070404
            ],
            "f1_mean": 0.39098518152489636,
            "f1_std": 0.011566765840710418,
            "tpr_mean": 0.24368109468609309,
            "tpr_std": 0.008936835294739669
        },
        "fpr_0.01": {
            "f1": [
                0.4958363073994765,
                0.48996815286624207,
                0.46751777634130576
            ],
            "tpr": [
                0.3324470913538232,
                0.32723598851430397,
                0.30766776560672127
            ],
            "f1_mean": 0.48444074553567473,
            "f1_std": 0.012203796517795924,
            "tpr_mean": 0.3224502818249495,
            "tpr_std": 0.01066711418355957
        },
        "fpr_0.03": {
            "f1": [
                0.5751015884743258,
                0.6187781995273222,
                0.5596713965646004
            ],
            "tpr": [
                0.4139104541103903,
                0.4594278421780283,
                0.3984898436669148
            ],
            "f1_mean": 0.5845170615220828,
            "f1_std": 0.025031871532818342,
            "tpr_mean": 0.4239427133184445,
            "tpr_std": 0.025869474730504393
        },
        "fpr_0.1": {
            "f1": [
                0.7299097416744476,
                0.7100771273233025,
                0.6955187623857316
            ],
            "tpr": [
                0.6235244071041157,
                0.5972561948314368,
                0.5785387642241838
            ],
            "f1_mean": 0.7118352104611606,
            "f1_std": 0.014094987438777365,
            "tpr_mean": 0.5997731220532455,
            "tpr_std": 0.018451345177883428
        },
        "auc": [
            0.8869111320655743,
            0.8836899281402582,
            0.872722358112659
        ]
    }
}