{
    "0.0001": {
        "tpr": [
            0.0,
            0.0,
            0.0
        ],
        "f1": [
            0.0,
            0.0,
            0.0
        ],
        "tpr_avg": 0.0,
        "tpr_std": 0.0,
        "f1_avg": 0.0,
        "f1_std": 0.0
    },
    "0.0003": {
        "tpr": [
            0.7172671097120206,
            0.0,
            0.7961558653677886
        ],
        "f1": [
            0.8353021045485405,
            0.0,
            0.8864533099517754
        ],
        "tpr_avg": 0.504474325026603,
        "tpr_std": 0.3581681331446764,
        "f1_avg": 0.5739184715001052,
        "f1_std": 0.40635856120780317
    },
    "0.001": {
        "tpr": [
            0.9099043954762738,
            0.9219469542407461,
            0.8889050924575629
        ],
        "f1": [
            0.9525945591309257,
            0.9591558264350042,
            0.9409530866484509
        ],
        "tpr_avg": 0.9069188140581943,
        "tpr_std": 0.013653483800303682,
        "f1_avg": 0.9509011574047936,
        "f1_std": 0.00752709067253269
    },
    "0.003": {
        "tpr": [
            0.9409175702460068,
            0.9520256484989799,
            0.9400921658986175
        ],
        "f1": [
            0.9688466040397371,
            0.974710174119332,
            0.9684077696155753
        ],
        "tpr_avg": 0.9443451282145348,
        "tpr_std": 0.005441391792792367,
        "f1_avg": 0.9706548492582149,
        "f1_std": 0.0028731386681761957
    },
    "0.01": {
        "tpr": [
            0.9754576192141774,
            0.9762751384436025,
            0.9714169048591261
        ],
        "f1": [
            0.9851923812888221,
            0.9856257999970576,
            0.9831158864159631
        ],
        "tpr_avg": 0.9743832208389686,
        "tpr_std": 0.0021238890887272243,
        "f1_avg": 0.9846446892339475,
        "f1_std": 0.0010954120948666048
    },
    "0.03": {
        "tpr": [
            0.9902355135828378,
            0.9914019236374235,
            0.9907542437146357
        ],
        "f1": [
            0.9879749320227414,
            0.9885495073963207,
            0.9882322137693281
        ],
        "tpr_avg": 0.990797226978299,
        "tpr_std": 0.0004771539056922363,
        "f1_avg": 0.9882522177294635,
        "f1_std": 0.0002349955088886729
    },
    "0.1": {
        "tpr": [
            0.9974058528623062,
            0.9975225881667152,
            0.9973166890275914
        ],
        "f1": [
            0.9753865887550773,
            0.9754185963662274,
            0.9757169353688114
        ],
        "tpr_avg": 0.9974150433522043,
        "tpr_std": 8.430880816541403e-05,
        "f1_avg": 0.9755073734967055,
        "f1_std": 0.0001487576451219127
    },
    "auc": [
        0.9984537543703675,
        0.9986246502800942,
        0.9984282991082373
    ],
    "auc_avg": 0.998502234586233,
    "auc_std": 8.718254477499244e-05,
    "epoch_time_avg": 0.027056392900149027
}