{
    "0.0001": {
        "tpr": [
            0.0,
            0.0,
            0.0
        ],
        "f1": [
            0.0,
            0.0,
            0.0
        ],
        "tpr_avg": 0.0,
        "tpr_std": 0.0,
        "f1_avg": 0.0,
        "f1_std": 0.0
    },
    "0.0003": {
        "tpr": [
            0.0,
            0.7883560844708902,
            0.0
        ],
        "f1": [
            0.0,
            0.8815969730576033,
            0.0
        ],
        "tpr_avg": 0.26278536149029674,
        "tpr_std": 0.37163462221269405,
        "f1_avg": 0.29386565768586775,
        "f1_std": 0.4155887986150436
    },
    "0.001": {
        "tpr": [
            0.7691903873075129,
            0.8489674483724187,
            0.800069905627403
        ],
        "f1": [
            0.869310128877023,
            0.9180834621329212,
            0.8887019541866185
        ],
        "tpr_avg": 0.8060759137691115,
        "tpr_std": 0.03284457305133913,
        "f1_avg": 0.8920318483988542,
        "f1_std": 0.020050364183246797
    },
    "0.003": {
        "tpr": [
            0.8905156322911806,
            0.9011200560028001,
            0.8650238844226961
        ],
        "f1": [
            0.9413904732542007,
            0.9472909575935977,
            0.9269328006492088
        ],
        "tpr_avg": 0.8855531909055591,
        "tpr_std": 0.015148218136453662,
        "f1_avg": 0.9385380771656692,
        "f1_std": 0.008552417246116075
    },
    "0.01": {
        "tpr": [
            0.9448203453103127,
            0.9504725236261813,
            0.9372596994058021
        ],
        "f1": [
            0.9692436572522739,
            0.9722230509890504,
            0.9652338242793294
        ],
        "tpr_avg": 0.944184189447432,
        "tpr_std": 0.005412836698138212,
        "f1_avg": 0.9689001775068845,
        "f1_std": 0.0028636580628733106
    },
    "0.03": {
        "tpr": [
            0.9757932804479701,
            0.9775405436938513,
            0.9774554351625306
        ],
        "f1": [
            0.9807416092627876,
            0.9815199882852541,
            0.9814863560586119
        ],
        "tpr_avg": 0.9769297531014507,
        "tpr_std": 0.0008043583092991262,
        "f1_avg": 0.9812493178688846,
        "f1_std": 0.00035926666344641365
    },
    "0.1": {
        "tpr": [
            0.9946336910872609,
            0.9920662699801657,
            0.9929511825701969
        ],
        "f1": [
            0.973954763536669,
            0.9727719940510239,
            0.9731380777026062
        ],
        "tpr_avg": 0.9932170478792077,
        "tpr_std": 0.0010648712151213608,
        "f1_avg": 0.9732882784300997,
        "f1_std": 0.0004944061137351091
    },
    "auc": [
        0.9965075422126054,
        0.9964798575974793,
        0.9961476611682444
    ],
    "auc_avg": 0.996378353659443,
    "auc_std": 0.0001635152971442205
}