{
    "0.0001": {
        "tpr": [
            0.0,
            0.0,
            0.0
        ],
        "f1": [
            0.0,
            0.0,
            0.0
        ],
        "tpr_avg": 0.0,
        "tpr_std": 0.0,
        "f1_avg": 0.0,
        "f1_std": 0.0
    },
    "0.0003": {
        "tpr": [
            0.9311321832514566,
            0.9097871950100899,
            0.9141623054596979
        ],
        "f1": [
            0.964281066243892,
            0.9527171433374155,
            0.955099506942206
        ],
        "tpr_avg": 0.9183605612404149,
        "tpr_std": 0.009205836715774893,
        "f1_avg": 0.9573659055078378,
        "f1_std": 0.004985545780250222
    },
    "0.001": {
        "tpr": [
            0.9636239003770136,
            0.966221794166208,
            0.9719816257970153
        ],
        "f1": [
            0.981292319147451,
            0.9826259328358208,
            0.9856090100111234
        ],
        "tpr_avg": 0.9672757734467456,
        "tpr_std": 0.0034924726476511874,
        "f1_avg": 0.9831757539981316,
        "f1_std": 0.0018046573979608215
    },
    "0.003": {
        "tpr": [
            0.9862218667885296,
            0.9822280315538433,
            0.9876591173983591
        ],
        "f1": [
            0.9924922680708693,
            0.9904499838135318,
            0.9932202610774039
        ],
        "tpr_avg": 0.9853696719135773,
        "tpr_std": 0.002297658292159819,
        "f1_avg": 0.9920541709872683,
        "f1_std": 0.001172619807859446
    },
    "0.01": {
        "tpr": [
            0.9946075631212156,
            0.9916070445789763,
            0.9943094819114656
        ],
        "f1": [
            0.9954036130802653,
            0.9938290757403385,
            0.9952192510922525
        ],
        "tpr_avg": 0.9935080298705525,
        "tpr_std": 0.0013496967340834419,
        "f1_avg": 0.9948173133042855,
        "f1_std": 0.0007028311545707103
    },
    "0.03": {
        "tpr": [
            0.9973951787958414,
            0.9968354430379747,
            0.9979431862330599
        ],
        "f1": [
            0.9929595887216934,
            0.9925790615367052,
            0.9932105855727786
        ],
        "tpr_avg": 0.9973912693556253,
        "tpr_std": 0.00045224271459509094,
        "f1_avg": 0.9929164119437258,
        "f1_std": 0.00025962001418918017
    },
    "0.1": {
        "tpr": [
            0.9995887124414486,
            0.9993120528343423,
            0.9995200767877139
        ],
        "f1": [
            0.9830565605267296,
            0.9809893634982273,
            0.981618224666143
        ],
        "tpr_avg": 0.9994736140211683,
        "tpr_std": 0.00011762716822616954,
        "f1_avg": 0.9818880495637,
        "f1_std": 0.0008652282917120538
    },
    "auc": [
        0.9995386661923061,
        0.9994370408174645,
        0.9995780378551372
    ],
    "auc_avg": 0.9995179149549692,
    "auc_std": 5.940258999053137e-05,
    "epoch_time_avg": 0.026944672306378682
}