{
    "0.0001": {
        "tpr": [
            0.0,
            0.0,
            0.0
        ],
        "f1": [
            0.0,
            0.0,
            0.0
        ],
        "tpr_avg": 0.0,
        "tpr_std": 0.0,
        "f1_avg": 0.0,
        "f1_std": 0.0
    },
    "0.0003": {
        "tpr": [
            0.0,
            0.0,
            0.0
        ],
        "f1": [
            0.0,
            0.0,
            0.0
        ],
        "tpr_avg": 0.0,
        "tpr_std": 0.0,
        "f1_avg": 0.0,
        "f1_std": 0.0
    },
    "0.001": {
        "tpr": [
            0.9073394495412844,
            0.9280411713804254,
            0.0
        ],
        "f1": [
            0.951235933442339,
            0.9624958669878608,
            0.0
        ],
        "tpr_avg": 0.6117935403072366,
        "tpr_std": 0.43268590786159816,
        "f1_avg": 0.6379106001434,
        "f1_std": 0.4510943337095889
    },
    "0.003": {
        "tpr": [
            0.9627522935779816,
            0.9585098146377009,
            0.9546038151137197
        ],
        "f1": [
            0.9804498633592601,
            0.9782467230640512,
            0.9762021992450353
        ],
        "tpr_avg": 0.9586219744431341,
        "tpr_std": 0.0033275476642818298,
        "f1_avg": 0.9782995952227823,
        "f1_std": 0.0017345045797373994
    },
    "0.01": {
        "tpr": [
            0.9820642201834863,
            0.9817370314706017,
            0.9806493030080704
        ],
        "f1": [
            0.9890054049059916,
            0.9888980640425726,
            0.9882853115829848
        ],
        "tpr_avg": 0.9814835182207194,
        "tpr_std": 0.0006048136788692758,
        "f1_avg": 0.9887295935105165,
        "f1_std": 0.00031719640454902373
    },
    "0.03": {
        "tpr": [
            0.9887614678899083,
            0.9889784578949765,
            0.9889490095377843
        ],
        "f1": [
            0.9886027472653472,
            0.9887533011565431,
            0.988654335419102
        ],
        "tpr_avg": 0.988896311774223,
        "tpr_std": 9.610395860091749e-05,
        "f1_avg": 0.9886701279469975,
        "f1_std": 6.246957388229547e-05
    },
    "0.1": {
        "tpr": [
            0.9948623853211009,
            0.9963565150066038,
            0.9961940572267058
        ],
        "f1": [
            0.9785678834092857,
            0.9795159954330744,
            0.9789122696345695
        ],
        "tpr_avg": 0.9958043191848036,
        "tpr_std": 0.0006693418086720826,
        "f1_avg": 0.9789987161589765,
        "f1_std": 0.0003918620961509688
    },
    "auc": [
        0.9980358152671004,
        0.9981002083607147,
        0.9976533357166149
    ],
    "auc_avg": 0.9979297864481435,
    "auc_std": 0.0001972399094981644
}