{
    "0.0001": {
        "tpr": [
            0.1407543430103766,
            0.18907024191197902,
            0.4822959808668261
        ],
        "f1": [
            0.24677415233666353,
            0.3180135794298601,
            0.6507290006493123
        ],
        "tpr_avg": 0.27070685526306054,
        "tpr_std": 0.15091073537468438,
        "f1_avg": 0.405172244138612,
        "f1_std": 0.17605369350320987
    },
    "0.0003": {
        "tpr": [
            0.6230033811355952,
            0.30011658408627223,
            0.5173248556262031
        ],
        "f1": [
            0.7676615307258557,
            0.461635022752236,
            0.681838276279624
        ],
        "tpr_avg": 0.48014827361602347,
        "tpr_std": 0.13441365162478194,
        "f1_avg": 0.6370449432525719,
        "f1_std": 0.12888725799029757
    },
    "0.001": {
        "tpr": [
            0.7504080680890755,
            0.7028854561352376,
            0.7085982616811527
        ],
        "f1": [
            0.8571809086217517,
            0.8252968755347182,
            0.8292233390787924
        ],
        "tpr_avg": 0.7206305953018219,
        "tpr_std": 0.02118462415681208,
        "f1_avg": 0.8372337077450874,
        "f1_std": 0.014195595469516403
    },
    "0.003": {
        "tpr": [
            0.8611402588317594,
            0.8279218886621976,
            0.8275097707519105
        ],
        "f1": [
            0.9246803649395158,
            0.9051541464191826,
            0.9049069481876028
        ],
        "tpr_avg": 0.8388573060819557,
        "tpr_std": 0.015757325232633408,
        "f1_avg": 0.9115804865154337,
        "f1_std": 0.009263562589908281
    },
    "0.01": {
        "tpr": [
            0.8890054797714819,
            0.8850480909355873,
            0.8821384821793151
        ],
        "f1": [
            0.9389093259862397,
            0.9366584925739138,
            0.9350027050003865
        ],
        "tpr_avg": 0.8853973509621281,
        "tpr_std": 0.00281429694089668,
        "f1_avg": 0.9368568411868466,
        "f1_std": 0.0016010264438720465
    },
    "0.03": {
        "tpr": [
            0.9163460417395359,
            0.9216554940250655,
            0.9182173481887651
        ],
        "f1": [
            0.9492722990518752,
            0.9521114038389161,
            0.9502852485737572
        ],
        "tpr_avg": 0.9187396279844555,
        "tpr_std": 0.0021988107439884666,
        "f1_avg": 0.9505563171548496,
        "f1_std": 0.0011748014384542562
    },
    "0.1": {
        "tpr": [
            0.9746706307566748,
            0.970824832410376,
            0.9720585661786152
        ],
        "f1": [
            0.9637988182735264,
            0.9618122229761921,
            0.9624025411492926
        ],
        "tpr_avg": 0.9725180097818886,
        "tpr_std": 0.001603300252300526,
        "f1_avg": 0.9626711941330037,
        "f1_std": 0.0008329750048632551
    },
    "auc": [
        0.9916239685000678,
        0.9913228104749324,
        0.9910206661072641
    ],
    "auc_avg": 0.9913224816940881,
    "auc_std": 0.0002462972802168172,
    "epoch_time_avg": 0.025809821565945943
}