{
    "0.0001": {
        "tpr": [
            0.14238217452169855,
            0.18918445922296115,
            0.0
        ],
        "f1": [
            0.2492724023487363,
            0.3181751287711552,
            0.0
        ],
        "tpr_avg": 0.11052221124821988,
        "tpr_std": 0.0804528136972707,
        "f1_avg": 0.18914917703996384,
        "f1_std": 0.13667468628896956
    },
    "0.0003": {
        "tpr": [
            0.14238217452169855,
            0.26688834441722087,
            0.49627169987183967
        ],
        "f1": [
            0.2492724023487363,
            0.42130951284648677,
            0.6632927161599252
        ],
        "tpr_avg": 0.301847406270253,
        "tpr_std": 0.1465743293631145,
        "f1_avg": 0.4446248771183828,
        "f1_std": 0.1698252233335344
    },
    "0.001": {
        "tpr": [
            0.7051446570228651,
            0.5770621864426555,
            0.6907258534312012
        ],
        "f1": [
            0.8268527068157723,
            0.731602692108572,
            0.8168509524301609
        ],
        "tpr_avg": 0.6576442322989072,
        "tpr_std": 0.05728336035323604,
        "f1_avg": 0.7917687837848351,
        "f1_std": 0.04273934731520744
    },
    "0.003": {
        "tpr": [
            0.8147456836210919,
            0.8075487107688718,
            0.8095654200163113
        ],
        "f1": [
            0.8972250770811923,
            0.8928375632880777,
            0.8940714768231093
        ],
        "tpr_avg": 0.810619938135425,
        "tpr_std": 0.0030312935529849985,
        "f1_avg": 0.8947113723974597,
        "f1_std": 0.0018474611553422086
    },
    "0.01": {
        "tpr": [
            0.8816495566962202,
            0.8777855559444638,
            0.8612955842945357
        ],
        "f1": [
            0.9347268173525866,
            0.9325689494886892,
            0.9231105422533014
        ],
        "tpr_avg": 0.8735768989784066,
        "tpr_std": 0.008826310789361202,
        "f1_avg": 0.930135436364859,
        "f1_std": 0.005044862164516722
    },
    "0.03": {
        "tpr": [
            0.9094727018198787,
            0.9147707385369268,
            0.9073750436910172
        ],
        "f1": [
            0.945485416287672,
            0.9483806586228795,
            0.944343397599127
        ],
        "tpr_avg": 0.9105394946826076,
        "tpr_std": 0.0031120851340572797,
        "f1_avg": 0.9460698241698928,
        "f1_std": 0.0016992191487227386
    },
    "0.1": {
        "tpr": [
            0.9659939337377508,
            0.966690001166725,
            0.9671443551205872
        ],
        "f1": [
            0.9601692949907236,
            0.9596641088750543,
            0.9599861223545738
        ],
        "tpr_avg": 0.9666094300083543,
        "tpr_std": 0.00047310049897295655,
        "f1_avg": 0.9599398420734505,
        "f1_std": 0.00020882153653601704
    },
    "auc": [
        0.9902521698383374,
        0.9896499602501482,
        0.9893360600416871
    ],
    "auc_avg": 0.9897460633767242,
    "auc_std": 0.00038012379394346144
}