{
    "0.0001": {
        "tpr": [
            0.0,
            0.0,
            0.0
        ],
        "f1": [
            0.0,
            0.0,
            0.0
        ],
        "tpr_avg": 0.0,
        "tpr_std": 0.0,
        "f1_avg": 0.0,
        "f1_std": 0.0
    },
    "0.0003": {
        "tpr": [
            0.0,
            0.7160450795863832,
            0.6146493079990617
        ],
        "f1": [
            0.0,
            0.8344729537607475,
            0.7612856364626839
        ],
        "tpr_avg": 0.44356479586181496,
        "tpr_std": 0.31636747801662257,
        "f1_avg": 0.5319195300744771,
        "f1_std": 0.3773087910534388
    },
    "0.001": {
        "tpr": [
            0.6641452344931922,
            0.8983966538863716,
            0.8831808585503167
        ],
        "f1": [
            0.7979865067990353,
            0.9462477437513385,
            0.937733499377335
        ],
        "tpr_avg": 0.8152409156432935,
        "tpr_std": 0.10702120896840023,
        "f1_avg": 0.8939892499759029,
        "f1_std": 0.0679731226904074
    },
    "0.003": {
        "tpr": [
            0.8531944606074712,
            0.9326710816777042,
            0.9478067088904527
        ],
        "f1": [
            0.9200891036300317,
            0.9644670050761421,
            0.972501353872074
        ],
        "tpr_avg": 0.9112240837252094,
        "tpr_std": 0.041495780284834374,
        "f1_avg": 0.9523524875260826,
        "f1_std": 0.023048241371257827
    },
    "0.01": {
        "tpr": [
            0.970441056674037,
            0.9705472289996514,
            0.9722613183204316
        ],
        "f1": [
            0.982648401826484,
            0.9827068995941416,
            0.9835083348163967
        ],
        "tpr_avg": 0.9710832013313734,
        "tpr_std": 0.0008341813833982716,
        "f1_avg": 0.9829545454123408,
        "f1_std": 0.000392315795619347
    },
    "0.03": {
        "tpr": [
            0.9901664145234493,
            0.9860578598814919,
            0.9888576120103214
        ],
        "f1": [
            0.9879818857408267,
            0.9861437908496732,
            0.9873810569462743
        ],
        "tpr_avg": 0.9883606288050876,
        "tpr_std": 0.0017137287885778925,
        "f1_avg": 0.9871689111789248,
        "f1_std": 0.0007652461813797376
    },
    "0.1": {
        "tpr": [
            0.9956359827766786,
            0.9953526199604973,
            0.9954257565095004
        ],
        "f1": [
            0.9750135331490926,
            0.9746857045338188,
            0.9738940845716908
        ],
        "tpr_avg": 0.9954714530822254,
        "tpr_std": 0.0001201103769251964,
        "f1_avg": 0.9745311074182007,
        "f1_std": 0.00046990529576342765
    },
    "auc": [
        0.997026361861111,
        0.9977859136350676,
        0.9978136048446732
    ],
    "auc_avg": 0.9975419601136174,
    "auc_std": 0.0003647582480337483,
    "epoch_time_avg": 70.1287603934606
}