{
    "0.0001": {
        "tpr": [
            0.18394596902534643,
            0.25528436295690765
        ],
        "f1": [
            0.31072353538996167,
            0.40672289754403373
        ],
        "tpr_avg": 0.21961516599112704,
        "f1_avg": 0.3587232164669977
    },
    "0.0003": {
        "tpr": [
            0.25858789737220045,
            0.286581805442018
        ],
        "f1": [
            0.41087948686320463,
            0.44545289526229803
        ],
        "tpr_avg": 0.2725848514071092,
        "f1_avg": 0.42816619106275133
    },
    "0.001": {
        "tpr": [
            0.3324923339673175,
            0.44910272879442564
        ],
        "f1": [
            0.4988788911214001,
            0.6196358558461786
        ],
        "tpr_avg": 0.3907975313808716,
        "f1_avg": 0.5592573734837893
    },
    "0.003": {
        "tpr": [
            0.5584753328416722,
            0.5820000778543345
        ],
        "f1": [
            0.716052454773932,
            0.7351082921552718
        ],
        "tpr_avg": 0.5702377053480033,
        "f1_avg": 0.7255803734646019
    },
    "0.01": {
        "tpr": [
            0.6157279819896752,
            0.6299972750982911
        ],
        "f1": [
            0.759922393350739,
            0.7707400704829032
        ],
        "tpr_avg": 0.6228626285439831,
        "f1_avg": 0.7653312319168211
    },
    "0.03": {
        "tpr": [
            0.6669254357023638,
            0.7648020553544319
        ],
        "f1": [
            0.793369349402041,
            0.8596932636138885
        ],
        "tpr_avg": 0.7158637455283978,
        "f1_avg": 0.8265313065079647
    },
    "0.1": {
        "tpr": [
            0.7317470791445095,
            0.8967651523998599
        ],
        "f1": [
            0.8224233831388372,
            0.9221624001761304
        ],
        "tpr_avg": 0.8142561157721847,
        "f1_avg": 0.8722928916574838
    },
    "epoch_time_avg": 919.3517894347509
}