{
    "pretrained": {
        "fpr_0.0001": {
            "f1": [
                0.8037810094232829,
                0.7704220756650514,
                0.7244996369268378
            ],
            "tpr": [
                0.6812172586842177,
                0.6394996088803873,
                0.5817803468588333
            ],
            "f1_mean": 0.7662342406717241,
            "f1_std": 0.03250166639500732,
            "tpr_mean": 0.6341657381411462,
            "tpr_std": 0.04076978040280585
        },
        "fpr_0.001": {
            "f1": [
                0.8037810094232829,
                0.7704220756650514,
                0.7244996369268378
            ],
            "tpr": [
                0.6812172586842177,
                0.6394996088803873,
                0.5817803468588333
            ],
            "f1_mean": 0.7662342406717241,
            "f1_std": 0.03250166639500732,
            "tpr_mean": 0.6341657381411462,
            "tpr_std": 0.04076978040280585
        },
        "fpr_0.01": {
            "f1": [
                0.8494734996978411,
                0.8356131577380045,
                0.8199438137838376
            ],
            "tpr": [
                0.7449607514419435,
                0.7236033550812259,
                0.7052755829256946
            ],
            "f1_mean": 0.8350101570732278,
            "f1_std": 0.01206298180098147,
            "tpr_mean": 0.724613229816288,
            "tpr_std": 0.01621713158517162
        },
        "fpr_0.1": {
            "f1": [
                0.8968841229113338,
                0.9013633731836468,
                0.9146704151142743
            ],
            "tpr": [
                0.8731331879581162,
                0.884521403145705,
                0.9006794701413534
            ],
            "f1_mean": 0.9043059704030849,
            "f1_std": 0.007553463063565798,
            "tpr_mean": 0.8861113537483916,
            "tpr_std": 0.011301780765846002
        }
    },
    "non_pretrained": {
        "fpr_0.0001": {
            "f1": [
                0.7792551610808852,
                0.7739277859843581,
                0.7269651742994752
            ],
            "tpr": [
                0.6458194290485275,
                0.6400273484900804,
                0.5867344952109161
            ],
            "f1_mean": 0.7600493737882394,
            "f1_std": 0.023494941628842005,
            "tpr_mean": 0.6241937575831747,
            "tpr_std": 0.026593035459234603
        },
        "fpr_0.001": {
            "f1": [
                0.7792551610808852,
                0.7739277859843581,
                0.7269651742994752
            ],
            "tpr": [
                0.6458194290485275,
                0.6400273484900804,
                0.5867344952109161
            ],
            "f1_mean": 0.7600493737882394,
            "f1_std": 0.023494941628842005,
            "tpr_mean": 0.6241937575831747,
            "tpr_std": 0.026593035459234603
        },
        "fpr_0.01": {
            "f1": [
                0.8381772541649296,
                0.8488120495436977,
                0.8091139385231533
            ],
            "tpr": [
                0.7304557598855856,
                0.7460484616437504,
                0.6928086960721478
            ],
            "f1_mean": 0.8320344140772602,
            "f1_std": 0.01677867432003845,
            "tpr_mean": 0.7231043058671612,
            "tpr_std": 0.022348021040926733
        },
        "fpr_0.1": {
            "f1": [
                0.9133706964228817,
                0.9153616272690995,
                0.9123897735978612
            ],
            "tpr": [
                0.8998019502512558,
                0.9061277599817352,
                0.9007474640047921
            ],
            "f1_mean": 0.9137073657632809,
            "f1_std": 0.001236389432820888,
            "tpr_mean": 0.9022257247459278,
            "tpr_std": 0.0027860256400643836
        }
    },
    "full_data": {
        "fpr_0.0001": {
            "f1": [
                0.8296600413411398,
                0.8099067237195479,
                0.8057910554328396
            ],
            "tpr": [
                0.7142108429291016,
                0.6920648480630165,
                0.6837223143482828
            ],
            "f1_mean": 0.8151192734978423,
            "f1_std": 0.010418257322798203,
            "tpr_mean": 0.6966660017801337,
            "tpr_std": 0.012865083375873311
        },
        "fpr_0.001": {
            "f1": [
                0.8296600413411398,
                0.8099067237195479,
                0.8057910554328396
            ],
            "tpr": [
                0.7142108429291016,
                0.6920648480630165,
                0.6837223143482828
            ],
            "f1_mean": 0.8151192734978423,
            "f1_std": 0.010418257322798203,
            "tpr_mean": 0.6966660017801337,
            "tpr_std": 0.012865083375873311
        },
        "fpr_0.01": {
            "f1": [
                0.8652567493957345,
                0.8734215195037409,
                0.8582003824810187
            ],
            "tpr": [
                0.7682748126868045,
                0.7817391800793926,
                0.7598846949865673
            ],
            "f1_mean": 0.8656262171268313,
            "f1_std": 0.006219492630398002,
            "tpr_mean": 0.7699662292509215,
            "tpr_std": 0.00900186266514353
        },
        "fpr_0.1": {
            "f1": [
                0.92029307635151,
                0.9236486099557627,
                0.9013809524088953
            ],
            "tpr": [
                0.9163001498010102,
                0.9199943052605284,
                0.8836738472607176
            ],
            "f1_mean": 0.9151075462387227,
            "f1_std": 0.009802361452531357,
            "tpr_mean": 0.9066561007740854,
            "tpr_std": 0.01632073688194053
        }
    }
}