{
    "0.0001": {
        "tpr": [
            0.9183280867436167,
            0.0,
            0.9141048824593129
        ],
        "f1": [
            0.9574109245612702,
            0.0,
            0.9551106235143536
        ],
        "tpr_avg": 0.6108109897343098,
        "tpr_std": 0.43191203405999395,
        "f1_avg": 0.6375071826918747,
        "f1_std": 0.4507866301137934
    },
    "0.0003": {
        "tpr": [
            0.9789261979713186,
            0.922879626930924,
            0.9537420521495654
        ],
        "f1": [
            0.9892926049751831,
            0.9598350965473339,
            0.9762651141961487
        ],
        "tpr_avg": 0.9518492923506026,
        "tpr_std": 0.022920026702848453,
        "f1_avg": 0.9751309385728885,
        "f1_std": 0.01205268895177891
    },
    "0.001": {
        "tpr": [
            0.9840561968054098,
            0.9762751384436025,
            0.9794085049291256
        ],
        "f1": [
            0.9917309245795697,
            0.9877620830998791,
            0.9893784711480385
        ],
        "tpr_avg": 0.9799132800593792,
        "tpr_std": 0.0031965935782282224,
        "f1_avg": 0.989623826275829,
        "f1_std": 0.001629534703891056
    },
    "0.003": {
        "tpr": [
            0.9883700594613501,
            0.9868259982512387,
            0.9875459371171907
        ],
        "f1": [
            0.9934519885739398,
            0.99265578961256,
            0.9930199137754055
        ],
        "tpr_avg": 0.9875806649432599,
        "tpr_std": 0.0006308384746088847,
        "f1_avg": 0.9930425639873017,
        "f1_std": 0.0003254412088225148
    },
    "0.01": {
        "tpr": [
            0.9932668765302554,
            0.9922180122413291,
            0.9938458846176282
        ],
        "f1": [
            0.9942522028359689,
            0.9937095903206503,
            0.9945275446917184
        ],
        "tpr_avg": 0.9931102577964043,
        "tpr_std": 0.0006737403996715124,
        "f1_avg": 0.9941631126161127,
        "f1_std": 0.000339818715143734
    },
    "0.03": {
        "tpr": [
            0.9985134662469395,
            0.998979889245118,
            0.9987458437846352
        ],
        "f1": [
            0.9921225636421559,
            0.992399565689468,
            0.9922631121414083
        ],
        "tpr_avg": 0.9987463997588976,
        "tpr_std": 0.0001904167974698398,
        "f1_avg": 0.9922617471576775,
        "f1_std": 0.00011308973115542272
    },
    "0.1": {
        "tpr": [
            1.0,
            0.9998251238705916,
            0.9999708335763868
        ],
        "f1": [
            0.979389095061376,
            0.9765846298378716,
            0.9765441417320592
        ],
        "tpr_avg": 0.9999319858156595,
        "tpr_std": 7.649521355117259e-05,
        "f1_avg": 0.9775059555437688,
        "f1_std": 0.001331683309138724
    },
    "auc": [
        0.9997672401517046,
        0.9996343238838308,
        0.9997640504529351
    ],
    "auc_avg": 0.9997218714961568,
    "auc_std": 6.191920468134743e-05,
    "epoch_time_avg": 0.02751359054247538
}