{
    "0.0001": {
        "tpr": [
            0.0,
            0.0,
            0.0
        ],
        "f1": [
            0.0,
            0.0,
            0.0
        ],
        "tpr_avg": 0.0,
        "tpr_std": 0.0,
        "f1_avg": 0.0,
        "f1_std": 0.0
    },
    "0.0003": {
        "tpr": [
            0.0,
            0.0,
            0.0
        ],
        "f1": [
            0.0,
            0.0,
            0.0
        ],
        "tpr_avg": 0.0,
        "tpr_std": 0.0,
        "f1_avg": 0.0,
        "f1_std": 0.0
    },
    "0.001": {
        "tpr": [
            0.0,
            0.0,
            0.0
        ],
        "f1": [
            0.0,
            0.0,
            0.0
        ],
        "tpr_avg": 0.0,
        "tpr_std": 0.0,
        "f1_avg": 0.0,
        "f1_std": 0.0
    },
    "0.003": {
        "tpr": [
            0.0,
            0.9268463423171158,
            0.8875101945706629
        ],
        "f1": [
            0.0,
            0.9613359956434925,
            0.9397070161912104
        ],
        "tpr_avg": 0.6047855122959263,
        "tpr_std": 0.4279493506184793,
        "f1_avg": 0.633681003944901,
        "f1_std": 0.44816712973212725
    },
    "0.01": {
        "tpr": [
            0.9649440037330844,
            0.9574145373935363,
            0.9628335080974019
        ],
        "f1": [
            0.979774349255234,
            0.9758591984778214,
            0.9786830885836096
        ],
        "tpr_avg": 0.9617306830746742,
        "tpr_std": 0.0031712650591062927,
        "f1_avg": 0.9781055454388884,
        "f1_std": 0.0016497006729463482
    },
    "0.03": {
        "tpr": [
            0.9790013999066729,
            0.9790572861976432,
            0.9799021321216358
        ],
        "f1": [
            0.982267220694095,
            0.982381175368766,
            0.9827646646412714
        ],
        "tpr_avg": 0.979320272741984,
        "tpr_std": 0.00041206882325343984,
        "f1_avg": 0.9824710202347108,
        "f1_std": 0.00021278580011848785
    },
    "0.1": {
        "tpr": [
            0.994050396640224,
            0.9950997549877494,
            0.9948735873237796
        ],
        "f1": [
            0.9735782227427233,
            0.9741583621255817,
            0.974215630347975
        ],
        "tpr_avg": 0.9946745796505843,
        "tpr_std": 0.0004509185261761154,
        "f1_avg": 0.97398407173876,
        "f1_std": 0.0002879293524599504
    },
    "auc": [
        0.9957974669602525,
        0.996672708043273,
        0.9964535568337761
    ],
    "auc_avg": 0.9963079106124338,
    "auc_std": 0.00037186140311965845
}