{
    "0.0001": {
        "tpr": [
            0.5,
            0.95,
            0.75
        ],
        "f1": [
            0.6666666666666666,
            0.9743589743589743,
            0.8571428571428571
        ],
        "tpr_avg": 0.7333333333333334,
        "tpr_std": 0.18408935028645432,
        "f1_avg": 0.8327228327228328,
        "f1_std": 0.12679614149691987
    },
    "0.0003": {
        "tpr": [
            0.5,
            0.95,
            0.75
        ],
        "f1": [
            0.6666666666666666,
            0.9743589743589743,
            0.8571428571428571
        ],
        "tpr_avg": 0.7333333333333334,
        "tpr_std": 0.18408935028645432,
        "f1_avg": 0.8327228327228328,
        "f1_std": 0.12679614149691987
    },
    "0.001": {
        "tpr": [
            0.5,
            0.95,
            0.75
        ],
        "f1": [
            0.6666666666666666,
            0.9743589743589743,
            0.8571428571428571
        ],
        "tpr_avg": 0.7333333333333334,
        "tpr_std": 0.18408935028645432,
        "f1_avg": 0.8327228327228328,
        "f1_std": 0.12679614149691987
    },
    "0.003": {
        "tpr": [
            0.5,
            0.95,
            0.75
        ],
        "f1": [
            0.6666666666666666,
            0.9743589743589743,
            0.8571428571428571
        ],
        "tpr_avg": 0.7333333333333334,
        "tpr_std": 0.18408935028645432,
        "f1_avg": 0.8327228327228328,
        "f1_std": 0.12679614149691987
    },
    "0.01": {
        "tpr": [
            0.5,
            0.95,
            0.75
        ],
        "f1": [
            0.6666666666666666,
            0.9743589743589743,
            0.8571428571428571
        ],
        "tpr_avg": 0.7333333333333334,
        "tpr_std": 0.18408935028645432,
        "f1_avg": 0.8327228327228328,
        "f1_std": 0.12679614149691987
    },
    "0.03": {
        "tpr": [
            0.5,
            0.95,
            0.75
        ],
        "f1": [
            0.6666666666666666,
            0.9743589743589743,
            0.8571428571428571
        ],
        "tpr_avg": 0.7333333333333334,
        "tpr_std": 0.18408935028645432,
        "f1_avg": 0.8327228327228328,
        "f1_std": 0.12679614149691987
    },
    "0.1": {
        "tpr": [
            0.65,
            1.0,
            1.0
        ],
        "f1": [
            0.7647058823529412,
            0.975609756097561,
            0.9795918367346939
        ],
        "tpr_avg": 0.8833333333333333,
        "tpr_std": 0.1649915822768611,
        "f1_avg": 0.906635825061732,
        "f1_std": 0.10037279086665082
    },
    "auc": [
        0.9192307692307692,
        0.9961538461538462,
        0.9750000000000001
    ],
    "auc_avg": 0.9634615384615385,
    "auc_std": 0.03244628393549687,
    "epoch_time_avg": 0.0002974792242050171
}