{
    "0.0001": {
        "tpr": [
            0.3333333333333333,
            0.75,
            0.375
        ],
        "f1": [
            0.5,
            0.8571428571428571,
            0.5454545454545454
        ],
        "tpr_avg": 0.4861111111111111,
        "tpr_std": 0.18737135504488947,
        "f1_avg": 0.6341991341991342,
        "f1_std": 0.15873343824501387
    },
    "0.0003": {
        "tpr": [
            0.3333333333333333,
            0.75,
            0.375
        ],
        "f1": [
            0.5,
            0.8571428571428571,
            0.5454545454545454
        ],
        "tpr_avg": 0.4861111111111111,
        "tpr_std": 0.18737135504488947,
        "f1_avg": 0.6341991341991342,
        "f1_std": 0.15873343824501387
    },
    "0.001": {
        "tpr": [
            0.3333333333333333,
            0.75,
            0.375
        ],
        "f1": [
            0.5,
            0.8571428571428571,
            0.5454545454545454
        ],
        "tpr_avg": 0.4861111111111111,
        "tpr_std": 0.18737135504488947,
        "f1_avg": 0.6341991341991342,
        "f1_std": 0.15873343824501387
    },
    "0.003": {
        "tpr": [
            0.3333333333333333,
            0.75,
            0.375
        ],
        "f1": [
            0.5,
            0.8571428571428571,
            0.5454545454545454
        ],
        "tpr_avg": 0.4861111111111111,
        "tpr_std": 0.18737135504488947,
        "f1_avg": 0.6341991341991342,
        "f1_std": 0.15873343824501387
    },
    "0.01": {
        "tpr": [
            0.3333333333333333,
            0.75,
            0.375
        ],
        "f1": [
            0.5,
            0.8571428571428571,
            0.5454545454545454
        ],
        "tpr_avg": 0.4861111111111111,
        "tpr_std": 0.18737135504488947,
        "f1_avg": 0.6341991341991342,
        "f1_std": 0.15873343824501387
    },
    "0.03": {
        "tpr": [
            0.3333333333333333,
            0.75,
            0.375
        ],
        "f1": [
            0.5,
            0.8571428571428571,
            0.5454545454545454
        ],
        "tpr_avg": 0.4861111111111111,
        "tpr_std": 0.18737135504488947,
        "f1_avg": 0.6341991341991342,
        "f1_std": 0.15873343824501387
    },
    "0.1": {
        "tpr": [
            0.3333333333333333,
            0.75,
            0.375
        ],
        "f1": [
            0.5,
            0.8571428571428571,
            0.5454545454545454
        ],
        "tpr_avg": 0.4861111111111111,
        "tpr_std": 0.18737135504488947,
        "f1_avg": 0.6341991341991342,
        "f1_std": 0.15873343824501387
    },
    "auc": [
        0.7833333333333333,
        0.9,
        0.71875
    ],
    "auc_avg": 0.8006944444444445,
    "auc_std": 0.07500642976553971
}