{
    "0.0001": {
        "tpr": [
            0.058178984045479554,
            0.0,
            0.0
        ],
        "f1": [
            0.10996057363199167,
            0.0,
            0.0
        ],
        "tpr_avg": 0.01939299468182652,
        "f1_avg": 0.03665352454399722
    },
    "0.001": {
        "tpr": [
            0.09884467265725289,
            0.10030645382609889,
            0.08433074463225217
        ],
        "f1": [
            0.17984651317984648,
            0.18226396276595744,
            0.1554919137466307
        ],
        "tpr_avg": 0.09449395703853464,
        "f1_avg": 0.1725341298974782
    },
    "0.01": {
        "tpr": [
            0.26865945351182835,
            0.347893701687783,
            0.22549109182275012
        ],
        "f1": [
            0.4222510448191383,
            0.5147188197875076,
            0.3668524712002973
        ],
        "tpr_avg": 0.28068141567412047,
        "f1_avg": 0.434607445268981
    },
    "0.1": {
        "tpr": [
            0.49550706033376124,
            0.529021634725335,
            0.4847875742348104
        ],
        "f1": [
            0.6457356235997013,
            0.6748154846990869,
            0.6364208821853728
        ],
        "tpr_avg": 0.5031054230979689,
        "f1_avg": 0.6523239968280538
    },
    "epoch_time_avg": 66.10593734847174
}