{
    "0.0001": {
        "tpr": [
            0.0178800660187053,
            0.0,
            0.0
        ],
        "f1": [
            0.03513197009278444,
            0.0,
            0.0
        ],
        "tpr_avg": 0.005960022006235101,
        "f1_avg": 0.011710656697594813
    },
    "0.001": {
        "tpr": [
            0.06326792591234183,
            0.15931025019439235,
            0.08912745545911376
        ],
        "f1": [
            0.11896551724137931,
            0.2747495464226552,
            0.16361273009350497
        ],
        "tpr_avg": 0.10390187718861599,
        "f1_avg": 0.18577593125251315
    },
    "0.01": {
        "tpr": [
            0.21602787456445993,
            0.3289118602204638,
            0.30274097761534946
        ],
        "f1": [
            0.35417919422730004,
            0.49356532482240295,
            0.4634103702667739
        ],
        "tpr_avg": 0.28256023746675774,
        "f1_avg": 0.437051629772159
    },
    "0.1": {
        "tpr": [
            0.5288831835686778,
            0.5025385354251475,
            0.8419826404751027
        ],
        "f1": [
            0.6745607110487385,
            0.6520474777448071,
            0.8954041974349009
        ],
        "tpr_avg": 0.624468119822976,
        "f1_avg": 0.7406707954094821
    },
    "epoch_time_avg": 49.86367437574599
}