{
    "0.0001": {
        "tpr": [
            0.01659636897120851,
            0.0,
            0.0
        ],
        "f1": [
            0.03265085234959863,
            0.0,
            0.0
        ],
        "tpr_avg": 0.0055321229904028366,
        "f1_avg": 0.01088361744986621
    },
    "0.001": {
        "tpr": [
            0.07390427287731524,
            0.0833828843251155,
            0.24810415714938328
        ],
        "f1": [
            0.13758962103106862,
            0.15387861905967756,
            0.3974532547842951
        ],
        "tpr_avg": 0.13513043811727135,
        "f1_avg": 0.22964049829168043
    },
    "0.01": {
        "tpr": [
            0.26998899688245004,
            0.3041211178703746,
            0.39881224303334856
        ],
        "f1": [
            0.4238825307708918,
            0.46501381263768926,
            0.5686555497655029
        ],
        "tpr_avg": 0.32430745259539107,
        "f1_avg": 0.485850631058028
    },
    "0.1": {
        "tpr": [
            0.78200073354117,
            0.5259570964643462,
            0.6451804476930105
        ],
        "f1": [
            0.8587755513039976,
            0.6722202735882147,
            0.7663049376017362
        ],
        "tpr_avg": 0.6510460925661755,
        "f1_avg": 0.7657669208313161
    },
    "epoch_time_avg": 53.83282425668504
}