{
    "0.0001": {
        "tpr": [
            0.0633596185585916,
            0.0465169464391895,
            0.038647784376427595
        ],
        "f1": [
            0.11916875053893247,
            0.08889860139860141,
            0.07441942294159043
        ],
        "tpr_avg": 0.049508116458069566,
        "f1_avg": 0.09416225829304144
    },
    "0.001": {
        "tpr": [
            0.14725838987713186,
            0.1443992132827151,
            0.12873458200091367
        ],
        "f1": [
            0.2566315116650687,
            0.2522774492568323,
            0.22803042563521608
        ],
        "tpr_avg": 0.1401307283869202,
        "f1_avg": 0.24564646218570574
    },
    "0.01": {
        "tpr": [
            0.2132770951769668,
            0.3206330329780908,
            0.28318867062585656
        ],
        "f1": [
            0.35044634449508455,
            0.48414945783548585,
            0.4400667305576261
        ],
        "tpr_avg": 0.27236626626030475,
        "f1_avg": 0.42488751096273214
    },
    "0.1": {
        "tpr": [
            0.512378507243719,
            0.4732195947491195,
            0.47921425308359983
        ],
        "f1": [
            0.6604615430074167,
            0.625911249584077,
            0.631414211334156
        ],
        "tpr_avg": 0.4882707850254795,
        "f1_avg": 0.6392623346418832
    },
    "epoch_time_avg": 195.30056966675653
}