{
    "auc": [
        0.8954654382528519,
        0.8709952307604807,
        0.9173972606351006
    ],
    "auc_avg": 0.8946193098828111,
    "auc_std": 0.018952995260823925,
    "epoch_time_avg": 0.029683924333254497
}