{
    "0.0001": [
        0.4799771599988529,
        0.6400579370328118
    ],
    "0.001": [
        0.6537078868038856,
        0.7900926203415791
    ],
    "0.01": [
        0.7117720849176005,
        0.8306386297736301
    ],
    "0.1": [
        0.9790752349723603,
        0.9733922761875525
    ],
    "avg_epoch_time": 123.80386358896891
}