{
    "0.0001": {
        "tpr": [
            0.21410550013585375,
            0.20755965588384134
        ],
        "f1": [
            0.3526966974647527,
            0.34375604409773713
        ],
        "tpr_avg": 0.21083257800984756,
        "f1_avg": 0.3482263707812449
    },
    "0.0003": {
        "tpr": [
            0.21856926600163024,
            0.2844408112421659
        ],
        "f1": [
            0.35869669076663374,
            0.4428619049062093
        ],
        "tpr_avg": 0.2515050386218981,
        "f1_avg": 0.4007792978364215
    },
    "0.001": {
        "tpr": [
            0.5256763575670536,
            0.5466542099731403
        ],
        "f1": [
            0.6888956711938552,
            0.7066727053140097
        ],
        "tpr_avg": 0.536165283770097,
        "f1_avg": 0.6977841882539324
    },
    "0.003": {
        "tpr": [
            0.5932927065947289,
            0.7052045622640041
        ],
        "f1": [
            0.7440852886768572,
            0.8264221522740751
        ],
        "tpr_avg": 0.6492486344293664,
        "f1_avg": 0.7852537204754662
    },
    "0.01": {
        "tpr": [
            0.7363272910763498,
            0.7762077153645529
        ],
        "f1": [
            0.8458177278401997,
            0.871655883895786
        ],
        "tpr_avg": 0.7562675032204513,
        "f1_avg": 0.8587368058679928
    },
    "0.03": {
        "tpr": [
            0.8267282536971626,
            0.8488847366577135
        ],
        "f1": [
            0.8981046151251292,
            0.9111496438047089
        ],
        "tpr_avg": 0.837806495177438,
        "f1_avg": 0.9046271294649191
    },
    "0.1": {
        "tpr": [
            0.9221752125140705,
            0.9282183035540503
        ],
        "f1": [
            0.9362574136470216,
            0.9393157511177641
        ],
        "tpr_avg": 0.9251967580340604,
        "f1_avg": 0.9377865823823929
    },
    "epoch_time_avg": 209.62542502085367
}