{
    "0.0001": {
        "tpr": [
            0.04465431872363836,
            0.0,
            0.0
        ],
        "f1": [
            0.08549109102080224,
            0.0,
            0.0
        ],
        "tpr_avg": 0.014884772907879455,
        "f1_avg": 0.028497030340267415
    },
    "0.001": {
        "tpr": [
            0.09801943884100495,
            0.07999817042491882,
            0.07345820009136592
        ],
        "f1": [
            0.17847900492528593,
            0.1480948348856901,
            0.13681613205139112
        ],
        "tpr_avg": 0.08382526978576321,
        "f1_avg": 0.1544633239541224
    },
    "0.01": {
        "tpr": [
            0.39505776636713735,
            0.2893472990897864,
            0.30973047053449065
        ],
        "f1": [
            0.5647899324900046,
            0.44747824856758855,
            0.471586561869653
        ],
        "tpr_avg": 0.33137851199713814,
        "f1_avg": 0.4946182476424153
    },
    "0.1": {
        "tpr": [
            0.5969649734091326,
            0.44417509033526964,
            0.5736409319323892
        ],
        "f1": [
            0.7297130688186505,
            0.5990007401924501,
            0.7115657052190173
        ],
        "tpr_avg": 0.5382603318922637,
        "f1_avg": 0.6800931714100393
    },
    "epoch_time_avg": 69.60961961746216
}