{
    "0.0001": {
        "tpr": [
            0.021410232899321473,
            0.0,
            0.0
        ],
        "f1": [
            0.041922887023654556,
            0.0,
            0.0
        ],
        "tpr_avg": 0.007136744299773824,
        "f1_avg": 0.013974295674551518
    },
    "0.001": {
        "tpr": [
            0.10938932697597653,
            0.08388601747244202,
            0.11228871630881682
        ],
        "f1": [
            0.19714120466000165,
            0.1547352879139422,
            0.20183938249302022
        ],
        "tpr_avg": 0.10185468691907845,
        "f1_avg": 0.18457195835565468
    },
    "0.01": {
        "tpr": [
            0.2634788189987163,
            0.31221698760462885,
            0.2906806761078118
        ],
        "f1": [
            0.4157864274345246,
            0.4744561062069925,
            0.4490948230229029
        ],
        "tpr_avg": 0.28879216090371895,
        "f1_avg": 0.4464457855548067
    },
    "0.1": {
        "tpr": [
            0.45878415551072804,
            0.5056488130631661,
            0.42562814070351757
        ],
        "f1": [
            0.6125359613148069,
            0.6547619047619049,
            0.5813315030885381
        ],
        "tpr_avg": 0.4633537030924706,
        "f1_avg": 0.6162097897217499
    },
    "epoch_time_avg": 47.595455434587265
}