{
    "0.0001": {
        "tpr": [
            0.003438474234366404,
            0.0,
            0.0
        ],
        "f1": [
            0.006853383286882624,
            0.0,
            0.0
        ],
        "tpr_avg": 0.0011461580781221346,
        "f1_avg": 0.0022844610956275413
    },
    "0.001": {
        "tpr": [
            0.007564643315606088,
            0.06302886154690573,
            0.03672910004568296
        ],
        "f1": [
            0.015010234250625426,
            0.11854273302077509,
            0.070830763809356
        ],
        "tpr_avg": 0.03577420163606493,
        "f1_avg": 0.06812791036025218
    },
    "0.01": {
        "tpr": [
            0.27622409682743443,
            0.2449343639939624,
            0.29584285061671994
        ],
        "f1": [
            0.431559343886541,
            0.3922645863091968,
            0.45525483304042175
        ],
        "tpr_avg": 0.27233377047937224,
        "f1_avg": 0.4263595877453865
    },
    "0.1": {
        "tpr": [
            0.49289381991564274,
            0.4747289941910991,
            0.5564184559159433
        ],
        "f1": [
            0.6434256987252379,
            0.627281518191708,
            0.6976544376664662
        ],
        "tpr_avg": 0.5080137566742283,
        "f1_avg": 0.656120551527804
    },
    "epoch_time_avg": 36.99628387557136
}