{
    "0.0001": {
        "tpr": [
            0.0,
            0.0,
            0.0
        ],
        "f1": [
            0.0,
            0.0,
            0.0
        ],
        "tpr_avg": 0.0,
        "tpr_std": 0.0,
        "f1_avg": 0.0,
        "f1_std": 0.0
    },
    "0.0003": {
        "tpr": [
            0.8431269674711438,
            0.8196152725153016,
            0.8277431021408155
        ],
        "f1": [
            0.9148441576924903,
            0.9008376980122692,
            0.9057109575707287
        ],
        "tpr_avg": 0.8301617807090871,
        "tpr_std": 0.009749784764687722,
        "f1_avg": 0.9071309377584962,
        "f1_std": 0.005805599939923148
    },
    "0.001": {
        "tpr": [
            0.9502739885740935,
            0.9038472748469834,
            0.9296797526687277
        ],
        "f1": [
            0.9742700893524191,
            0.9492775805069181,
            0.9633256267283195
        ],
        "tpr_avg": 0.9279336720299348,
        "tpr_std": 0.018993797848642333,
        "f1_avg": 0.9622910988625523,
        "f1_std": 0.01022933886840193
    },
    "0.003": {
        "tpr": [
            0.9688119389063775,
            0.9653162343340134,
            0.9683544303797469
        ],
        "f1": [
            0.9834600704204515,
            0.9816387320499711,
            0.9832089552238806
        ],
        "tpr_avg": 0.9674942012067126,
        "tpr_std": 0.0015513399126596665,
        "f1_avg": 0.9827692525647677,
        "f1_std": 0.0008059454846200794
    },
    "0.01": {
        "tpr": [
            0.9874956278419028,
            0.9896823083649082,
            0.9883042641311323
        ],
        "f1": [
            0.9913241942327107,
            0.9924302206634519,
            0.9917319089778298
        ],
        "tpr_avg": 0.9884940667793144,
        "tpr_std": 0.0009027409046400601,
        "f1_avg": 0.9918287746246642,
        "f1_std": 0.0004566989026532346
    },
    "0.03": {
        "tpr": [
            0.9950740352104466,
            0.9961235791314486,
            0.995741702152482
        ],
        "f1": [
            0.9903974470554104,
            0.9909249057697883,
            0.9907282462020633
        ],
        "tpr_avg": 0.9956464388314591,
        "tpr_std": 0.000433737198295081,
        "f1_avg": 0.9906835330090874,
        "f1_std": 0.0002176428665847937
    },
    "0.1": {
        "tpr": [
            0.9984551708056429,
            0.9986884290294374,
            0.9983375138540512
        ],
        "f1": [
            0.9761066864234117,
            0.9759605799082858,
            0.9765623885536582
        ],
        "tpr_avg": 0.9984937045630439,
        "tpr_std": 0.000145828673274861,
        "f1_avg": 0.9762098849617852,
        "f1_std": 0.0002562952271022165
    },
    "auc": [
        0.9990319125810326,
        0.9991647761758033,
        0.9990509610668722
    ],
    "auc_avg": 0.9990825499412361,
    "auc_std": 5.866047187860772e-05,
    "epoch_time_avg": 60.425958116849266
}