{
    "0.0001": {
        "tpr": [
            0.0,
            0.7961527251530166,
            0.0
        ],
        "f1": [
            0.0,
            0.8864945559576161,
            0.0
        ],
        "tpr_avg": 0.2653842417176722,
        "tpr_std": 0.3753099938772317,
        "f1_avg": 0.29549818531920535,
        "f1_std": 0.4178975413350584
    },
    "0.0003": {
        "tpr": [
            0.8216742450740352,
            0.8327018361993588,
            0.8405471621069824
        ],
        "f1": [
            0.9020511343637002,
            0.9086716600671086,
            0.9133231919883374
        ],
        "tpr_avg": 0.8316410811267921,
        "tpr_std": 0.007741259601473543,
        "f1_avg": 0.908015328806382,
        "f1_std": 0.004625141353958151
    },
    "0.001": {
        "tpr": [
            0.9513524542380786,
            0.9027688720489653,
            0.9303214139882168
        ],
        "f1": [
            0.9748368502008572,
            0.9486676875957121,
            0.9636701460747141
        ],
        "tpr_avg": 0.9281475800917535,
        "tpr_std": 0.01989363851316363,
        "f1_avg": 0.9623915612904278,
        "f1_std": 0.010721702357106913
    },
    "0.003": {
        "tpr": [
            0.9719890404570363,
            0.968726318857476,
            0.9694044216298198
        ],
        "f1": [
            0.9850821221788965,
            0.9834013846973194,
            0.9837506659563133
        ],
        "tpr_avg": 0.970039926981444,
        "tpr_std": 0.0014057591894338637,
        "f1_avg": 0.9840780576108431,
        "f1_std": 0.0007241586345943246
    },
    "0.01": {
        "tpr": [
            0.9889821615949633,
            0.990090352666861,
            0.9886542612144898
        ],
        "f1": [
            0.9920907589070335,
            0.9926943308007014,
            0.9919089352861135
        ],
        "tpr_avg": 0.9892422584921047,
        "tpr_std": 0.000614452309958647,
        "f1_avg": 0.992231341664616,
        "f1_std": 0.0003356924806831867
    },
    "0.03": {
        "tpr": [
            0.9954238078582255,
            0.9959487030020402,
            0.9958000349997084
        ],
        "f1": [
            0.9906737254333163,
            0.9908371270333748,
            0.9907862853494682
        ],
        "tpr_avg": 0.9957241819533248,
        "tpr_std": 0.0002208981537335403,
        "f1_avg": 0.9907657126053865,
        "f1_std": 6.827615042217127e-05
    },
    "0.1": {
        "tpr": [
            0.99833857992305,
            0.9985426989215972,
            0.99851251239573
        ],
        "f1": [
            0.9761178716976829,
            0.9758876561320553,
            0.9762043941316529
        ],
        "tpr_avg": 0.9984645970801257,
        "tpr_std": 8.995572797798658e-05,
        "f1_avg": 0.9760699739871305,
        "f1_std": 0.00013366970014282663
    },
    "auc": [
        0.9990560398452355,
        0.999220092633683,
        0.9990976955443076
    ],
    "auc_avg": 0.9991246093410755,
    "auc_std": 6.962563556477168e-05,
    "epoch_time_avg": 60.92725702126821
}