{
    "0.0001": {
        "tpr": [
            0.0,
            0.0,
            0.0
        ],
        "f1": [
            0.0,
            0.0,
            0.0
        ],
        "tpr_avg": 0.0,
        "tpr_std": 0.0,
        "f1_avg": 0.0,
        "f1_std": 0.0
    },
    "0.0003": {
        "tpr": [
            0.0,
            0.7994983082487458,
            0.0
        ],
        "f1": [
            0.0,
            0.8885215079905345,
            0.0
        ],
        "tpr_avg": 0.26649943608291526,
        "tpr_std": 0.3768871168732405,
        "f1_avg": 0.2961738359968448,
        "f1_std": 0.4188530556868028
    },
    "0.001": {
        "tpr": [
            0.7679071395240318,
            0.8986699334966748,
            0.8142840498660142
        ],
        "f1": [
            0.868489626282284,
            0.9463984027031177,
            0.8974062660503339
        ],
        "tpr_avg": 0.826953707628907,
        "tpr_std": 0.054130196395693914,
        "f1_avg": 0.9040980983452451,
        "f1_std": 0.03215617955588295
    },
    "0.003": {
        "tpr": [
            0.9248716752216519,
            0.9290047835725119,
            0.9207153675870907
        ],
        "f1": [
            0.9602713178294573,
            0.9624973557764952,
            0.9580239430216699
        ],
        "tpr_avg": 0.9248639421270849,
        "tpr_std": 0.0033841443227107266,
        "f1_avg": 0.9602642055425408,
        "f1_std": 0.0018262700342916132
    },
    "0.01": {
        "tpr": [
            0.9641273915072328,
            0.965231594913079,
            0.9597460095537691
        ],
        "f1": [
            0.9793512072285588,
            0.9799230085875037,
            0.9770779586632269
        ],
        "tpr_avg": 0.9630349986580269,
        "tpr_std": 0.002368952410710378,
        "f1_avg": 0.9787840581597632,
        "f1_std": 0.001228771966255671
    },
    "0.03": {
        "tpr": [
            0.9842510499300047,
            0.9851825924629565,
            0.9861353838984038
        ],
        "f1": [
            0.9849404622927853,
            0.9855275443510737,
            0.9859343603482921
        ],
        "tpr_avg": 0.9851896754304549,
        "tpr_std": 0.0007692924248672348,
        "f1_avg": 0.9854674556640504,
        "f1_std": 0.0004079757541130526
    },
    "0.1": {
        "tpr": [
            0.9947503499766682,
            0.9935246762338117,
            0.993883257602237
        ],
        "f1": [
            0.9740411799982865,
            0.9733112355697794,
            0.9737457907653673
        ],
        "tpr_avg": 0.9940527612709055,
        "tpr_std": 0.0005145338675287192,
        "f1_avg": 0.9736994021111444,
        "f1_std": 0.0002997984296241021
    },
    "auc": [
        0.9972138726749282,
        0.9972493214522663,
        0.9971940776163654
    ],
    "auc_avg": 0.9972190905811865,
    "auc_std": 2.2853012355102062e-05
}