{
    "0.0001": {
        "tpr": [
            0.0,
            0.0,
            0.7521145657119525
        ],
        "f1": [
            0.0,
            0.0,
            0.8585078403302594
        ],
        "tpr_avg": 0.2507048552373175,
        "tpr_std": 0.35455020642939783,
        "f1_avg": 0.28616928011008647,
        "f1_std": 0.4047044770662295
    },
    "0.0003": {
        "tpr": [
            0.833770549143057,
            0.8001165840862722,
            0.82657644519629
        ],
        "f1": [
            0.9092931957976381,
            0.8889032801217498,
            0.9049976049816383
        ],
        "tpr_avg": 0.8201545261418731,
        "tpr_std": 0.014470156052301505,
        "f1_avg": 0.9010646936336754,
        "f1_std": 0.008776408113826543
    },
    "0.001": {
        "tpr": [
            0.940946717966655,
            0.8899737685805887,
            0.9247506270781077
        ],
        "f1": [
            0.969342101312194,
            0.9415519341360756,
            0.9606714337656042
        ],
        "tpr_avg": 0.9185570378751171,
        "tpr_std": 0.021265477542881068,
        "f1_avg": 0.9571884897379578,
        "f1_std": 0.011609522592651808
    },
    "0.003": {
        "tpr": [
            0.9653142124285881,
            0.9617604197027105,
            0.9653794551712069
        ],
        "f1": [
            0.9816376435716931,
            0.9797942307406803,
            0.9816709671678975
        ],
        "tpr_avg": 0.9641513624341685,
        "tpr_std": 0.0016908616171841505,
        "f1_avg": 0.9810342804934237,
        "f1_std": 0.0008769531182737699
    },
    "0.01": {
        "tpr": [
            0.9866503439431037,
            0.9860099096473331,
            0.9871084407629936
        ],
        "f1": [
            0.9908960510523697,
            0.9905715624267979,
            0.9911411125591202
        ],
        "tpr_avg": 0.9865895647844769,
        "tpr_std": 0.00045052801068014623,
        "f1_avg": 0.990869575346096,
        "f1_std": 0.00023327031612002712
    },
    "0.03": {
        "tpr": [
            0.9939955695464615,
            0.9952491984844068,
            0.9951875401038325
        ],
        "f1": [
            0.9898696699660386,
            0.9905145907060393,
            0.9905218085492417
        ],
        "tpr_avg": 0.9948107693782337,
        "tpr_std": 0.000576982676380445,
        "f1_avg": 0.9903020230737732,
        "f1_std": 0.00030573401472622295
    },
    "0.1": {
        "tpr": [
            0.998221989040457,
            0.9986884290294374,
            0.9983958467012775
        ],
        "f1": [
            0.9767276045974389,
            0.9760161791095792,
            0.9758677214738792
        ],
        "tpr_avg": 0.9984354215903907,
        "tpr_std": 0.000192468516414604,
        "f1_avg": 0.9762038350602991,
        "f1_std": 0.00037528727967264016
    },
    "auc": [
        0.9988925532548107,
        0.9989932213207341,
        0.9990337800682313
    ],
    "auc_avg": 0.9989731848812586,
    "auc_std": 5.937085360886853e-05,
    "epoch_time_avg": 61.225625183847214
}