{
    "0.0001": {
        "tpr": [
            0.0,
            0.0,
            0.0
        ],
        "f1": [
            0.0,
            0.0,
            0.0
        ],
        "tpr_avg": 0.0,
        "tpr_std": 0.0,
        "f1_avg": 0.0,
        "f1_std": 0.0
    },
    "0.0003": {
        "tpr": [
            0.0,
            0.8199743320499359,
            0.0
        ],
        "f1": [
            0.0,
            0.9010545209782366,
            0.0
        ],
        "tpr_avg": 0.2733247773499786,
        "tpr_std": 0.38653960706094626,
        "f1_avg": 0.30035150699274554,
        "f1_std": 0.4247611746683382
    },
    "0.001": {
        "tpr": [
            0.7837144190387307,
            0.909928829774822,
            0.8159734358615869
        ],
        "f1": [
            0.8785431719357897,
            0.9526077928423109,
            0.898489367843741
        ],
        "tpr_avg": 0.8365388948917132,
        "tpr_std": 0.05353953647044113,
        "f1_avg": 0.9098801108739472,
        "f1_std": 0.03129114664556966
    },
    "0.003": {
        "tpr": [
            0.9425454969668688,
            0.9416054136040135,
            0.9265408365373412
        ],
        "f1": [
            0.9697242476070453,
            0.9692256882937521,
            0.961172382535126
        ],
        "tpr_avg": 0.9368972490360745,
        "tpr_std": 0.007333139348883672,
        "f1_avg": 0.9667074394786411,
        "f1_std": 0.003919165036346734
    },
    "0.01": {
        "tpr": [
            0.9638357442837144,
            0.965581612413954,
            0.9621344518233718
        ],
        "f1": [
            0.9792000000000001,
            0.980104216011369,
            0.9783201042530506
        ],
        "tpr_avg": 0.9638506028403467,
        "tpr_std": 0.001407336637492903,
        "f1_avg": 0.9792081067548066,
        "f1_std": 0.0007283831323086312
    },
    "0.03": {
        "tpr": [
            0.9839594027064862,
            0.984249212460623,
            0.9853198182453687
        ],
        "f1": [
            0.9848210636931519,
            0.9849674538077585,
            0.9855494697587693
        ],
        "tpr_avg": 0.9845094778041593,
        "tpr_std": 0.0005850846926686912,
        "f1_avg": 0.9851126624198933,
        "f1_std": 0.0003145981615602497
    },
    "0.1": {
        "tpr": [
            0.9947503499766682,
            0.99340800373352,
            0.9942910404287545
        ],
        "f1": [
            0.9739577384351799,
            0.9733360006858907,
            0.9738396142983483
        ],
        "tpr_avg": 0.9941497980463142,
        "tpr_std": 0.000557037052670396,
        "f1_avg": 0.9737111178064729,
        "f1_std": 0.0002695959551390525
    },
    "auc": [
        0.9973690990045109,
        0.9973498351017799,
        0.9971665611638686
    ],
    "auc_avg": 0.9972951650900531,
    "auc_std": 9.127614460037535e-05
}