{
    "0.0001": {
        "tpr": [
            0.0,
            0.7504375218760938,
            0.0
        ],
        "f1": [
            0.0,
            0.8574285142971406,
            0.0
        ],
        "tpr_avg": 0.2501458406253646,
        "tpr_std": 0.35375964038360935,
        "f1_avg": 0.28580950476571354,
        "f1_std": 0.40419567789480987
    },
    "0.0003": {
        "tpr": [
            0.0,
            0.8170575195426438,
            0.0
        ],
        "f1": [
            0.0,
            0.8992616372391653,
            0.0
        ],
        "tpr_avg": 0.2723525065142146,
        "tpr_std": 0.385164608458709,
        "f1_avg": 0.2997538790797218,
        "f1_std": 0.42391600116848727
    },
    "0.001": {
        "tpr": [
            0.8147456836210919,
            0.8926612997316532,
            0.864208318769661
        ],
        "f1": [
            0.8976863753213368,
            0.9430543572044866,
            0.9269268018369833
        ],
        "tpr_avg": 0.8572051007074687,
        "tpr_std": 0.0321920756904765,
        "f1_avg": 0.9225558447876022,
        "f1_std": 0.01877751126894622
    },
    "0.003": {
        "tpr": [
            0.9385207652823145,
            0.9367051685917629,
            0.9197250378655482
        ],
        "f1": [
            0.9675867460460641,
            0.9666195105800198,
            0.957486809388077
        ],
        "tpr_avg": 0.9316503239132086,
        "tpr_std": 0.008464964395458806,
        "f1_avg": 0.9638976886713869,
        "f1_std": 0.0045503418187042835
    },
    "0.01": {
        "tpr": [
            0.9623191787214186,
            0.9667483374168708,
            0.9626587440288943
        ],
        "f1": [
            0.978442012869555,
            0.9807077760681737,
            0.9785923666834453
        ],
        "tpr_avg": 0.9639087533890612,
        "tpr_std": 0.0020126689142783826,
        "f1_avg": 0.9792473852070579,
        "f1_std": 0.001034474961114915
    },
    "0.03": {
        "tpr": [
            0.9843093793747083,
            0.9856492824641232,
            0.9865431667249214
        ],
        "f1": [
            0.9849700860936815,
            0.9857067849016977,
            0.986112324220456
        ],
        "tpr_avg": 0.985500609521251,
        "tpr_std": 0.0009179793804691183,
        "f1_avg": 0.9855963984052784,
        "f1_std": 0.0004728043065991985
    },
    "0.1": {
        "tpr": [
            0.9946336910872609,
            0.9935830124839575,
            0.9945240591867646
        ],
        "f1": [
            0.973954763536669,
            0.9733405720490328,
            0.9740122664384538
        ],
        "tpr_avg": 0.9942469209193275,
        "tpr_std": 0.00047158286392270254,
        "f1_avg": 0.9737692006747185,
        "f1_std": 0.000303993991164694
    },
    "auc": [
        0.9973154744615665,
        0.997437505990041,
        0.9973127443136318
    ],
    "auc_avg": 0.997355241588413,
    "auc_std": 5.8180393365983946e-05
}