{
    "0.0001": {
        "tpr": [
            0.0,
            0.7489070241911979,
            0.8110307414104883
        ],
        "f1": [
            0.0,
            0.8564143585641437,
            0.8956565152271593
        ],
        "tpr_avg": 0.5199792552005621,
        "tpr_std": 0.36855452644033015,
        "f1_avg": 0.584023624597101,
        "f1_std": 0.4132776970194439
    },
    "0.0003": {
        "tpr": [
            0.8370350938556604,
            0.7982803847274847,
            0.8435221373155224
        ],
        "f1": [
            0.9112313379555442,
            0.8877832161032058,
            0.9150622518232587
        ],
        "tpr_avg": 0.8262792052995559,
        "tpr_std": 0.019974498713489802,
        "f1_avg": 0.9046922686273362,
        "f1_std": 0.012058358600664086
    },
    "0.001": {
        "tpr": [
            0.9473883642299172,
            0.8917808219178082,
            0.920113165723619
        ],
        "f1": [
            0.972750534963413,
            0.9425627281548913,
            0.9581618551534572
        ],
        "tpr_avg": 0.9197607839571148,
        "tpr_std": 0.022703051486239665,
        "f1_avg": 0.9578250394239204,
        "f1_std": 0.012326421584112325
    },
    "0.003": {
        "tpr": [
            0.9657222805176635,
            0.9665695132614398,
            0.9667794435046375
        ],
        "f1": [
            0.9818488938938197,
            0.9822872545244513,
            0.9824098635171382
        ],
        "tpr_avg": 0.9663570790945802,
        "tpr_std": 0.0004569789212454081,
        "f1_avg": 0.9821820039784698,
        "f1_std": 0.0002408041910537803
    },
    "0.01": {
        "tpr": [
            0.9879036959309782,
            0.988545613523754,
            0.9881584320130665
        ],
        "f1": [
            0.9915452577379907,
            0.9918556535216623,
            0.9916581296648617
        ],
        "tpr_avg": 0.9882025804892662,
        "tpr_std": 0.0002639145883827584,
        "f1_avg": 0.9916863469748383,
        "f1_std": 0.00012827976734986076
    },
    "0.03": {
        "tpr": [
            0.9941413081497027,
            0.9956280967647916,
            0.9955667036108032
        ],
        "f1": [
            0.9899429666071662,
            0.9907048911703715,
            0.9907266315468675
        ],
        "tpr_avg": 0.9951120361750991,
        "tpr_std": 0.0006868658065477637,
        "f1_avg": 0.990458163108135,
        "f1_std": 0.0003644070406843368
    },
    "0.1": {
        "tpr": [
            0.998221989040457,
            0.9988633051588458,
            0.9985416788193432
        ],
        "f1": [
            0.976184707475237,
            0.9761314762596485,
            0.9762189905902481
        ],
        "tpr_avg": 0.9985423243395487,
        "tpr_std": 0.00026181660686897055,
        "f1_avg": 0.9761783914417111,
        "f1_std": 3.600563589864857e-05
    },
    "auc": [
        0.9989571676992851,
        0.9991349768905076,
        0.9991317856286819
    ],
    "auc_avg": 0.9990746434061583,
    "auc_std": 8.307808502449776e-05,
    "epoch_time_avg": 59.951312025388084
}