{
    "0.0001": {
        "tpr": [
            0.0,
            0.0,
            0.0
        ],
        "f1": [
            0.0,
            0.0,
            0.0
        ],
        "tpr_avg": 0.0,
        "tpr_std": 0.0,
        "f1_avg": 0.0,
        "f1_std": 0.0
    },
    "0.0003": {
        "tpr": [
            0.0,
            0.0,
            0.0
        ],
        "f1": [
            0.0,
            0.0,
            0.0
        ],
        "tpr_avg": 0.0,
        "tpr_std": 0.0,
        "f1_avg": 0.0,
        "f1_std": 0.0
    },
    "0.001": {
        "tpr": [
            0.8704503033131125,
            0.0,
            0.0
        ],
        "f1": [
            0.9305066250974279,
            0.0,
            0.0
        ],
        "tpr_avg": 0.29015010110437084,
        "tpr_std": 0.4103342081057259,
        "f1_avg": 0.310168875032476,
        "f1_std": 0.43864502969693314
    },
    "0.003": {
        "tpr": [
            0.9402706486234251,
            0.9340217010850542,
            0.918326925317488
        ],
        "f1": [
            0.9685171833693824,
            0.9651867257437381,
            0.9567565927229691
        ],
        "tpr_avg": 0.9308730916753225,
        "tpr_std": 0.009231000452936473,
        "f1_avg": 0.9634868339453632,
        "f1_std": 0.004949417284405834
    },
    "0.01": {
        "tpr": [
            0.9657022865142324,
            0.9689067786722669,
            0.9718047302807876
        ],
        "f1": [
            0.9801669528151086,
            0.9818224810096652,
            0.9833185971117006
        ],
        "tpr_avg": 0.9688045984890956,
        "tpr_std": 0.002492359735052554,
        "f1_avg": 0.9817693436454915,
        "f1_std": 0.001287201907928898
    },
    "0.03": {
        "tpr": [
            0.9866425571628558,
            0.9859409637148524,
            0.9871839683094489
        ],
        "f1": [
            0.9861823694029851,
            0.985883450971242,
            0.9864369288084289
        ],
        "tpr_avg": 0.9865891630623858,
        "tpr_std": 0.0005088570873508223,
        "f1_avg": 0.9861675830608853,
        "f1_std": 0.00022619815206849925
    },
    "0.1": {
        "tpr": [
            0.9954503033131125,
            0.9943413837358535,
            0.9949900967027846
        ],
        "f1": [
            0.9743092030143868,
            0.9741391627375339,
            0.9743575116232637
        ],
        "tpr_avg": 0.9949272612505835,
        "tpr_std": 0.0004548896406434269,
        "f1_avg": 0.9742686257917281,
        "f1_std": 9.364451300488282e-05
    },
    "auc": [
        0.9975404240340893,
        0.9968283020815278,
        0.9969138036534099
    ],
    "auc_avg": 0.9970941765896756,
    "auc_std": 0.0003174693853301264
}