{
    "0.0001": {
        "tpr": [
            0.0,
            0.0,
            0.0
        ],
        "f1": [
            0.0,
            0.0,
            0.0
        ],
        "tpr_avg": 0.0,
        "tpr_std": 0.0,
        "f1_avg": 0.0,
        "f1_std": 0.0
    },
    "0.0003": {
        "tpr": [
            0.9129649061443396,
            0.0,
            0.9133173890217582
        ],
        "f1": [
            0.9544443428710729,
            0.0,
            0.9546369123833913
        ],
        "tpr_avg": 0.6087607650553659,
        "tpr_std": 0.4304588891436212,
        "f1_avg": 0.6363604184181547,
        "f1_std": 0.4499747740097964
    },
    "0.001": {
        "tpr": [
            0.9677043255217442,
            0.957796560769455,
            0.9524003966633612
        ],
        "f1": [
            0.9833540667022096,
            0.9782103947133416,
            0.9753868211960093
        ],
        "tpr_avg": 0.9593004276515201,
        "tpr_std": 0.00633765315790431,
        "f1_avg": 0.9789837608705202,
        "f1_std": 0.0032982643565789907
    },
    "0.003": {
        "tpr": [
            0.9789553456919668,
            0.9842902943748179,
            0.9853292889225923
        ],
        "f1": [
            0.9886522526235227,
            0.991369440774989,
            0.9918964150444817
        ],
        "tpr_avg": 0.9828583096631256,
        "tpr_std": 0.002792218143065847,
        "f1_avg": 0.9906393694809977,
        "f1_std": 0.001421478226852365
    },
    "0.01": {
        "tpr": [
            0.9943453421942404,
            0.9945788399883416,
            0.9950708744093799
        ],
        "f1": [
            0.9947947801997522,
            0.994897810431791,
            0.9951434363469308
        ],
        "tpr_avg": 0.9946650188639873,
        "tpr_std": 0.00030240078015438524,
        "f1_avg": 0.994945342326158,
        "f1_std": 0.00014625260790368253
    },
    "0.03": {
        "tpr": [
            0.9974932960242509,
            0.9980180705333722,
            0.9975791868401097
        ],
        "f1": [
            0.9916402254386346,
            0.9919035963095462,
            0.9916643713486323
        ],
        "tpr_avg": 0.9976968511325776,
        "tpr_std": 0.00022982708811534385,
        "f1_avg": 0.9917360643656044,
        "f1_std": 0.000118872397757976
    },
    "0.1": {
        "tpr": [
            0.9991838638218491,
            0.9993004954823667,
            0.9990375080207665
        ],
        "f1": [
            0.9762626909877966,
            0.9768647786198644,
            0.9761053246512689
        ],
        "tpr_avg": 0.9991739557749941,
        "tpr_std": 0.00010759252850169447,
        "f1_avg": 0.9764109314196433,
        "f1_std": 0.00032728580968266447
    },
    "auc": [
        0.999536033241208,
        0.9994746758016986,
        0.9994686343501039
    ],
    "auc_avg": 0.9994931144643369,
    "auc_std": 3.044821659178266e-05,
    "epoch_time_avg": 107.9658442205853
}