{
    "0.0001": {
        "tpr": [
            0.0,
            0.0,
            0.0
        ],
        "f1": [
            0.0,
            0.0,
            0.0
        ],
        "tpr_avg": 0.0,
        "tpr_std": 0.0,
        "f1_avg": 0.0,
        "f1_std": 0.0
    },
    "0.0003": {
        "tpr": [
            0.0,
            0.8626181309065454,
            0.0
        ],
        "f1": [
            0.0,
            0.9261845855125114,
            0.0
        ],
        "tpr_avg": 0.28753937696884846,
        "tpr_std": 0.4066420866256555,
        "f1_avg": 0.3087281951708371,
        "f1_std": 0.43660760069756577
    },
    "0.001": {
        "tpr": [
            0.773623425104993,
            0.9002450122506125,
            0.0
        ],
        "f1": [
            0.8721354594772316,
            0.9472714996010065,
            0.0
        ],
        "tpr_avg": 0.5579561457852019,
        "tpr_std": 0.3979066490584837,
        "f1_avg": 0.6064689863594127,
        "f1_std": 0.4299339714368789
    },
    "0.003": {
        "tpr": [
            0.9411455902939804,
            0.9440555361101388,
            0.9194337644180357
        ],
        "f1": [
            0.9689817734138065,
            0.9705238537887193,
            0.9573287235010465
        ],
        "tpr_avg": 0.9348782969407182,
        "tpr_std": 0.010985357976154585,
        "f1_avg": 0.9656114502345242,
        "f1_std": 0.005890510706595342
    },
    "0.01": {
        "tpr": [
            0.9664605692953803,
            0.9680900711702252,
            0.963649073750437
        ],
        "f1": [
            0.9805592543275633,
            0.9814009876105148,
            0.9791352215217971
        ],
        "tpr_avg": 0.9660665714053475,
        "tpr_std": 0.0018343100925877832,
        "f1_avg": 0.9803651544866251,
        "f1_std": 0.0009351221144445631
    },
    "0.03": {
        "tpr": [
            0.9850093327111525,
            0.9855326099638315,
            0.9848537807293487
        ],
        "f1": [
            0.9853254368818742,
            0.9855901055947729,
            0.9852555510227868
        ],
        "tpr_avg": 0.9851319078014443,
        "tpr_std": 0.00029036846932492186,
        "f1_avg": 0.9853903644998113,
        "f1_std": 0.00014409114496834107
    },
    "0.1": {
        "tpr": [
            0.9944587027531497,
            0.9932329949830825,
            0.994349295118257
        ],
        "f1": [
            0.9738112237612451,
            0.9733870737215219,
            0.9738411068321209
        ],
        "tpr_avg": 0.9940136642848297,
        "tpr_std": 0.0005538206247881533,
        "f1_avg": 0.9736798014382959,
        "f1_std": 0.0002073489596582813
    },
    "auc": [
        0.9973382585151919,
        0.9973902127431568,
        0.9970184087515476
    ],
    "auc_avg": 0.9972489600032987,
    "auc_std": 0.00016439833781373337
}