{
    "auc": [
        0.9870087839897532,
        0.9942153037924983,
        0.9889792136870648
    ],
    "auc_avg": 0.9900677671564387,
    "auc_std": 0.003041073649070234,
    "epoch_time_avg": 0.0029749783595403034
}