{
    "auc": [
        0.9353209007883655,
        0.9294258601910761,
        0.9020560510529021
    ],
    "auc_avg": 0.9222676040107812,
    "auc_std": 0.01449294151504534
}