{
    "pretrained": {
        "fpr_0.0001": {
            "f1": [
                0.028514519341650064,
                0.2853756382202772,
                0.13005866560604554
            ],
            "tpr": [
                0.014463469105604594,
                0.16643624375199403,
                0.06955227055195151
            ],
            "f1_mean": 0.14798294105599094,
            "f1_std": 0.10562628566696579,
            "tpr_mean": 0.08348399446985004,
            "tpr_std": 0.0628198522598495
        },
        "fpr_0.0003": {
            "f1": [
                0.13337302768681156,
                0.3738220800553298,
                0.18943112907883336
            ],
            "tpr": [
                0.07146655322769328,
                0.22992661916409657,
                0.10464745294055089
            ],
            "f1_mean": 0.2322087456069916,
            "f1_std": 0.10271767148549212,
            "tpr_mean": 0.13534687511078025,
            "tpr_std": 0.06823605603751239
        },
        "fpr_0.001": {
            "f1": [
                0.45442601412382977,
                0.47570456754130225,
                0.4066706171167358
            ],
            "tpr": [
                0.29426778687652877,
                0.31234712325853453,
                0.255450388173987
            ],
            "f1_mean": 0.4456003995939559,
            "f1_std": 0.028865667977464333,
            "tpr_mean": 0.2873550994363501,
            "tpr_std": 0.023736730349881774
        },
        "fpr_0.003": {
            "f1": [
                0.5461135101789019,
                0.6174831328835436,
                0.5200941915227629
            ],
            "tpr": [
                0.3765819419334255,
                0.4477294480484952,
                0.35233436137402957
            ],
            "f1_mean": 0.5612302781950694,
            "f1_std": 0.04117069330874707,
            "tpr_mean": 0.3922152504519834,
            "tpr_std": 0.04048337841497021
        },
        "fpr_0.01": {
            "f1": [
                0.5821933168871944,
                0.7185135135135134,
                0.6489528422852259
            ],
            "tpr": [
                0.41412315218547274,
                0.5654578326066149,
                0.4844198660002127
            ],
            "f1_mean": 0.6498865575619779,
            "f1_std": 0.05565640346640627,
            "tpr_mean": 0.48800028359743336,
            "tpr_std": 0.061833976189848726
        },
        "fpr_0.03": {
            "f1": [
                0.6483986263928797,
                0.7682973559841616,
                0.7187935959609381
            ],
            "tpr": [
                0.49197064766563864,
                0.6396894608103797,
                0.5753482930979474
            ],
            "f1_mean": 0.7118298594459932,
            "f1_std": 0.049195504937531415,
            "tpr_mean": 0.5690028005246552,
            "tpr_std": 0.06047264338095924
        },
        "fpr_0.1": {
            "f1": [
                0.7862963183251056,
                0.8682824025289778,
                0.802605328013144
            ],
            "tpr": [
                0.7029671381473998,
                0.8325002658725938,
                0.7273210677443369
            ],
            "f1_mean": 0.8190613496224092,
            "f1_std": 0.035435669281808475,
            "tpr_mean": 0.7542628239214434,
            "tpr_std": 0.056208548958308575
        },
        "auc": [
            0.9183210758228244,
            0.9501378205930533,
            0.9274602502534758
        ]
    },
    "non_pretrained": {
        "fpr_0.0001": {
            "f1": [
                0.10461600483773432,
                0.04714434060228453,
                0.14335077500246815
            ],
            "tpr": [
                0.05519515048388812,
                0.02414123152185473,
                0.07720940125491864
            ],
            "f1_mean": 0.098370373480829,
            "f1_std": 0.039523625325316315,
            "tpr_mean": 0.052181927753553826,
            "tpr_std": 0.02176950915265466
        },
        "fpr_0.0003": {
            "f1": [
                0.32323052237475486,
                0.27272727272727276,
                0.27620967741935487
            ],
            "tpr": [
                0.19281080506221418,
                0.15792832074869723,
                0.16026799957460386
            ],
            "f1_mean": 0.2907224908404608,
            "f1_std": 0.023030572019033742,
            "tpr_mean": 0.17033570846183843,
            "tpr_std": 0.01592097148730285
        },
        "fpr_0.001": {
            "f1": [
                0.4374896231114063,
                0.43735990037359895,
                0.34880252653741556
            ],
            "tpr": [
                0.28022971392108903,
                0.2801233648835478,
                0.211421886631926
            ],
            "f1_mean": 0.40788401667414026,
            "f1_std": 0.041776955885424856,
            "tpr_mean": 0.2572583218121876,
            "tpr_std": 0.03241128322107585
        },
        "fpr_0.003": {
            "f1": [
                0.474718873877518,
                0.49336742848010223,
                0.4047719773246467
            ],
            "tpr": [
                0.3120280761459109,
                0.32829947888971606,
                0.25438689779857493
            ],
            "f1_mean": 0.45761942656075566,
            "f1_std": 0.03813643765275518,
            "tpr_mean": 0.29823815094473394,
            "tpr_std": 0.03171108048909896
        },
        "fpr_0.01": {
            "f1": [
                0.5484463493035359,
                0.5457751878546235,
                0.46751777634130576
            ],
            "tpr": [
                0.38104860151015635,
                0.37849622460916726,
                0.30766776560672127
            ],
            "f1_mean": 0.5205797711664885,
            "f1_std": 0.03753634014296297,
            "tpr_mean": 0.3557375305753483,
            "tpr_std": 0.03400642473676072
        },
        "fpr_0.03": {
            "f1": [
                0.6581785291866694,
                0.6726772195457673,
                0.6066473988439306
            ],
            "tpr": [
                0.5030309475699245,
                0.5197277464638945,
                0.44645325959800064
            ],
            "f1_mean": 0.6458343825254557,
            "f1_std": 0.028334522795515012,
            "tpr_mean": 0.4897373178772732,
            "tpr_std": 0.03135631833372682
        },
        "fpr_0.1": {
            "f1": [
                0.7834018959041316,
                0.8484198645598193,
                0.8028631776578268
            ],
            "tpr": [
                0.6987131766457514,
                0.7994257151972775,
                0.7276401148569606
            ],
            "f1_mean": 0.8115616460405924,
            "f1_std": 0.02724679279208816,
            "tpr_mean": 0.7419263355666631,
            "tpr_std": 0.0423385240806991
        },
        "auc": [
            0.9158927727989671,
            0.9348141918618484,
            0.914954014006503
        ]
    },
    "full_data": {
        "fpr_0.0001": {
            "f1": [
                0.11676346885639895,
                0.021878615756810767,
                0.16759232193315793
            ],
            "tpr": [
                0.062001488886525576,
                0.011060299904285866,
                0.09146017228544082
            ],
            "f1_mean": 0.10207813551545587,
            "f1_std": 0.06038689318835487,
            "tpr_mean": 0.054840653692084095,
            "tpr_std": 0.033211373957706763
        },
        "fpr_0.0003": {
            "f1": [
                0.42131766680654636,
                0.389554794520548,
                0.4009181331293037
            ],