{
    "0.0001": {
        "tpr": [
            0.0,
            0.0,
            0.0
        ],
        "f1": [
            0.0,
            0.0,
            0.0
        ],
        "tpr_avg": 0.0,
        "tpr_std": 0.0,
        "f1_avg": 0.0,
        "f1_std": 0.0
    },
    "0.0003": {
        "tpr": [
            0.0,
            0.7620464356551161,
            0.7204939997669813
        ],
        "f1": [
            0.0,
            0.8648988645016056,
            0.8374864572047671
        ],
        "tpr_avg": 0.4941801451406991,
        "tpr_std": 0.3498496468680236,
        "f1_avg": 0.5674617739021243,
        "f1_std": 0.4014120980144645
    },
    "0.001": {
        "tpr": [
            0.8248366775548297,
            0.867868393419671,
            0.8727135034370267
        ],
        "f1": [
            0.9038092803272402,
            0.9290286320916727,
            0.9317990981184886
        ],
        "tpr_avg": 0.8551395248038425,
        "tpr_std": 0.02151845233464868,
        "f1_avg": 0.9215456701791339,
        "f1_std": 0.012592418730733787
    },
    "0.003": {
        "tpr": [
            0.9207886140923939,
            0.9532726636331816,
            0.9351042758942095
        ],
        "f1": [
            0.9580627541421376,
            0.9753782791655475,
            0.9657661993863185
        ],
        "tpr_avg": 0.9363885178732617,
        "tpr_std": 0.013292612653592177,
        "f1_avg": 0.9664024108980013,
        "f1_std": 0.007083333750185815
    },
    "0.01": {
        "tpr": [
            0.9673355109659356,
            0.975848792439622,
            0.965280205056507
        ],
        "f1": [
            0.9810115350488022,
            0.9854201643545109,
            0.9799515051156188
        ],
        "tpr_avg": 0.969488169487355,
        "tpr_std": 0.004575238707871849,
        "f1_avg": 0.982127734839644,
        "f1_std": 0.0023679787368958375
    },
    "0.03": {
        "tpr": [
            0.9841927204853009,
            0.9876327149690818,
            0.9861936385879063
        ],
        "f1": [
            0.9850258326279225,
            0.9867117379647978,
            0.9859351795230191
        ],
        "tpr_avg": 0.9860063580140963,
        "tpr_std": 0.0014106017680658174,
        "f1_avg": 0.9858909167052464,
        "f1_std": 0.0006889792444885542
    },
    "0.1": {
        "tpr": [
            0.9949253383107792,
            0.9954497724886244,
            0.994815332634277
        ],
        "f1": [
            0.9741847050088526,
            0.9744731882816516,
            0.9743253266388999
        ],
        "tpr_avg": 0.9950634811445602,
        "tpr_std": 0.00027681650250647343,
        "f1_avg": 0.9743277399764679,
        "f1_std": 0.00011778516550590039
    },
    "auc": [
        0.9972789229017385,
        0.997809141843788,
        0.9975949627015994
    ],
    "auc_avg": 0.997561009149042,
    "auc_std": 0.00021778837499658886
}