{
    "0.0001": {
        "tpr": [
            0.0,
            0.6672690177790731,
            0.7062649477921017
        ],
        "f1": [
            0.0,
            0.8004195437461759,
            0.8278490965966393
        ],
        "tpr_avg": 0.4578446551903916,
        "tpr_std": 0.3241362541218345,
        "f1_avg": 0.542756213447605,
        "f1_std": 0.38394993208262695
    },
    "0.0003": {
        "tpr": [
            0.826396175819051,
            0.7438356164383562,
            0.8171265239456338
        ],
        "f1": [
            0.9049040103410306,
            0.8530458761594385,
            0.8993034378711522
        ],
        "tpr_avg": 0.7957861054010137,
        "tpr_std": 0.036928955117071165,
        "f1_avg": 0.8857511081238737,
        "f1_std": 0.023238843221113352
    },
    "0.001": {
        "tpr": [
            0.9382651276670164,
            0.9332847566307199,
            0.9226506445779619
        ],
        "f1": [
            0.9679165288510689,
            0.9652584140955882,
            0.9595365202620723
        ],
        "tpr_avg": 0.9314001762918993,
        "tpr_std": 0.006512385780172741,
        "f1_avg": 0.9642371544029098,
        "f1_std": 0.0034965091646604455
    },
    "0.003": {
        "tpr": [
            0.9616124519062609,
            0.970824832410376,
            0.9585253456221198
        ],
        "f1": [
            0.97971728930332,
            0.9844830643731158,
            0.9781097933004955
        ],
        "tpr_avg": 0.9636542099795856,
        "tpr_std": 0.005224680266843263,
        "f1_avg": 0.9807700489923105,
        "f1_std": 0.0027062733618202902
    },
    "0.01": {
        "tpr": [
            0.9834732423924449,
            0.9847566307199067,
            0.9800501662486146
        ],
        "f1": [
            0.9892835676483954,
            0.9899501904482859,
            0.9875389408099688
        ],
        "tpr_avg": 0.9827600131203221,
        "tpr_std": 0.001986491706643201,
        "f1_avg": 0.9889242329688833,
        "f1_std": 0.0010166521081458363
    },
    "0.03": {
        "tpr": [
            0.9902646613034861,
            0.9929758088020985,
            0.9904625794785044
        ],
        "f1": [
            0.9879896472504145,
            0.9893569136501575,
            0.9880706450580465
        ],
        "tpr_avg": 0.9912343498613629,
        "tpr_std": 0.0012340454699081654,
        "f1_avg": 0.9884724019862062,
        "f1_std": 0.0006263177170093954
    },
    "0.1": {
        "tpr": [
            0.9969686370525825,
            0.9974351501020111,
            0.9975791868401097
        ],
        "f1": [
            0.9750840982952278,
            0.9758058767340072,
            0.9754170825609582
        ],
        "tpr_avg": 0.9973276579982344,
        "tpr_std": 0.0002605873814329431,
        "f1_avg": 0.9754356858633977,
        "f1_std": 0.0002949582917611157
    },
    "auc": [
        0.9986542482130969,
        0.9988298477739512,
        0.99870525790461
    ],
    "auc_avg": 0.9987297846305526,
    "auc_std": 7.37562275660451e-05,
    "epoch_time_avg": 0.026903975200653078
}