{
    "auc": [
        0.9917731347834131,
        0.9923726964706779,
        0.9914220110161189
    ],
    "auc_avg": 0.9918559474234033,
    "auc_std": 0.00039250830851854054
}