{
    "0.0001": {
        "tpr": [
            0.2774933085069242,
            0.48617404438247935,
            0.12502932207365705
        ],
        "f1": [
            0.43443406968799814,
            0.6542625962553258,
            0.22226855713094243
        ],
        "tpr_avg": 0.29623222498768687,
        "f1_avg": 0.4369884076914221
    },
    "0.001": {
        "tpr": [
            0.8080414290701734,
            0.861159521319856,
            0.863007271874267
        ],
        "f1": [
            0.8936293436293437,
            0.9251700680272109,
            0.926233635448137
        ],
        "tpr_avg": 0.8440694074214322,
        "f1_avg": 0.9150110157015638
    },
    "0.01": {
        "tpr": [
            0.9335505644128942,
            0.9315092366678285,
            0.9363711001642037
        ],
        "f1": [
            0.9633432405656128,
            0.9621962196219622,
            0.9648317118859145
        ],
        "tpr_avg": 0.9338103004149755,
        "f1_avg": 0.9634570573578299
    },
    "0.1": {
        "tpr": [
            0.9839986035144885,
            0.981991402346927,
            0.9847525216983345
        ],
        "f1": [
            0.9687786434463795,
            0.9677954942318151,
            0.9698509876400601
        ],
        "tpr_avg": 0.9835808425199167,
        "f1_avg": 0.968808375106085
    },
    "epoch_time_avg": 31.0578203731113
}