{
    "0.0001": {
        "tpr": [
            0.3389968579075992,
            0.43789938422214475,
            0.41420361247947457
        ],
        "f1": [
            0.5063445159047453,
            0.609082094376212,
            0.5857764876632802
        ],
        "tpr_avg": 0.3970332848697395,
        "f1_avg": 0.5670676993147458
    },
    "0.001": {
        "tpr": [
            0.8087978587222158,
            0.893981642848844,
            0.8271170537180389
        ],
        "f1": [
            0.894120674128393,
            0.9438209138301136,
            0.9051469644461558
        ],
        "tpr_avg": 0.8432988517630329,
        "f1_avg": 0.9143628508015542
    },
    "0.01": {
        "tpr": [
            0.9402420574886535,
            0.9257000116184501,
            0.926460239268121
        ],
        "f1": [
            0.966852151020164,
            0.9590731266927475,
            0.9594024231014484
        ],
        "tpr_avg": 0.9308007694584082,
        "f1_avg": 0.9617759002714532
    },
    "0.1": {
        "tpr": [
            0.9844059117886652,
            0.986813059137911,
            0.9851043865822191
        ],
        "f1": [
            0.968902124735124,
            0.97021446725876,
            0.9688545391625331
        ],
        "tpr_avg": 0.9854411191695984,
        "f1_avg": 0.9693237103854724
    },
    "epoch_time_avg": 31.09849452972412
}