{
    "0.0001": {
        "tpr": [
            0.4593855463749564,
            0.5662251655629139,
            0.5127257799671593
        ],
        "f1": [
            0.6295602248714166,
            0.7230443974630022,
            0.6778833107191315
        ],
        "tpr_avg": 0.51277883063501,
        "f1_avg": 0.6768293110178502
    },
    "0.001": {
        "tpr": [
            0.9185965320609799,
            0.9512606018357151,
            0.9429392446633826
        ],
        "f1": [
            0.9573390740123102,
            0.9747894157216418,
            0.9703974169407648
        ],
        "tpr_avg": 0.9375987928533593,
        "f1_avg": 0.967508635558239
    },
    "0.01": {
        "tpr": [
            0.9723612242522984,
            0.980074358080632,
            0.9732582688247713
        ],
        "f1": [
            0.9836654207257851,
            0.9876478164149397,
            0.9843124462501112
        ],
        "tpr_avg": 0.9752312837192338,
        "f1_avg": 0.9852085611302787
    },
    "0.1": {
        "tpr": [
            0.9962178517397882,
            0.9964563727198792,
            0.9963640628665259
        ],
        "f1": [
            0.9749167212367964,
            0.9752672276552196,
            0.9743648563399667
        ],
        "tpr_avg": 0.9963460957753978,
        "f1_avg": 0.9748496017439944
    },
    "epoch_time_avg": 168.39752541648016
}