{
    "0.0001": {
        "tpr": [
            0.0,
            0.41001510398512836,
            0.6542341074360779
        ],
        "f1": [
            0.0,
            0.5815754779169413,
            0.7909812819058423
        ],
        "tpr_avg": 0.3547497371404021,
        "f1_avg": 0.4575189199409279
    },
    "0.001": {
        "tpr": [
            0.945595251949261,
            0.9480074358080632,
            0.9070490265071546
        ],
        "f1": [
            0.9718044550754971,
            0.9730777257684625,
            0.9510837817063797
        ],
        "tpr_avg": 0.933550571421493,
        "f1_avg": 0.9653219875167798
    },
    "0.01": {
        "tpr": [
            0.9731758408006517,
            0.9797838968281631,
            0.9802955665024631
        ],
        "f1": [
            0.9840550717815956,
            0.987933458294283,
            0.9876514032496307
        ],
        "tpr_avg": 0.9777517680437593,
        "f1_avg": 0.9865466444418365
    },
    "0.1": {
        "tpr": [
            0.9960432910508553,
            0.9956430812129662,
            0.9962467745718977
        ],
        "f1": [
            0.9747736461477137,
            0.9747760557372388,
            0.9745016492184139
        ],
        "tpr_avg": 0.9959777156119065,
        "f1_avg": 0.9746837837011221
    },
    "epoch_time_avg": 18.36939623620775
}