{
    "0.0001": {
        "tpr": [
            0.39142325148376583,
            0.4848960148716161,
            0.7352216748768473
        ],
        "f1": [
            0.5626228411324383,
            0.6531043386408982,
            0.8474095102909864
        ],
        "tpr_avg": 0.5371803137440764,
        "f1_avg": 0.687712230021441
    },
    "0.001": {
        "tpr": [
            0.8696613522634703,
            0.92355059835018,
            0.8963171475486746
        ],
        "f1": [
            0.9300560049782204,
            0.960024154589372,
            0.9451195003555639
        ],
        "tpr_avg": 0.8965096993874416,
        "f1_avg": 0.9450665533077188
    },
    "0.01": {
        "tpr": [
            0.9547305946700803,
            0.9630533286859533,
            0.9608257095941825
        ],
        "f1": [
            0.9749836591597837,
            0.9788326986095119,
            0.9775947969808167
        ],
        "tpr_avg": 0.9595365443167386,
        "f1_avg": 0.9771370515833708
    },
    "0.1": {
        "tpr": [
            0.9954032351914349,
            0.994887881956547,
            0.995249824067558
        ],
        "f1": [
            0.9746467639015497,
            0.9751736704247808,
            0.9738337063177827
        ],
        "tpr_avg": 0.9951803137385133,
        "f1_avg": 0.9745513802147044
    },
    "epoch_time_avg": 112.84567064709134
}