{
    "0.0001": {
        "tpr": [
            0.0,
            0.6312884861159521,
            0.46792165141918834
        ],
        "f1": [
            0.0,
            0.773975285780421,
            0.637529463465303
        ],
        "tpr_avg": 0.3664033791783801,
        "f1_avg": 0.470501583081908
    },
    "0.001": {
        "tpr": [
            0.8775747701617596,
            0.8995004066457535,
            0.8834154351395731
        ],
        "f1": [
            0.9345643822034949,
            0.9468599033816426,
            0.9378657701407047
        ],
        "tpr_avg": 0.886830203982362,
        "f1_avg": 0.939763351908614
    },
    "0.01": {
        "tpr": [
            0.9511230070988014,
            0.951318694086209,
            0.949214168425991
        ],
        "f1": [
            0.9726288230393908,
            0.9727064833239286,
            0.9720737493243649
        ],
        "tpr_avg": 0.9505519565370005,
        "f1_avg": 0.9724696852292282
    },
    "0.1": {
        "tpr": [
            0.9938321889910392,
            0.994074590449634,
            0.9917898193760263
        ],
        "f1": [
            0.973829750840983,
            0.9739051250675849,
            0.9720657546844464
        ],
        "tpr_avg": 0.9932321996055665,
        "f1_avg": 0.9732668768643382
    },
    "epoch_time_avg": 167.99918863508435
}