{
    "0.0001": {
        "tpr": [
            0.5558594204585128,
            0.24067619379574764,
            0.44024161388693406
        ],
        "f1": [
            0.7145368188787913,
            0.38797583930327295,
            0.6113441101022028
        ],
        "tpr_avg": 0.4122590760470648,
        "f1_avg": 0.571285589428089
    },
    "0.001": {
        "tpr": [
            0.8512742930292099,
            0.9154757755315441,
            0.8572015012901713
        ],
        "f1": [
            0.9194318753142282,
            0.9556411267093176,
            0.9229069326935219
        ],
        "tpr_avg": 0.8746505232836418,
        "f1_avg": 0.9326599782390225
    },
    "0.01": {
        "tpr": [
            0.9531595484696846,
            0.955036598117811,
            0.9567792634295097
        ],
        "f1": [
            0.9736975064641721,
            0.9747131888655026,
            0.9754857997010463
        ],
        "tpr_avg": 0.9549918033390018,
        "f1_avg": 0.9746321650102403
    },
    "0.1": {
        "tpr": [
            0.9952286745025021,
            0.9949459742070408,
            0.9938423645320197
        ],
        "f1": [
            0.9743370645703381,
            0.9743706442895747,
            0.9730986764663663
        ],
        "tpr_avg": 0.9946723377471876,
        "f1_avg": 0.9739354617754263
    },
    "epoch_time_avg": 112.8314204480913
}