{
    "0.0001": {
        "tpr": [
            0.41423251483765855,
            0.6993145114441733,
            0.4583626554069904
        ],
        "f1": [
            0.585805389837482,
            0.823054833857514,
            0.6285990027344378
        ],
        "tpr_avg": 0.5239698938962741,
        "f1_avg": 0.679153075476478
    },
    "0.001": {
        "tpr": [
            0.9370417781915512,
            0.9560241663762055,
            0.941942294159043
        ],
        "f1": [
            0.9672653012192923,
            0.977285548858339,
            0.9698982518643762
        ],
        "tpr_avg": 0.9450027462422664,
        "f1_avg": 0.9714830339806692
    },
    "0.01": {
        "tpr": [
            0.9802746421505877,
            0.980887649587545,
            0.9828172648369693
        ],
        "f1": [
            0.9876883390983173,
            0.9880335878755961,
            0.9889065911370745
        ],
        "tpr_avg": 0.9813265188583674,
        "f1_avg": 0.9882095060369961
    },
    "0.1": {
        "tpr": [
            0.9974397765623182,
            0.9961078192169165,
            0.9972437250762374
        ],
        "f1": [
            0.9755570099308539,
            0.9753419982366828,
            0.9748337537262096
        ],
        "tpr_avg": 0.9969304402851574,
        "f1_avg": 0.9752442539645821
    },
    "epoch_time_avg": 113.20008964008755
}