{
    "0.0001": {
        "tpr": [
            0.43599441405795414,
            0.5331706750319507,
            0.39033544452263663
        ],
        "f1": [
            0.6072369220795008,
            0.6955137920581994,
            0.5614982284460942
        ],
        "tpr_avg": 0.4531668445375138,
        "f1_avg": 0.6214163141945982
    },
    "0.001": {
        "tpr": [
            0.6977772605609217,
            0.8039386545834786,
            0.8133356790992259
        ],
        "f1": [
            0.8217920164468049,
            0.8911139729555699,
            0.8968572167615106
        ],
        "tpr_avg": 0.7716838647478754,
        "f1_avg": 0.8699210687212952
    },
    "0.01": {
        "tpr": [
            0.9011404631676946,
            0.90205646566748,
            0.8939127375087966
        ],
        "f1": [
            0.9456554924589363,
            0.946165798373092,
            0.9416525096525096
        ],
        "tpr_avg": 0.8990365554479904,
        "f1_avg": 0.9444912668281793
    },
    "0.1": {
        "tpr": [
            0.9792854649133015,
            0.9761240850470547,
            0.9736101337086559
        ],
        "f1": [
            0.9682430100103555,
            0.9648578811369508,
            0.9629371846180617
        ],
        "tpr_avg": 0.9763398945563374,
        "f1_avg": 0.9653460252551227
    },
    "epoch_time_avg": 17.96323315302531
}