{
    "0.0001": {
        "tpr": [
            0.2941929477481671,
            0.4743813175322412,
            0.3958479943701619
        ],
        "f1": [
            0.4546353745166802,
            0.6434988179669031,
            0.5671792286362491
        ],
        "tpr_avg": 0.38814075321685676,
        "f1_avg": 0.5551044737066108
    },
    "0.001": {
        "tpr": [
            0.8361456999883626,
            0.9244800743580807,
            0.840253342716397
        ],
        "f1": [
            0.9105886825929915,
            0.9605263157894737,
            0.9129603670192431
        ],
        "tpr_avg": 0.8669597056876134,
        "f1_avg": 0.9280251218005694
    },
    "0.01": {
        "tpr": [
            0.9518212498545328,
            0.9595097014058325,
            0.9500938306357025
        ],
        "f1": [
            0.9729665427509294,
            0.9769904176032178,
            0.9722155544887181
        ],
        "tpr_avg": 0.9538082606320225,
        "f1_avg": 0.9740575049476217
    },
    "0.1": {
        "tpr": [
            0.9947631793320144,
            0.9961659114674103,
            0.995249824067558
        ],
        "f1": [
            0.974353128918272,
            0.9749275115128775,
            0.9738616474908902
        ],
        "tpr_avg": 0.9953929716223276,
        "f1_avg": 0.9743807626406799
    },
    "epoch_time_avg": 167.98071177800497
}