{
    "0.0001": {
        "tpr": [
            0.6225997905271733,
            0.6064250029046125,
            0.8117522871217453
        ],
        "f1": [
            0.7674101699777667,
            0.7549994575633747,
            0.8960963293843465
        ],
        "tpr_avg": 0.6802590268511771,
        "f1_avg": 0.806168652308496
    },
    "0.001": {
        "tpr": [
            0.8988711742115676,
            0.931915882421285,
            0.9143795449214168
        ],
        "f1": [
            0.9465106304760738,
            0.9645262145262145,
            0.955041038833762
        ],
        "tpr_avg": 0.9150555338514231,
        "f1_avg": 0.9553592946120167
    },
    "0.01": {
        "tpr": [
            0.9649133015244967,
            0.9711862437550831,
            0.9702674173117523
        ],
        "f1": [
            0.9800537809166395,
            0.983353920357626,
            0.9825988834778476
        ],
        "tpr_avg": 0.9687889875304441,
        "f1_avg": 0.9820021949173711
    },
    "0.1": {
        "tpr": [
            0.9958687303619225,
            0.9948297897060532,
            0.995249824067558
        ],
        "f1": [
            0.9746583143507973,
            0.974284576435114,
            0.9738337063177827
        ],
        "tpr_avg": 0.9953161147118447,
        "f1_avg": 0.9742588657012314
    },
    "epoch_time_avg": 32.24297491709391
}