{
    "0.0001": {
        "tpr": [
            0.0,
            0.11025909143720228,
            0.11928219563687543
        ],
        "f1": [
            0.0,
            0.19861866889912097,
            0.21314052184847532
        ],
        "tpr_avg": 0.07651376235802591,
        "f1_avg": 0.1372530635825321
    },
    "0.001": {
        "tpr": [
            0.8671011288257884,
            0.8515162077378877,
            0.8366174055829229
        ],
        "f1": [
            0.9285892323030907,
            0.9195734002509409,
            0.9108089127242546
        ],
        "tpr_avg": 0.8517449140488663,
        "f1_avg": 0.9196571817594288
    },
    "0.01": {
        "tpr": [
            0.9340160595833819,
            0.9312187754153596,
            0.9271639690358903
        ],
        "f1": [
            0.9635343197574957,
            0.962040510127532,
            0.9597814539383822
        ],
        "tpr_avg": 0.9307996013448773,
        "f1_avg": 0.9617854279411366
    },
    "0.1": {
        "tpr": [
            0.9900500407308274,
            0.9901824096665505,
            0.9858081163499882
        ],
        "f1": [
            0.9720079977149385,
            0.9719173200285104,
            0.9707504403314756
        ],
        "tpr_avg": 0.9886801889157887,
        "f1_avg": 0.9715585860249748
    },
    "epoch_time_avg": 167.7967725859748
}