{
    "0.0001": {
        "tpr": [
            0.329803328290469,
            0.4695596607412571,
            0.4396551724137931
        ],
        "f1": [
            0.4960182025028441,
            0.6390481084713602,
            0.6107784431137724
        ],
        "tpr_avg": 0.413006053815173,
        "f1_avg": 0.5819482513626589
    },
    "0.001": {
        "tpr": [
            0.8503433026882347,
            0.9029278494248867,
            0.8802486511846118
        ],
        "f1": [
            0.9188883299798792,
            0.9487562948267968,
            0.9360773308387902
        ],
        "tpr_avg": 0.8778399344325778,
        "f1_avg": 0.9345739852151554
    },
    "0.01": {
        "tpr": [
            0.9476899802164552,
            0.9510282328337399,
            0.9495073891625616
        ],
        "f1": [
            0.9708801526034991,
            0.9726116920152091,
            0.9716737682290105
        ],
        "tpr_avg": 0.949408534070919,
        "f1_avg": 0.9717218709492396
    },
    "0.1": {
        "tpr": [
            0.9892936110787851,
            0.99140234692692,
            0.9885057471264368
        ],
        "f1": [
            0.9713763354853454,
            0.9727819420298117,
            0.9704366849938111
        ],
        "tpr_avg": 0.989733901710714,
        "f1_avg": 0.971531654169656
    },
    "epoch_time_avg": 57.39388839403788
}