{
    "0.0001": {
        "tpr": [
            0.3341673455137903,
            0.36429650284652026,
            0.4769528501055595
        ],
        "f1": [
            0.5009376771773736,
            0.5340430061741537,
            0.6458606313281715
        ],
        "tpr_avg": 0.39180556615529,
        "f1_avg": 0.5602804382265663
    },
    "0.001": {
        "tpr": [
            0.7353659955777959,
            0.9173347275473451,
            0.8521581046211588
        ],
        "f1": [
            0.8473064932452817,
            0.9566534395541149,
            0.9199455541135134
        ],
        "tpr_avg": 0.8349529425820998,
        "f1_avg": 0.9079684956376367
    },
    "0.01": {
        "tpr": [
            0.9478063540090772,
            0.9521900778436156,
            0.9380717804363125
        ],
        "f1": [
            0.970883623901058,
            0.973163925666449,
            0.9656504678539088
        ],
        "tpr_avg": 0.9460227374296685,
        "f1_avg": 0.969899339140472
    },
    "0.1": {
        "tpr": [
            0.9937740020947282,
            0.9937260369466713,
            0.9904996481351162
        ],
        "f1": [
            0.9743838429940666,
            0.9737298989611499,
            0.9715830648872528
        ],
        "tpr_avg": 0.9926665623921719,
        "f1_avg": 0.9732322689474898
    },
    "epoch_time_avg": 57.26933550834656
}