{
    "0.0001": {
        "tpr": [
            0.6384848132200629,
            0.0,
            0.7119399483931503
        ],
        "f1": [
            0.7793600625022196,
            0.0,
            0.8317347218416005
        ],
        "tpr_avg": 0.4501415872044044,
        "f1_avg": 0.5370315947812734
    },
    "0.001": {
        "tpr": [
            0.9056208541836378,
            0.9556756128732428,
            0.8847056063804832
        ],
        "f1": [
            0.9502411624641309,
            0.977103317197755,
            0.9385926709388416
        ],
        "tpr_avg": 0.9153340244791212,
        "f1_avg": 0.9553123835335758
    },
    "0.01": {
        "tpr": [
            0.9780635400907716,
            0.9756593470431044,
            0.9785948862303542
        ],
        "f1": [
            0.9865594553351332,
            0.9853618469300948,
            0.9867541836674354
        ],
        "tpr_avg": 0.9774392577880767,
        "f1_avg": 0.9862251619775545
    },
    "0.1": {
        "tpr": [
            0.9959851041545444,
            0.996514464970373,
            0.9956016889514426
        ],
        "f1": [
            0.9747444548845421,
            0.9752131893121092,
            0.974122102364012
        ],
        "tpr_avg": 0.99603375269212,
        "f1_avg": 0.9746932488535545
    },
    "epoch_time_avg": 18.010306490792168
}