{
    "0.0001": {
        "tpr": [
            0.47928546491330154,
            0.6853723713256652,
            0.43338024865118463
        ],
        "f1": [
            0.6479959092160642,
            0.8133186267751276,
            0.6046968333196956
        ],
        "tpr_avg": 0.5326793616300505,
        "f1_avg": 0.6886704564369625
    },
    "0.001": {
        "tpr": [
            0.9546142208774584,
            0.9465551295457186,
            0.8915669716162327
        ],
        "f1": [
            0.9765476190476191,
            0.9723117317102279,
            0.9425002324788444
        ],
        "tpr_avg": 0.93091210734647,
        "f1_avg": 0.9637865277455638
    },
    "0.01": {
        "tpr": [
            0.9778307925055277,
            0.9778668525618682,
            0.9792986159981234
        ],
        "f1": [
            0.9864694314813184,
            0.9870122255123281,
            0.9872010877597469
        ],
        "tpr_avg": 0.9783320870218398,
        "f1_avg": 0.9868942482511311
    },
    "0.1": {
        "tpr": [
            0.9960432910508553,
            0.9961078192169165,
            0.9964227070138401
        ],
        "f1": [
            0.9747458930045838,
            0.975064683972591,
            0.9744222056546424
        ],
        "tpr_avg": 0.996191272427204,
        "f1_avg": 0.9747442608772724
    },
    "epoch_time_avg": 30.890010118484497
}