{
    "0.0001": {
        "tpr": [
            0.7767368788548819,
            0.5970721505751133,
            0.8006685432793808
        ],
        "f1": [
            0.8743409202554445,
            0.7477084242688783,
            0.8893014167073767
        ],
        "tpr_avg": 0.724825857569792,
        "f1_avg": 0.8371169204105665
    },
    "0.001": {
        "tpr": [
            0.9360526009542651,
            0.9505634948297897,
            0.93660567675346
        ],
        "f1": [
            0.9667377783119497,
            0.9744231055530743,
            0.9670895273850252
        ],
        "tpr_avg": 0.9410739241791717,
        "f1_avg": 0.9694168037500165
    },
    "0.01": {
        "tpr": [
            0.9723030373559874,
            0.9749041477866852,
            0.9766009852216748
        ],
        "f1": [
            0.9841279189611002,
            0.9849458579100273,
            0.9857345803243756
        ],
        "tpr_avg": 0.9746027234547826,
        "f1_avg": 0.9849361190651678
    },
    "0.1": {
        "tpr": [
            0.996508786221343,
            0.9958754502149413,
            0.9961881304245837
        ],
        "f1": [
            0.974979362955794,
            0.974809507562834,
            0.9742766195405924
        ],
        "tpr_avg": 0.9961907889536227,
        "f1_avg": 0.9746884966864068
    },
    "epoch_time_avg": 57.73193211025662
}