{
    "pretrained": {
        "fpr_0.003": {
            "f1": [
                0.6499934682694842,
                0.715455037062021
            ],
            "tpr": [
                0.500821062571028,
                0.5715837541081679
            ],
            "f1_mean": 0.6827242526657527,
            "f1_std": 0.032730784396268364,
            "tpr_mean": 0.536202408339598,
            "tpr_std": 0.03538134576856994
        },
        "fpr_0.01": {
            "f1": [
                0.7610198119512895,
                0.7710768362384703
            ],
            "tpr": [
                0.6257304518436709,
                0.6384406313685681
            ],
            "f1_mean": 0.7660483240948799,
            "f1_std": 0.005028512143590402,
            "tpr_mean": 0.6320855416061195,
            "tpr_std": 0.006355089762448585
        },
        "fpr_0.03": {
            "f1": [
                0.839246322160651,
                0.8308265740603611
            ],
            "tpr": [
                0.7416998359106448,
                0.7282218597786797
            ],
            "f1_mean": 0.835036448110506,
            "f1_std": 0.004209874050144946,
            "tpr_mean": 0.7349608478446623,
            "tpr_std": 0.006738988065982554
        },
        "fpr_0.1": {
            "f1": [
                0.900212262585254,
                0.8712529315842064
            ],
            "tpr": [
                0.8820032656860027,
                0.8309837678885815
            ],
            "f1_mean": 0.8857325970847302,
            "f1_std": 0.01447966550052382,
            "tpr_mean": 0.8564935167872921,
            "tpr_std": 0.025509748898710605
        }
    },
    "non_pretrained": {
        "fpr_0.003": {
            "f1": [
                0.7312018882327456,
                0.7895852442575408
            ],
            "tpr": [
                0.5848253956203089,
                0.6661611600280162
            ],
            "f1_mean": 0.7603935662451432,
            "f1_std": 0.029191678012397637,
            "tpr_mean": 0.6254932778241625,
            "tpr_std": 0.040667882203853645
        },
        "fpr_0.01": {
            "f1": [
                0.8214086912971393,
                0.8519029457835322
            ],
            "tpr": [
                0.7075075020922826,
                0.7588488973140584
            ],
            "f1_mean": 0.8366558185403358,
            "f1_std": 0.015247127243196434,
            "tpr_mean": 0.7331781997031706,
            "tpr_std": 0.02567069761088786
        },
        "fpr_0.03": {
            "f1": [
                0.8787019878321631,
                0.9059146688842216
            ],
            "tpr": [
                0.8011900306801798,
                0.8459454903488514
            ],
            "f1_mean": 0.8923083283581923,
            "f1_std": 0.013606340526029215,
            "tpr_mean": 0.8235677605145155,
            "tpr_std": 0.02237772983433578
        },
        "fpr_0.1": {
            "f1": [
                0.9081634632010307,
                0.9098723054768778
            ],
            "tpr": [
                0.8942676014137894,
                0.8957990040571013
            ],
            "f1_mean": 0.9090178843389543,
            "f1_std": 0.0008544211379235556,
            "tpr_mean": 0.8950333027354453,
            "tpr_std": 0.0007657013216559871
        }
    },
    "full_data": {
        "fpr_0.003": {
            "f1": [
                0.8383387328419196,
                0.821781930802991
            ],
            "tpr": [
                0.7263886546659549,
                0.7088538827307254
            ],
            "f1_mean": 0.8300603318224553,
            "f1_std": 0.00827840101946431,
            "tpr_mean": 0.7176212686983401,
            "tpr_std": 0.008767385967614783
        },
        "fpr_0.01": {
            "f1": [
                0.871746683620814,
                0.8819937689949058
            ],
            "tpr": [
                0.7792064023952613,
                0.7955373615370477
            ],
            "f1_mean": 0.8768702263078598,
            "f1_std": 0.005123542687045901,
            "tpr_mean": 0.7873718819661545,
            "tpr_std": 0.008165479570893197
        },
        "fpr_0.03": {
            "f1": [
                0.8911934212763136,
                0.9018885522574565
            ],
            "tpr": [
                0.8191347602240713,
                0.8386646446765385
            ],
            "f1_mean": 0.896540986766885,
            "f1_std": 0.005347565490571415,
            "tpr_mean": 0.8288997024503049,
            "tpr_std": 0.009764942226233586
        },
        "fpr_0.1": {
            "f1": [
                0.9189157163972609,
                0.9250719898830129
            ],
            "tpr": [
                0.9130479598115527,
                0.9263770239845805
            ],
            "f1_mean": 0.9219938531401368,
            "f1_std": 0.003078136742875992,
            "tpr_mean": 0.9197124918980666,
            "tpr_std": 0.006664532086513908
        }
    }
}