{
    "0.0001": {
        "tpr": [
            0.3434190620272315,
            0.4483559893110259,
            0.41396903589021816
        ],
        "f1": [
            0.5112612612612613,
            0.6191240173271297,
            0.5855418688565385
        ],
        "tpr_avg": 0.4019146957428252,
        "f1_avg": 0.5719757158149764
    },
    "0.001": {
        "tpr": [
            0.7821482602118003,
            0.7698965957941211,
            0.8435374149659864
        ],
        "f1": [
            0.8775297036166602,
            0.8697621000820344,
            0.9148963236229487
        ],
        "tpr_avg": 0.7985274236573026,
        "f1_avg": 0.8873960424405477
    },
    "0.01": {
        "tpr": [
            0.9046898638426626,
            0.8985709306378529,
            0.9256392212057236
        ],
        "f1": [
            0.9477887165107134,
            0.9442358758355461,
            0.9589598711990036
        ],
        "tpr_avg": 0.9096333385620797,
        "f1_avg": 0.9503281545150877
    },
    "0.1": {
        "tpr": [
            0.985802397300128,
            0.9873358893923551,
            0.9887989678630072
        ],
        "f1": [
            0.9714449541284405,
            0.9707007824547376,
            0.9707245458994214
        ],
        "tpr_avg": 0.9873124181851635,
        "f1_avg": 0.9709567608275331
    },
    "epoch_time_avg": 27.981677797105576
}