{
    "0.0001": {
        "tpr": [
            0.3536599557779588,
            0.5003485535029627,
            0.2568027210884354
        ],
        "f1": [
            0.5225240715268226,
            0.6669764200255546,
            0.408660351826793
        ],
        "tpr_avg": 0.37027041012311895,
        "f1_avg": 0.5327202811263901
    },
    "0.001": {
        "tpr": [
            0.7652158733853136,
            0.8091669571279191,
            0.8017827820783486
        ],
        "f1": [
            0.8667655297413083,
            0.8942891078938076,
            0.8898145135047186
        ],
        "tpr_avg": 0.7920552041971938,
        "f1_avg": 0.8836230503799448
    },
    "0.01": {
        "tpr": [
            0.8957872687070871,
            0.8947368421052632,
            0.8981351161154116
        ],
        "f1": [
            0.9428011513258621,
            0.9421047802550693,
            0.9441173750886169
        ],
        "tpr_avg": 0.896219742309254,
        "f1_avg": 0.9430077688898494
    },
    "0.1": {
        "tpr": [
            0.9765506807866868,
            0.9775763913093993,
            0.9717921651419188
        ],
        "f1": [
            0.9649839006439742,
            0.9655726417259582,
            0.9634302325581395
        ],
        "tpr_avg": 0.9753064124126682,
        "f1_avg": 0.9646622583093573
    },
    "epoch_time_avg": 21.62908681233724
}