{
    "0.0001": {
        "tpr": [
            0.5325846619341325,
            0.4588706866504008,
            0.36382828993666433
        ],
        "f1": [
            0.6950149967728464,
            0.6290765738860351,
            0.5335397316821465
        ],
        "tpr_avg": 0.45176121284039916,
        "f1_avg": 0.619210434113676
    },
    "0.001": {
        "tpr": [
            0.8427208192715001,
            0.6481933310096433,
            0.8291695988740324
        ],
        "f1": [
            0.9144174006376867,
            0.7863284002818887,
            0.9064623669701244
        ],
        "tpr_avg": 0.7733612497183918,
        "f1_avg": 0.8690693892965666
    },
    "0.01": {
        "tpr": [
            0.9322122657977423,
            0.9008946206576043,
            0.9030612244897959
        ],
        "f1": [
            0.9625690939677961,
            0.945609756097561,
            0.9467277366204543
        ],
        "tpr_avg": 0.9120560369817142,
        "f1_avg": 0.9516355288952706
    },
    "0.1": {
        "tpr": [
            0.9876061910857675,
            0.9872197048913675,
            0.9861013370865588
        ],
        "f1": [
            0.9718293730317777,
            0.9704202832343536,
            0.971067221067221
        ],
        "tpr_avg": 0.9869757443545645,
        "f1_avg": 0.971105625777784
    },
    "epoch_time_avg": 73.14733081393771
}