{
    "0.0001": {
        "tpr": [
            0.43931106714767837,
            0.5582084349947717,
            0.30154820548909217
        ],
        "f1": [
            0.6104463130659767,
            0.7164746672631696,
            0.46336847796701813
        ],
        "tpr_avg": 0.4330225692105141,
        "f1_avg": 0.5967631527653882
    },
    "0.001": {
        "tpr": [
            0.8179913883393459,
            0.7650168467526431,
            0.7821956368754398
        ],
        "f1": [
            0.8996544221169844,
            0.8666381494521403,
            0.8776443493995723
        ],
        "tpr_avg": 0.7884012906558096,
        "f1_avg": 0.8813123069895656
    },
    "0.01": {
        "tpr": [
            0.9269172582334458,
            0.8943882886023005,
            0.9265775275627492
        ],
        "f1": [
            0.9597252763803958,
            0.9428046540110226,
            0.9594656140883558
        ],
        "tpr_avg": 0.9159610247994984,
        "f1_avg": 0.9539985148265915
    },
    "0.1": {
        "tpr": [
            0.9861515186779937,
            0.9871616126408737,
            0.985632183908046
        ],
        "f1": [
            0.9715383072028433,
            0.9710285714285714,
            0.9693456758081727
        ],
        "tpr_avg": 0.9863151050756378,
        "f1_avg": 0.9706375181465291
    },
    "epoch_time_avg": 78.00318463643391
}