{
    "0.0001": {
        "tpr": [
            0.40294425695333413,
            0.202102939467875,
            0.29797091250293223
        ],
        "f1": [
            0.5744266102608768,
            0.336248973082685,
            0.4591334206840465
        ],
        "tpr_avg": 0.3010060363080471,
        "f1_avg": 0.4566030013425361
    },
    "0.001": {
        "tpr": [
            0.6771209123705342,
            0.6831067735564076,
            0.8162678864649308
        ],
        "f1": [
            0.8072560785265859,
            0.811497187812705,
            0.8986087349494818
        ],
        "tpr_avg": 0.7254985241306242,
        "f1_avg": 0.8391206670962577
    },
    "0.01": {
        "tpr": [
            0.8961363900849528,
            0.8936911815963751,
            0.9031785127844241
        ],
        "f1": [
            0.9429087458291242,
            0.9415508905073751,
            0.9467051880993361
        ],
        "tpr_avg": 0.8976686948219174,
        "f1_avg": 0.9437216081452785
    },
    "0.1": {
        "tpr": [
            0.9741068311416269,
            0.9767050075519925,
            0.9767769176636172
        ],
        "f1": [
            0.965817636368881,
            0.9658480539997127,
            0.9647263249348393
        ],
        "tpr_avg": 0.9758629187857455,
        "f1_avg": 0.9654640051011443
    },
    "epoch_time_avg": 19.62587179077996
}