{
    "0.0001": {
        "tpr": [
            0.36721750261841035,
            0.6343092831416289,
            0.44616467276565797
        ],
        "f1": [
            0.5371749585053411,
            0.7762414246614298,
            0.6170316301703164
        ],
        "tpr_avg": 0.48256381950856575,
        "f1_avg": 0.6434826711123623
    },
    "0.001": {
        "tpr": [
            0.7869195857092983,
            0.7684442895317765,
            0.8038939713816561
        ],
        "f1": [
            0.8805260759164009,
            0.8688626884298334,
            0.8910846036337634
        ],
        "tpr_avg": 0.786419282207577,
        "f1_avg": 0.8801577893266659
    },
    "0.01": {
        "tpr": [
            0.9315722099383219,
            0.8891018938073662,
            0.8974313863476425
        ],
        "f1": [
            0.9622550787354249,
            0.938957055214724,
            0.9442216326278768
        ],
        "tpr_avg": 0.9060351633644435,
        "f1_avg": 0.9484779221926752
    },
    "0.1": {
        "tpr": [
            0.9899918538345165,
            0.986813059137911,
            0.9883884588318086
        ],
        "f1": [
            0.9720063985374772,
            0.9708798902637671,
            0.9705171023839686
        ],
        "tpr_avg": 0.988397790601412,
        "f1_avg": 0.9711344637284043
    },
    "epoch_time_avg": 40.685765504837036
}