{
    "0.0001": {
        "tpr": [
            0.43611078785057605,
            0.2879632856976879,
            0.3823598404879193
        ],
        "f1": [
            0.6073497832340666,
            0.44716070542600694,
            0.5531987103342949
        ],
        "tpr_avg": 0.3688113046787278,
        "f1_avg": 0.5359030663314561
    },
    "0.001": {
        "tpr": [
            0.8348655882695217,
            0.8451260601835715,
            0.7777973258268824
        ],
        "f1": [
            0.9097999429314226,
            0.9158325464274474,
            0.8747815189789928
        ],
        "tpr_avg": 0.8192629914266586,
        "f1_avg": 0.9001380027792876
    },
    "0.01": {
        "tpr": [
            0.9046316769463517,
            0.9201231555710468,
            0.886347642505278
        ],
        "f1": [
            0.9475833485707319,
            0.9560572221886884,
            0.9382624080454418
        ],
        "tpr_avg": 0.9037008250075589,
        "f1_avg": 0.9473009929349541
    },
    "0.1": {
        "tpr": [
            0.9883626207378099,
            0.9900662251655629,
            0.9842247243725076
        ],
        "f1": [
            0.9709892245691257,
            0.9719418306244653,
            0.9703399629972248
        ],
        "tpr_avg": 0.9875511900919601,
        "f1_avg": 0.9710903393969387
    },
    "epoch_time_avg": 44.68558377689786
}