{
    "0.0001": {
        "tpr": [
            0.31345281042709183,
            0.5039502730335773,
            0.5754750175932442
        ],
        "f1": [
            0.47729588446373983,
            0.6701687975588088,
            0.7305415968732552
        ],
        "tpr_avg": 0.46429270035130443,
        "f1_avg": 0.6260020929652679
    },
    "0.001": {
        "tpr": [
            0.7928546491330153,
            0.690252120367143,
            0.8198451794510908
        ],
        "f1": [
            0.8842597099192057,
            0.8165481221867162,
            0.9007731958762887
        ],
        "tpr_avg": 0.7676506496504164,
        "f1_avg": 0.8671936759940703
    },
    "0.01": {
        "tpr": [
            0.9315140230420109,
            0.9230277680957361,
            0.9287473610133709
        ],
        "f1": [
            0.9622528100018033,
            0.9576301832208294,
            0.960662400291165
        ],
        "tpr_avg": 0.9277630507170392,
        "f1_avg": 0.9601817978379326
    },
    "0.1": {
        "tpr": [
            0.9855696497148843,
            0.9851283838735913,
            0.9840487919305654
        ],
        "f1": [
            0.9694645565635465,
            0.9719165520403484,
            0.9681793266595505
        ],
        "tpr_avg": 0.984915608506347,
        "f1_avg": 0.9698534784211486
    },
    "epoch_time_avg": 64.56078272395663
}