{
    "0.0001": {
        "tpr": [
            0.31822413592458976,
            0.49546880446148484,
            0.36951677222613183
        ],
        "f1": [
            0.4828073273008166,
            0.6626267334809463,
            0.5396308825418575
        ],
        "tpr_avg": 0.3944032375374022,
        "f1_avg": 0.5616883144412067
    },
    "0.001": {
        "tpr": [
            0.8535435819853369,
            0.7922040199837341,
            0.7626671358198451
        ],
        "f1": [
            0.9207544801180052,
            0.8838550780996824,
            0.8651255612838848
        ],
        "tpr_avg": 0.8028049125963054,
        "f1_avg": 0.8899117065005241
    },
    "0.01": {
        "tpr": [
            0.9294192947748167,
            0.8835831300104566,
            0.8909218859957776
        ],
        "f1": [
            0.9613602166716821,
            0.9370379497289305,
            0.9406811145510837
        ],
        "tpr_avg": 0.9013081035936836,
        "f1_avg": 0.9463597603172321
    },
    "0.1": {
        "tpr": [
            0.9873734435005237,
            0.9881491808992681,
            0.9842833685198217
        ],
        "f1": [
            0.9704612393125733,
            0.971028971028971,
            0.9700332321918796
        ],
        "tpr_avg": 0.9866019976398711,
        "f1_avg": 0.970507814177808
    },
    "epoch_time_avg": 28.936941146850586
}