{
    "0.0001": {
        "tpr": [
            0.3839171418596532,
            0.5141164168699895,
            0.3158573774337321
        ],
        "f1": [
            0.5548267743020517,
            0.6790976058931859,
            0.4800784383634905
        ],
        "tpr_avg": 0.4046303120544583,
        "f1_avg": 0.5713342728529094
    },
    "0.001": {
        "tpr": [
            0.6634469917374607,
            0.7102358545370048,
            0.6877199155524278
        ],
        "f1": [
            0.7974820772862389,
            0.8304014127555526,
            0.8148276820455808
        ],
        "tpr_avg": 0.6871342539422978,
        "f1_avg": 0.8142370573624573
    },
    "0.01": {
        "tpr": [
            0.9131269638077505,
            0.8983966538863716,
            0.8964930799906169
        ],
        "f1": [
            0.9522740374404564,
            0.9446870895818699,
            0.9435837293994198
        ],
        "tpr_avg": 0.9026722325615797,
        "f1_avg": 0.9468482854739153
    },
    "0.1": {
        "tpr": [
            0.9901664145234493,
            0.9863483211339608,
            0.9865704902650716
        ],
        "f1": [
            0.9718446601941747,
            0.9723120973514675,
            0.9713328906723636
        ],
        "tpr_avg": 0.9876950753074939,
        "f1_avg": 0.9718298827393353
    },
    "epoch_time_avg": 30.840884288152058
}