{
    "0.0001": {
        "tpr": [
            0.43005935063423717,
            0.3776577204600906,
            0.524513253577293
        ],
        "f1": [
            0.6014566464580705,
            0.5482605945604048,
            0.6881058624403754
        ],
        "tpr_avg": 0.44407677489054026,
        "f1_avg": 0.6126077011529502
    },
    "0.001": {
        "tpr": [
            0.780169905737228,
            0.7690252120367143,
            0.7328759089842833
        ],
        "f1": [
            0.8762825959087642,
            0.8692340523326438,
            0.845706164986127
        ],
        "tpr_avg": 0.7606903422527419,
        "f1_avg": 0.8637409377425117
    },
    "0.01": {
        "tpr": [
            0.9000930990340975,
            0.915766236784013,
            0.8990734224724373
        ],
        "f1": [
            0.9455090003361756,
            0.9536888593121389,
            0.9444923607688516
        ],
        "tpr_avg": 0.9049775860968493,
        "f1_avg": 0.9478967401390553
    },
    "0.1": {
        "tpr": [
            0.9874316303968347,
            0.9894853026606251,
            0.986863711001642
        ],
        "f1": [
            0.9706572098610078,
            0.9715931777993269,
            0.9704449121997637
        ],
        "tpr_avg": 0.987926881353034,
        "f1_avg": 0.9708984332866994
    },
    "epoch_time_avg": 47.20375304751926
}