{
    "auc": [
        0.9997228650183176,
        0.9997840394018285,
        0.9996923949349794
    ],
    "auc_avg": 0.9997330997850419,
    "auc_std": 3.8107216407012054e-05,
    "epoch_time_avg": 0.02848255422115326
}