{
    "auc": [
        0.999275185392387,
        0.9994428038595917,
        0.9990551577559346
    ],
    "auc_avg": 0.9992577156693043,
    "auc_std": 0.00015873724376797577
}