{
    "pretrained": {
        "fpr_0.003": {
            "f1": [
                0.7871397571995055
            ],
            "tpr": [
                NaN
            ],
            "f1_mean": 0.7871397571995055,
            "f1_std": 0,
            "tpr_mean": NaN,
            "tpr_std": NaN
        },
        "fpr_0.01": {
            "f1": [
                0.7871397571995055
            ],
            "tpr": [
                NaN
            ],
            "f1_mean": 0.7871397571995055,
            "f1_std": 0,
            "tpr_mean": NaN,
            "tpr_std": NaN
        },
        "fpr_0.03": {
            "f1": [
                0.7871397571995055
            ],
            "tpr": [
                NaN
            ],
            "f1_mean": 0.7871397571995055,
            "f1_std": 0,
            "tpr_mean": NaN,
            "tpr_std": NaN
        },
        "fpr_0.1": {
            "f1": [
                0.7871397571995055
            ],
            "tpr": [
                NaN
            ],
            "f1_mean": 0.7871397571995055,
            "f1_std": 0,
            "tpr_mean": NaN,
            "tpr_std": NaN
        }
    },
    "non_pretrained": {
        "fpr_0.003": {
            "f1": [
                0.7756262961915577
            ],
            "tpr": [
                NaN
            ],
            "f1_mean": 0.7756262961915577,
            "f1_std": 0,
            "tpr_mean": NaN,
            "tpr_std": NaN
        },
        "fpr_0.01": {
            "f1": [
                0.7756262961915577
            ],
            "tpr": [
                NaN
            ],
            "f1_mean": 0.7756262961915577,
            "f1_std": 0,
            "tpr_mean": NaN,
            "tpr_std": NaN
        },
        "fpr_0.03": {
            "f1": [
                0.7756262961915577
            ],
            "tpr": [
                NaN
            ],
            "f1_mean": 0.7756262961915577,
            "f1_std": 0,
            "tpr_mean": NaN,
            "tpr_std": NaN
        },
        "fpr_0.1": {
            "f1": [
                0.7756262961915577
            ],
            "tpr": [
                NaN
            ],
            "f1_mean": 0.7756262961915577,
            "f1_std": 0,
            "tpr_mean": NaN,
            "tpr_std": NaN
        }
    },
    "full_data": {
        "fpr_0.003": {
            "f1": [
                0.8336716643242442
            ],
            "tpr": [
                NaN
            ],
            "f1_mean": 0.8336716643242442,
            "f1_std": 0,
            "tpr_mean": NaN,
            "tpr_std": NaN
        },
        "fpr_0.01": {
            "f1": [
                0.8336716643242442
            ],
            "tpr": [
                NaN
            ],
            "f1_mean": 0.8336716643242442,
            "f1_std": 0,
            "tpr_mean": NaN,
            "tpr_std": NaN
        },
        "fpr_0.03": {
            "f1": [
                0.8336716643242442
            ],
            "tpr": [
                NaN
            ],
            "f1_mean": 0.8336716643242442,
            "f1_std": 0,
            "tpr_mean": NaN,
            "tpr_std": NaN
        },
        "fpr_0.1": {
            "f1": [
                0.8336716643242442
            ],
            "tpr": [
                NaN
            ],
            "f1_mean": 0.8336716643242442,
            "f1_std": 0,
            "tpr_mean": NaN,
            "tpr_std": NaN
        }
    }
}