{
    "0.0001": {
        "tpr": [
            0.07537135521731157,
            0.0,
            0.0
        ],
        "f1": [
            0.14017735334242837,
            0.0,
            0.0
        ],
        "tpr_avg": 0.02512378507243719,
        "f1_avg": 0.046725784447476125
    },
    "0.001": {
        "tpr": [
            0.13024940399779938,
            0.13511411974568907,
            0.12613065326633166
        ],
        "f1": [
            0.23040428206479865,
            0.23798590130916417,
            0.22393446611784745
        ],
        "tpr_avg": 0.13049805900327338,
        "f1_avg": 0.23077488316393677
    },
    "0.01": {
        "tpr": [
            0.2945167797542637,
            0.33545259113570874,
            0.3619004111466423
        ],
        "f1": [
            0.45365629744712405,
            0.5009220681647428,
            0.52997056462403
        ],
        "tpr_avg": 0.3306232606788716,
        "f1_avg": 0.49484964341196563
    },
    "0.1": {
        "tpr": [
            0.6599578213827251,
            0.6984402872432878,
            0.6824577432617633
        ],
        "f1": [
            0.7768064324645189,
            0.8040439143827502,
            0.7930247372332521
        ],
        "tpr_avg": 0.680285283962592,
        "f1_avg": 0.791291694693507
    },
    "epoch_time_avg": 48.380859242545235
}