{
    "0.0001": {
        "tpr": [
            0.07110764716669724,
            0.0,
            0.0
        ],
        "f1": [
            0.13277404442922572,
            0.0,
            0.0
        ],
        "tpr_avg": 0.023702549055565746,
        "f1_avg": 0.044258014809741904
    },
    "0.001": {
        "tpr": [
            0.13368787823216577,
            0.09719617618808032,
            0.13595248972133395
        ],
        "f1": [
            0.23576972833117724,
            0.17711285214202369,
            0.23928600144729437
        ],
        "tpr_avg": 0.12227884804719336,
        "f1_avg": 0.21738952730683178
    },
    "0.01": {
        "tpr": [
            0.41422152943333945,
            0.29369253990760646,
            0.36455002284148014
        ],
        "f1": [
            0.5841846631320315,
            0.45267721809016886,
            0.5328347744800187
        ],
        "tpr_avg": 0.3574880307274753,
        "f1_avg": 0.5232322185674064
    },
    "0.1": {
        "tpr": [
            0.87002567394095,
            0.6802360151854732,
            0.8259479214253084
        ],
        "f1": [
            0.9113917971376428,
            0.7913795397099908,
            0.8859053825611878
        ],
        "tpr_avg": 0.7920698701839105,
        "f1_avg": 0.8628922398029405
    },
    "epoch_time_avg": 48.34883652793037
}