{
    "0.0001": {
        "tpr": [
            0.052173115716119565,
            0.06408086721858848,
            0.0
        ],
        "f1": [
            0.09917211328976035,
            0.1204436038514443,
            0.0
        ],
        "tpr_avg": 0.03875132764490268,
        "f1_avg": 0.07320523904706822
    },
    "0.001": {
        "tpr": [
            0.1490463964790024,
            0.22887984265654301,
            0.1660118775696665
        ],
        "f1": [
            0.2593434645606478,
            0.37239069767441857,
            0.28466238445871844
        ],
        "tpr_avg": 0.18131270556840398,
        "f1_avg": 0.3054655155645949
    },
    "0.01": {
        "tpr": [
            0.3078122134604805,
            0.36312491423866805,
            0.3500228414801279
        ],
        "f1": [
            0.46932997798049697,
            0.531267775286914,
            0.5170738291267378
        ],
        "tpr_avg": 0.34031998972642546,
        "f1_avg": 0.5058905274647163
    },
    "0.1": {
        "tpr": [
            0.5942600403447643,
            0.6768055619082468,
            0.6441754225673824
        ],
        "f1": [
            0.7276095315613684,
            0.7889629432151425,
            0.765568163309626
        ],
        "tpr_avg": 0.6384136749401311,
        "f1_avg": 0.7607135460287123
    },
    "epoch_time_avg": 95.66132050090366
}