{
    "0.0001": {
        "tpr": [
            0.07303319273794241,
            0.0,
            0.06834170854271357
        ],
        "f1": [
            0.13612475966673787,
            0.0,
            0.1279397930385701
        ],
        "tpr_avg": 0.047124967093551996,
        "f1_avg": 0.08802151756843597
    },
    "0.001": {
        "tpr": [
            0.13432972675591417,
            0.12939669761697845,
            0.12987665600730927
        ],
        "f1": [
            0.23676767676767677,
            0.22906882591093117,
            0.22982094499009742
        ],
        "tpr_avg": 0.13120102679340062,
        "f1_avg": 0.23188581588956847
    },
    "0.01": {
        "tpr": [
            0.36067302402347334,
            0.38512555458994646,
            0.3793513019643673
        ],
        "f1": [
            0.528625184786991,
            0.5545310853530031,
            0.5485170751040358
        ],
        "tpr_avg": 0.3750499601925957,
        "f1_avg": 0.5438911150813434
    },
    "0.1": {
        "tpr": [
            0.7179534201357051,
            0.7196633581850616,
            0.686203746002741
        ],
        "f1": [
            0.8171784903592767,
            0.8184773844513227,
            0.7956459558239314
        ],
        "tpr_avg": 0.7079401747745026,
        "f1_avg": 0.8104339435448437
    },
    "epoch_time_avg": 48.17456290456984
}