{
    "0.0001": {
        "tpr": [
            0.09691912708600771,
            0.021909161597219045,
            0.0
        ],
        "f1": [
            0.1767115272088941,
            0.042878882821591614,
            0.0
        ],
        "tpr_avg": 0.03960942956107558,
        "f1_avg": 0.07319680334349524
    },
    "0.001": {
        "tpr": [
            0.1260773885934348,
            0.17412980835201025,
            0.04760164458656921
        ],
        "f1": [
            0.22385022385022388,
            0.2965184204377288,
            0.09084568439407148
        ],
        "tpr_avg": 0.11593628051067144,
        "f1_avg": 0.20373810956067473
    },
    "0.01": {
        "tpr": [
            0.36452411516596367,
            0.3230572199606641,
            0.38972133394243946
        ],
        "f1": [
            0.5327660144733315,
            0.486918754955017,
            0.5593181445664644
        ],
        "tpr_avg": 0.35910088968968906,
        "f1_avg": 0.5263343046649376
    },
    "0.1": {
        "tpr": [
            0.6844856042545387,
            0.5568769153364131,
            0.5934673366834171
        ],
        "f1": [
            0.7942123041732053,
            0.697947718413208,
            0.7272167487684729
        ],
        "tpr_avg": 0.6116099520914563,
        "f1_avg": 0.7397922571182954
    },
    "epoch_time_avg": 46.13705046971639
}