{
    "0.0001": {
        "tpr": [
            0.0,
            0.0,
            0.0
        ],
        "f1": [
            0.0,
            0.0,
            0.0
        ],
        "tpr_avg": 0.0,
        "f1_avg": 0.0
    },
    "0.001": {
        "tpr": [
            0.10219145424536952,
            0.06339477656314321,
            0.0873458200091366
        ],
        "f1": [
            0.18537153311988025,
            0.11920017200602023,
            0.16060478790424193
        ],
        "tpr_avg": 0.08431068360588312,
        "f1_avg": 0.15505883101004747
    },
    "0.01": {
        "tpr": [
            0.16078305519897304,
            0.175181814023693,
            0.18369118318867061
        ],
        "f1": [
            0.2760982522437411,
            0.29715261075335564,
            0.30936718599730717
        ],
        "tpr_avg": 0.17321868413711225,
        "f1_avg": 0.294206016331468
    },
    "0.1": {
        "tpr": [
            0.6730240234733175,
            0.4839683483510955,
            0.42507994518044767
        ],
        "f1": [
            0.7861407877473425,
            0.6356100198233916,
            0.580800199737844
        ],
        "tpr_avg": 0.5273574390016201,
        "f1_avg": 0.6675170024361927
    },
    "epoch_time_avg": 45.64956206745572
}