{
    "0.0001": {
        "tpr": [
            0.9345633671446892,
            0.9597201981929466,
            0.9776876859359506
        ],
        "f1": [
            0.9661604290966069,
            0.9794315798866728,
            0.9887033978291646
        ],
        "tpr_avg": 0.9573237504245289,
        "tpr_std": 0.01768679242132671,
        "f1_avg": 0.9780984689374815,
        "f1_std": 0.009251279133950747
    },
    "0.0003": {
        "tpr": [
            0.9762446076716801,
            0.9637423491693384,
            0.9796710027416439
        ],
        "f1": [
            0.9879358149961655,
            0.9814781834372216,
            0.98968738029995
        ],
        "tpr_avg": 0.9732193198608875,
        "tpr_std": 0.006845668991424555,
        "f1_avg": 0.9863671262444456,
        "f1_std": 0.0035301856969651916
    },
    "0.001": {
        "tpr": [
            0.9871750029147721,
            0.9856601573885164,
            0.9882459312839059
        ],
        "f1": [
            0.9933275652212169,
            0.9925888965527363,
            0.9938549534355062
        ],
        "tpr_avg": 0.9870270305290648,
        "tpr_std": 0.0010608105485015932,
        "f1_avg": 0.9932571384031532,
        "f1_std": 0.0005192590619521988
    },
    "0.003": {
        "tpr": [
            0.9940830127084062,
            0.9930923928883707,
            0.9955667036108032
        ],
        "f1": [
            0.9963191259384768,
            0.9958206686930091,
            0.9970789273821348
        ],
        "tpr_avg": 0.9942473697358599,
        "tpr_std": 0.0010167967060467438,
        "f1_avg": 0.9964062406712069,
        "f1_std": 0.0005173621972300317
    },
    "0.01": {
        "tpr": [
            0.9976098869068439,
            0.9980472165549402,
            0.9978416846526279
        ],
        "f1": [
            0.9966077018271821,
            0.9968704967904398,
            0.9965772877554289
        ],
        "tpr_avg": 0.9978329293714706,
        "tpr_std": 0.00017864638532981216,
        "f1_avg": 0.9966851621243503,
        "f1_std": 0.0001316382866824898
    },
    "0.03": {
        "tpr": [
            0.9990964206599044,
            0.9993587875255028,
            0.9991250072916059
        ],
        "f1": [
            0.9927592898311467,
            0.9925891616489116,
            0.9924672615598562
        ],
        "tpr_avg": 0.9991934051590045,
        "tpr_std": 0.00011752388194027203,
        "f1_avg": 0.9926052376799716,
        "f1_std": 0.00011976075286226966
    },
    "0.1": {
        "tpr": [
            0.9999708522793518,
            0.9999417079568639,
            0.9999416671527738
        ],
        "f1": [
            0.9766422318696177,
            0.9767263099457659,
            0.9765295659109036
        ],
        "tpr_avg": 0.9999514091296632,
        "tpr_std": 1.3748393084395494e-05,
        "f1_avg": 0.976632702575429,
        "f1_std": 8.060256157749626e-05
    },
    "auc": [
        0.9998827948560516,
        0.9998898049570787,
        0.9999009147593068
    ],
    "auc_avg": 0.9998911715241457,
    "auc_std": 7.46026597629815e-06
}