{
    "0.0001": {
        "tpr": [
            0.08372472149982534,
            0.2444236832885671
        ],
        "f1": [
            0.15451289398280804,
            0.3928180424786512
        ],
        "tpr_avg": 0.1640742023941962,
        "f1_avg": 0.2736654682307296
    },
    "0.0003": {
        "tpr": [
            0.08671350386212785,
            0.32317334267585346
        ],
        "f1": [
            0.15957142857142856,
            0.48843913631817376
        ],
        "tpr_avg": 0.20494342326899065,
        "f1_avg": 0.32400528244480115
    },
    "0.001": {
        "tpr": [
            0.09599037379187206,
            0.3662657168437853
        ],
        "f1": [
            0.1750920419144718,
            0.5359726573625747
        ],
        "tpr_avg": 0.23112804531782866,
        "f1_avg": 0.35553234963852326
    },
    "0.003": {
        "tpr": [
            0.19089391763381594,
            0.5019658219471369
        ],
        "f1": [
            0.3202135625223817,
            0.6677714196939488
        ],
        "tpr_avg": 0.3464298697904764,
        "f1_avg": 0.49399249110816523
    },
    "0.01": {
        "tpr": [
            0.28086791134572836,
            0.5755770952547783
        ],
        "f1": [
            0.4369565217391304,
            0.7284102665155918
        ],
        "tpr_avg": 0.42822250330025335,
        "f1_avg": 0.5826833941273611
    },
    "0.03": {
        "tpr": [
            0.5735356907192485,
            0.6487990968897194
        ],
        "f1": [
            0.7224014862618557,
            0.7801624265686802
        ],
        "tpr_avg": 0.6111673938044839,
        "f1_avg": 0.751281956415268
    },
    "0.1": {
        "tpr": [
            0.7039941000659861,
            0.789754369574526
        ],
        "f1": [
            0.8037668956348326,
            0.8594243111007561
        ],
        "tpr_avg": 0.746874234820256,
        "f1_avg": 0.8315956033677944
    },
    "epoch_time_avg": 3537.918606042862
}