{
    "0.0001": {
        "tpr": [
            0.0018321443885705375
        ],
        "f1": [
            0.0036574452355939454
        ],
        "tpr_avg": 0.0018321443885705375,
        "f1_avg": 0.0036574452355939454
    },
    "0.0003": {
        "tpr": [
            0.002689743889603555
        ],
        "f1": [
            0.005364431486880467
        ],
        "tpr_avg": 0.002689743889603555,
        "f1_avg": 0.005364431486880467
    },
    "0.001": {
        "tpr": [
            0.02545511246248002
        ],
        "f1": [
            0.049623831598145755
        ],
        "tpr_avg": 0.02545511246248002,
        "f1_avg": 0.049623831598145755
    },
    "0.003": {
        "tpr": [
            0.026156784781507035
        ],
        "f1": [
            0.05091047040971168
        ],
        "tpr_avg": 0.026156784781507035,
        "f1_avg": 0.05091047040971168
    },
    "0.01": {
        "tpr": [
            0.04588157330526644
        ],
        "f1": [
            0.08733397640424427
        ],
        "tpr_avg": 0.04588157330526644,
        "f1_avg": 0.08733397640424427
    },
    "0.03": {
        "tpr": [
            0.08529216855728375
        ],
        "f1": [
            0.15510580228972462
        ],
        "tpr_avg": 0.08529216855728375,
        "f1_avg": 0.15510580228972462
    },
    "0.1": {
        "tpr": [
            0.2244571784976416
        ],
        "f1": [
            0.3526997641726134
        ],
        "tpr_avg": 0.2244571784976416,
        "f1_avg": 0.3526997641726134
    },
    "epoch_time_avg": 1775.8664996623993
}