{
    "auc": [
        0.9985831852835091,
        0.9982255803878047,
        0.9983749754952498
    ],
    "auc_avg": 0.9983945803888545,
    "auc_std": 0.00014664828501752294
}