{
    "auc": [
        0.9992162690552535,
        0.9990527014031565,
        0.9991335095152891
    ],
    "auc_avg": 0.999134159991233,
    "auc_std": 6.677779841807729e-05,
    "epoch_time_avg": 0.029891798408826192
}