{
    "0.0001": [
        0.0,
        0.0
    ],
    "0.001": [
        0.052941336079720236,
        0.09492208321439242
    ],
    "0.01": [
        0.14233604651248202,
        0.24790513992479668
    ],
    "0.1": [
        0.5635841126059251,
        0.702714151606255
    ],
    "avg_epoch_time": 172.142271900177
}