{
    "0.0001": {
        "tpr": [
            0.0,
            0.0,
            0.001416171767930562
        ],
        "f1": [
            0.0,
            0.0,
            0.0028283381232608
        ],
        "tpr_avg": 0.000472057255976854,
        "f1_avg": 0.0009427793744202667
    },
    "0.001": {
        "tpr": [
            0.00059600220062351,
            0.0018295750811873942,
            0.0018730013704888076
        ],
        "f1": [
            0.0011908578756927586,
            0.0036513007759014144,
            0.003737636173025206
        ],
        "tpr_avg": 0.0014328595507665705,
        "f1_avg": 0.002859931608206459
    },
    "0.01": {
        "tpr": [
            0.08380707867229048,
            0.12916800073183005,
            0.07336683417085427
        ],
        "f1": [
            0.1540990516332982,
            0.22799935410947844,
            0.13623446579293377
        ],
        "tpr_avg": 0.0954473045249916,
        "f1_avg": 0.1727776238452368
    },
    "0.1": {
        "tpr": [
            0.4867045662937832,
            0.38819009285093536,
            0.19780721790772043
        ],
        "f1": [
            0.6379424313442702,
            0.5440384615384615,
            0.3199467986847453
        ],
        "tpr_avg": 0.357567292350813,
        "f1_avg": 0.5006425638558256
    },
    "avg_epoch_time": 28.407823350694443
}