{
    "0.0001": {
        "tpr": [
            0.0030717036493673206,
            0.0,
            0.009547738693467337
        ],
        "f1": [
            0.006124594359888477,
            0.0,
            0.018914883026381286
        ],
        "tpr_avg": 0.004206480780944886,
        "f1_avg": 0.00834649246208992
    },
    "0.001": {
        "tpr": [
            0.09315972858976711,
            0.09390294104194301,
            0.0349474645957058
        ],
        "f1": [
            0.17038403488177092,
            0.17162681825781642,
            0.06751389992057188
        ],
        "tpr_avg": 0.0740033780758053,
        "f1_avg": 0.13650825102005307
    },
    "0.01": {
        "tpr": [
            0.3778653951953053,
            0.37131226272698165,
            0.17551393330287804
        ],
        "f1": [
            0.5469325458707986,
            0.5400119736579525,
            0.2976448713975829
        ],
        "tpr_avg": 0.3082305304083883,
        "f1_avg": 0.46152979697544466
    },
    "0.1": {
        "tpr": [
            0.731203007518797,
            0.8625074326487673,
            0.4433074463225217
        ],
        "f1": [
            0.8260306608659623,
            0.9072407986528747,
            0.5982552942264417
        ],
        "tpr_avg": 0.6790059621633621,
        "f1_avg": 0.7771755845817596
    },
    "avg_epoch_time": 31.674666431215073
}