{
    "0.0001": {
        "tpr": [
            0.6002018398478438,
            0.4771302892288528
        ],
        "f1": [
            0.7501394717054357,
            0.6460062719055525
        ],
        "tpr_avg": 0.5386660645383483,
        "f1_avg": 0.698072871805494
    },
    "0.0003": {
        "tpr": [
            0.8281644218452819,
            0.8321460547315972
        ],
        "f1": [
            0.9059487919833552,
            0.9083260744863922
        ],
        "tpr_avg": 0.8301552382884396,
        "f1_avg": 0.9071374332348737
    },
    "0.001": {
        "tpr": [
            0.8997787524744789,
            0.9166958620421192
        ],
        "f1": [
            0.9470136449056296,
            0.9563045685279188
        ],
        "tpr_avg": 0.908237307258299,
        "f1_avg": 0.9516591067167741
    },
    "0.003": {
        "tpr": [
            0.9380118774987385,
            0.9491221923780606
        ],
        "f1": [
            0.9673364822672325,
            0.9731779356589765
        ],
        "tpr_avg": 0.9435670349383996,
        "f1_avg": 0.9702572089631045
    },
    "0.01": {
        "tpr": [
            0.9673951015021542,
            0.9686636303476196
        ],
        "f1": [
            0.9810466649609321,
            0.9817141729953645
        ],
        "tpr_avg": 0.9680293659248869,
        "f1_avg": 0.9813804189781483
    },
    "0.03": {
        "tpr": [
            0.9829212436439856,
            0.9844680602592549
        ],
        "f1": [
            0.9842775240501409,
            0.9850048685491724
        ],
        "tpr_avg": 0.9836946519516203,
        "f1_avg": 0.9846411962996566
    },
    "0.1": {
        "tpr": [
            0.9933237588790126,
            0.991786367706022
        ],
        "f1": [
            0.9733378974593033,
            0.9725541092491505
        ],
        "tpr_avg": 0.9925550632925173,
        "f1_avg": 0.972946003354227
    },
    "epoch_time_avg": 13.645490169525146
}