{
    "0.0001": {
        "tpr": [
            0.5433761596087412,
            0.3937093697691619
        ],
        "f1": [
            0.7041219223901617,
            0.5649648084012959
        ],
        "tpr_avg": 0.4685427646889515,
        "f1_avg": 0.6345433653957289
    },
    "0.0003": {
        "tpr": [
            0.7237123005861119,
            0.8496243528358441
        ],
        "f1": [
            0.8396568417734345,
            0.918641356959468
        ],
        "tpr_avg": 0.786668326710978,
        "f1_avg": 0.8791490993664512
    },
    "0.001": {
        "tpr": [
            0.8937235570391647,
            0.9170462065475495
        ],
        "f1": [
            0.9436475409836067,
            0.9564952597494873
        ],
        "tpr_avg": 0.9053848817933572,
        "f1_avg": 0.950071400366547
    },
    "0.003": {
        "tpr": [
            0.9444552264875985,
            0.9636030986025147
        ],
        "f1": [
            0.970736669924797,
            0.9807448494453249
        ],
        "tpr_avg": 0.9540291625450565,
        "f1_avg": 0.9757407596850609
    },
    "0.01": {
        "tpr": [
            0.9766719714318984,
            0.977344388648838
        ],
        "f1": [
            0.9858172700203729,
            0.9861738481480026
        ],
        "tpr_avg": 0.9770081800403683,
        "f1_avg": 0.9859955590841878
    },
    "0.03": {
        "tpr": [
            0.988859993013236,
            0.9894118105025498
        ],
        "f1": [
            0.9872887924352813,
            0.9875857245546209
        ],
        "tpr_avg": 0.9891359017578929,
        "f1_avg": 0.9874372584949511
    },
    "0.1": {
        "tpr": [
            0.9958079416217055,
            0.9949394682548951
        ],
        "f1": [
            0.9745859291900926,
            0.9739730203490589
        ],
        "tpr_avg": 0.9953737049383002,
        "f1_avg": 0.9742794747695758
    },
    "epoch_time_avg": 47.06167324384054
}