{
    "0.0001": {
        "tpr": [
            0.6115258982734484,
            0.8252245945630615,
            0.6125480601188396
        ],
        "f1": [
            0.7589402055885334,
            0.904244438762465,
            0.7597268884794625
        ],
        "tpr_avg": 0.6830995176517831,
        "tpr_std": 0.10049847202482612,
        "f1_avg": 0.8076371776101535,
        "f1_std": 0.06831240442753125
    },
    "0.0003": {
        "tpr": [
            0.7914139057396173,
            0.8872943647182359,
            0.8635092624956309
        ],
        "f1": [
            0.8835058930780753,
            0.9402237744946528,
            0.9266981338501453
        ],
        "tpr_avg": 0.847405844317828,
        "tpr_std": 0.04076563635583718,
        "f1_avg": 0.9168092671409577,
        "f1_std": 0.02418776249387688
    },
    "0.001": {
        "tpr": [
            0.8703336444237051,
            0.9500641698751604,
            0.9402306885704299
        ],
        "f1": [
            0.9304399339007888,
            0.9742178620565891,
            0.9689619979588162
        ],
        "tpr_avg": 0.9202095009564317,
        "tpr_std": 0.03549530614318344,
        "f1_avg": 0.9578732646387315,
        "f1_std": 0.019516604099869637
    },
    "0.003": {
        "tpr": [
            0.966693887074195,
            0.9688484424221211,
            0.9651054409879996
        ],
        "f1": [
            0.9824530203331555,
            0.983536657586166,
            0.9815445685339338
        ],
        "tpr_avg": 0.9668825901614385,
        "tpr_std": 0.0015338886476991321,
        "f1_avg": 0.9825114154844184,
        "f1_std": 0.0008143145146989831
    },
    "0.01": {
        "tpr": [
            0.9868758749416705,
            0.9872243612180609,
            0.9807759524641734
        ],
        "f1": [
            0.9910379568884724,
            0.9912141978562643,
            0.9879701895428673
        ],
        "tpr_avg": 0.9849587295413015,
        "tpr_std": 0.002961089746351285,
        "f1_avg": 0.9900741147625346,
        "f1_std": 0.001489438645294782
    },
    "0.03": {
        "tpr": [
            0.9925338310779281,
            0.9928246412320616,
            0.9927181638121869
        ],
        "f1": [
            0.9891873038018835,
            0.9892754381375882,
            0.9892317069631091
        ],
        "tpr_avg": 0.9926922120407257,
        "tpr_std": 0.00012013258583267791,
        "f1_avg": 0.9892314829675269,
        "f1_std": 3.598104049862401e-05
    },
    "0.1": {
        "tpr": [
            0.9967918805412972,
            0.9968498424921246,
            0.9971455202143773
        ],
        "f1": [
            0.9750099845951959,
            0.9750363755670309,
            0.9756611947104423
        ],
        "tpr_avg": 0.9969290810825996,
        "tpr_std": 0.00015486406998700786,
        "f1_avg": 0.9752358516242231,
        "f1_std": 0.0003009558955445034
    },
    "auc": [
        0.9987099782916968,
        0.9987806745898249,
        0.9986985871140799
    ],
    "auc_avg": 0.9987297466652004,
    "auc_std": 3.631051144212688e-05,
    "epoch_time_avg": 27.89319423834483
}