{
    "0.0001": {
        "tpr": [
            0.1296698274877185,
            0.11995505411851036,
            0.09516191695043079
        ],
        "f1": [
            0.22956655407455354,
            0.21420966420966422,
            0.17378239639414045
        ],
        "tpr_avg": 0.11492893285221989,
        "tpr_std": 0.014529175100464949,
        "f1_avg": 0.20585287155945275,
        "f1_std": 0.023527927371208162
    },
    "0.0003": {
        "tpr": [
            0.1657488860961956,
            0.13990552192258301,
            0.16486505016340242
        ],
        "f1": [
            0.2843367826904986,
            0.24544393933298467,
            0.28303515379786565
        ],
        "tpr_avg": 0.15683981939406036,
        "tpr_std": 0.011979791724076747,
        "f1_avg": 0.27093862527378293,
        "f1_std": 0.018035295355838383
    },
    "0.001": {
        "tpr": [
            0.18087512852736204,
            0.18457622454595488,
            0.1797426697442695
        ],
        "f1": [
            0.30624601040679345,
            0.3115299763904478,
            0.3046206282195283
        ],
        "tpr_avg": 0.1817313409391955,
        "tpr_std": 0.0020640797426225493,
        "f1_avg": 0.30746553833892315,
        "f1_std": 0.0029495998959950228
    },
    "0.003": {
        "tpr": [
            0.21220153090369015,
            0.20234819299211154,
            0.19992229814658227
        ],
        "f1": [
            0.3497796693156566,
            0.3362612655526552,
            0.33290838169536674
        ],
        "tpr_avg": 0.2048240073474613,
        "tpr_std": 0.005309873307805929,
        "f1_avg": 0.33964977218789283,
        "f1_std": 0.0072925335974279885
    },
    "0.01": {
        "tpr": [
            0.243345138809551,
            0.2389469822051,
            0.22821491418515893
        ],
        "f1": [
            0.3902242415359812,
            0.38452312858645316,
            0.37045555720433293
        ],
        "tpr_avg": 0.23683567839993666,
        "tpr_std": 0.006354742434560871,
        "f1_avg": 0.3817343091089224,
        "f1_std": 0.008307962269605378
    },
    "0.03": {
        "tpr": [
            0.26048212041585744,
            0.2540588882773803,
            0.2538108188404141
        ],
        "f1": [
            0.4102121228477358,
            0.4020467040444179,
            0.4017871678454498
        ],
        "tpr_avg": 0.25611727584455063,
        "tpr_std": 0.003088072290835509,
        "f1_avg": 0.4046819982458678,
        "f1_std": 0.003911823815373299
    },
    "0.1": {
        "tpr": [
            0.33924368787844167,
            0.33181984956888644,
            0.33059853280617957
        ],
        "f1": [
            0.49264205723766075,
            0.48433525237648956,
            0.4833923678406737
        ],
        "tpr_avg": 0.33388735675116926,
        "tpr_std": 0.0038201759137032735,
        "f1_avg": 0.48678989248494137,
        "f1_std": 0.004155970166054196
    },
    "auc": [
        0.7224253170880338,
        0.7200292246234264,
        0.7212942352324505
    ],
    "auc_avg": 0.721249592314637,
    "auc_std": 0.0009787098709764935,
    "epoch_time_avg": 0.02555000235239665
}