{
    "0.0001": {
        "tpr": [
            0.0,
            0.035068543061438265,
            0.09432318415260454
        ],
        "f1": [
            0.0,
            0.06776081312975755,
            0.1723863398282003
        ],
        "tpr_avg": 0.043130575738014265,
        "tpr_std": 0.038926966191661805,
        "f1_avg": 0.08004905098598596,
        "f1_std": 0.07091080374691092
    },
    "0.0003": {
        "tpr": [
            0.1663302752293578,
            0.12169239877943253,
            0.1672780630961115
        ],
        "f1": [
            0.2851974201667454,
            0.21696236450002027,
            0.28658967711524863
        ],
        "tpr_avg": 0.15176691236830062,
        "tpr_std": 0.021269412327962894,
        "f1_avg": 0.2629164872606714,
        "f1_std": 0.03249944249653535
    },
    "0.001": {
        "tpr": [
            0.17229357798165137,
            0.1624994307054698,
            0.17718268525311812
        ],
        "f1": [
            0.2938507275856673,
            0.27948145537148006,
            0.30093457943925234
        ],
        "tpr_avg": 0.17065856464674642,
        "tpr_std": 0.006104885610817319,
        "f1_avg": 0.29142225413213324,
        "f1_std": 0.008924955482716141
    },
    "0.003": {
        "tpr": [
            0.1968348623853211,
            0.1957917748326274,
            0.19680851063829788
        ],
        "f1": [
            0.3286108132945321,
            0.32715650089418213,
            0.32857416267942585
        ],
        "tpr_avg": 0.1964783826187488,
        "tpr_std": 0.0004856241980617509,
        "f1_avg": 0.32811382562271335,
        "f1_std": 0.0006770961496419691
    },
    "0.01": {
        "tpr": [
            0.24389908256880735,
            0.23382064945120007,
            0.22528429933969185
        ],
        "f1": [
            0.39097025625942133,
            0.3778611908441893,
            0.3665597254346042
        ],
        "tpr_avg": 0.23433467711989975,
        "tpr_std": 0.007608140683937679,
        "f1_avg": 0.37846372417940494,
        "f1_std": 0.009974660849785707
    },
    "0.03": {
        "tpr": [
            0.2611009174311927,
            0.2528578585416951,
            0.2543103448275862
        ],
        "f1": [
            0.41095989314465187,
            0.4005627502615346,
            0.4020442930153322
        ],
        "tpr_avg": 0.25608970693349137,
        "tpr_std": 0.003592733601023002,
        "f1_avg": 0.4045223121405062,
        "f1_std": 0.004592064105355038
    },
    "0.1": {
        "tpr": [
            0.34110091743119264,
            0.32987202258960696,
            0.3307960381511372
        ],
        "f1": [
            0.4944970906068163,
            0.48235215769845496,
            0.48307496568118663
        ],
        "tpr_avg": 0.3339229927239789,
        "tpr_std": 0.005089558167877269,
        "f1_avg": 0.4866414046621526,
        "f1_std": 0.005562641104778965
    },
    "auc": [
        0.7278912470252566,
        0.716328839384062,
        0.716786043480725
    ],
    "auc_avg": 0.7203353766300146,
    "auc_std": 0.005346066589482599
}