{
    "pretrained": {
        "fpr_0.0001": {
            "f1": [
                0.12801114871590683,
                0.17700659170221017,
                0.07729271035681425
            ],
            "tpr": [
                0.0683824311389982,
                0.09709667127512496,
                0.040199936190577476
            ],
            "f1_mean": 0.12743681692497708,
            "f1_std": 0.0407100472938027,
            "tpr_mean": 0.06855967953490022,
            "tpr_std": 0.023228332965951753
        },
        "fpr_0.0003": {
            "f1": [
                0.3102766798418972,
                0.24074074074074073,
                0.2873531821906583
            ],
            "tpr": [
                0.1836647878336701,
                0.1368712113155376,
                0.16781878124002977
            ],
            "f1_mean": 0.2794568675910987,
            "f1_std": 0.028931822674019333,
            "tpr_mean": 0.16278492679641252,
            "tpr_std": 0.019432180676380178
        },
        "fpr_0.001": {
            "f1": [
                0.4486936454298195,
                0.49664536741214066,
                0.5079667063020215
            ],
            "tpr": [
                0.2894820801871743,
                0.3306391577156227,
                0.34074231628203766
            ],
            "f1_mean": 0.4844352397146605,
            "f1_std": 0.025692273158565506,
            "tpr_mean": 0.32028785139494487,
            "tpr_std": 0.02217002643260582
        },
        "fpr_0.003": {
            "f1": [
                0.5113304382155546,
                0.5244952261699796,
                0.5376560924532692
            ],
            "tpr": [
                0.3443581835584388,
                0.35637562480059554,
                0.36860576411783474
            ],
            "f1_mean": 0.5244939189462677,
            "f1_std": 0.01074740337763966,
            "tpr_mean": 0.35644652415895633,
            "tpr_std": 0.009899160260189119
        },
        "fpr_0.01": {
            "f1": [
                0.5353722582638245,
                0.5545309046566573,
                0.573984962406015
            ],
            "tpr": [
                0.36860576411783474,
                0.3868977985749229,
                0.40593427629479956
            ],
            "f1_mean": 0.5546293751088323,
            "f1_std": 0.0157637242345741,
            "tpr_mean": 0.38714594632918575,
            "tpr_std": 0.01524031142108349
        },
        "fpr_0.03": {
            "f1": [
                0.549352994282275,
                0.6045872223428116,
                0.6781357093899931
            ],
            "tpr": [
                0.38828033606295864,
                0.44432627884717646,
                0.5261086887163671
            ],
            "f1_mean": 0.61069197533836,
            "f1_std": 0.05275223808510506,
            "tpr_mean": 0.4529051012088341,
            "tpr_std": 0.05659423317867134
        },
        "fpr_0.1": {
            "f1": [
                0.6844175101540843,
                0.7283604412039634,
                0.7138535232572797
            ],
            "tpr": [
                0.564500691268744,
                0.6215037753908327,
                0.6022545995958737
            ],
            "f1_mean": 0.7088771582051091,
            "f1_std": 0.018281474305298907,
            "tpr_mean": 0.5960863554184835,
            "tpr_std": 0.023676617537582097
        },
        "auc": [
            0.8930807315155567,
            0.9051510948237462,
            0.8940432075783867
        ]
    },
    "non_pretrained": {
        "fpr_0.0001": {
            "f1": [
                0.017290458618871903,
                0.07276081164172986,
                0.10270379338175949
            ],
            "tpr": [
                0.00872062107837924,
                0.03775390832712964,
                0.05413166010847602
            ],
            "f1_mean": 0.06425168788078708,
            "f1_std": 0.03538515064461886,
            "tpr_mean": 0.033535396504661634,
            "tpr_std": 0.018777424352050525
        },
        "fpr_0.0003": {
            "f1": [
                0.2820348890309617,
                0.20737634613551892,
                0.17538073527985254
            ],
            "tpr": [
                0.16420291396362863,
                0.11570775284483675,
                0.09613952993725407
            ],
            "f1_mean": 0.22159732348211106,
            "f1_std": 0.044687464876335084,
            "tpr_mean": 0.12535006558190648,
            "tpr_std": 0.02861103175897982
        },
        "fpr_0.001": {
            "f1": [
                0.40003400204012246,
                0.301416839635412,
                0.3719401435861949
            ],
            "tpr": [
                0.2502392853344677,
                0.17760289269382112,
                0.22865043071360205
            ],
            "f1_mean": 0.3577969950872431,
            "f1_std": 0.04148379335987177,
            "tpr_mean": 0.21883086958063028,
            "tpr_std": 0.030455751723822456
        },
        "fpr_0.003": {
            "f1": [
                0.4631561786762308,
                0.3814919735599623,
                0.44040036396724297
            ],
            "tpr": [
                0.3021376156545783,
                0.23630756141656917,
                0.2831011379347017
            ],
            "f1_mean": 0.4283495054011453,
            "f1_std": 0.03441102530152278,
            "tpr_mean": 0.2738487716686164,
            "tpr_std": 0.027659883361843152
        },
        "fpr_0.01": {
            "f1": [
                0.5354440154440154,
                0.5269535497902749,
                0.49260848831664283
            ],
            "tpr": [
                0.36871211315537594,
                0.36073593533978515,
                0.3295756673402106
            ],
            "f1_mean": 0.5183353511836444,
            "f1_std": 0.018518920171677833,
            "tpr_mean": 0.3530079052784572,
            "tpr_std": 0.016886033365524977
        },
        "fpr_0.03": {
            "f1": [
                0.602912410345577,
                0.5994625608250418,
                0.5701786905909394
            ],
            "tpr": [
                0.44251834520897587,
                0.4389024779325747,
                0.40891204934595343
            ],
            "f1_mean": 0.5908512205871861,
            "f1_std": 0.014685377937773624,
            "tpr_mean": 0.43011095749583467,
            "tpr_std": 0.015062401404390182
        },
        "fpr_0.1": {
            "f1": [
                0.7170262280646582,
                0.7268530072373348,
                0.6847566870770222
            ],
            "tpr": [
                0.6061895139848984,
                0.6194831436775498,
                0.5649260874189088
            ],
            "f1_mean": 0.7095453074596717,
            "f1_std": 0.017981438069733076,
            "tpr_mean": 0.5968662483604523,
            "tpr_std": 0.023228008356724738
        },
        "auc": [
            0.8824028709350527,
            0.890397072547423,
            0.8790254452694953
        ]
    }
}