{
    "auc": [
        0.990399124660867,
        0.9904841653595293,
        0.9904007667953134
    ],
    "auc_avg": 0.9904280189385699,
    "auc_std": 3.970717476140176e-05
}