{
    "0.0001": {
        "tpr": [
            0.0,
            0.0,
            0.0
        ],
        "f1": [
            0.0,
            0.0,
            0.0
        ],
        "tpr_avg": 0.0,
        "tpr_std": 0.0,
        "f1_avg": 0.0,
        "f1_std": 0.0
    },
    "0.0003": {
        "tpr": [
            0.0,
            0.0,
            0.0
        ],
        "f1": [
            0.0,
            0.0,
            0.0
        ],
        "tpr_avg": 0.0,
        "tpr_std": 0.0,
        "f1_avg": 0.0,
        "f1_std": 0.0
    },
    "0.001": {
        "tpr": [
            0.0,
            0.9185625947964065,
            0.8460328556448794
        ],
        "f1": [
            0.0,
            0.9573200389105058,
            0.9164221486038807
        ],
        "tpr_avg": 0.5881984834804287,
        "tpr_std": 0.41697180779348797,
        "f1_avg": 0.6245807291714621,
        "f1_std": 0.44196076356553776
    },
    "0.003": {
        "tpr": [
            0.0,
            0.9467973398669933,
            0.9162880111849003
        ],
        "f1": [
            0.0,
            0.9719726913402803,
            0.9556183359154288
        ],
        "tpr_avg": 0.6210284503506313,
        "tpr_std": 0.4393100324317955,
        "f1_avg": 0.6425303424185697,
        "f1_std": 0.45438661727045754
    },
    "0.01": {
        "tpr": [
            0.960569295380308,
            0.9719985999299965,
            0.9658044972620295
        ],
        "f1": [
            0.9775034130705763,
            0.9834149796376085,
            0.9802228988677683
        ],
        "tpr_avg": 0.9661241308574446,
        "tpr_std": 0.0046714647844739955,
        "f1_avg": 0.9803804305253178,
        "f1_std": 0.0024159562615330126
    },
    "0.03": {
        "tpr": [
            0.9834344377041531,
            0.984249212460623,
            0.9866014214144239
        ],
        "f1": [
            0.9845255474452554,
            0.9851975124813873,
            0.986227980783229
        ],
        "tpr_avg": 0.9847616905264,
        "tpr_std": 0.0013427389374476382,
        "f1_avg": 0.9853170135699573,
        "f1_std": 0.0007001334159468147
    },
    "0.1": {
        "tpr": [
            0.9943420438637424,
            0.9947497374868743,
            0.9947570779447745
        ],
        "f1": [
            0.974058625221416,
            0.9739269497672559,
            0.9745740946836743
        ],
        "tpr_avg": 0.9946162864317971,
        "tpr_std": 0.0001939419332007719,
        "f1_avg": 0.9741865565574487,
        "f1_std": 0.000279253714706277
    },
    "auc": [
        0.9956471651889874,
        0.9975848239758035,
        0.9974483111866873
    ],
    "auc_avg": 0.9968934334504927,
    "auc_std": 0.000883005235969631
}