{
    "0.0001": {
        "tpr": [
            0.0,
            0.0,
            0.0
        ],
        "f1": [
            0.0,
            0.0,
            0.0
        ],
        "tpr_avg": 0.0,
        "tpr_std": 0.0,
        "f1_avg": 0.0,
        "f1_std": 0.0
    },
    "0.0003": {
        "tpr": [
            0.0,
            0.0,
            0.8818759843667969
        ],
        "f1": [
            0.0,
            0.0,
            0.9371726125902737
        ],
        "tpr_avg": 0.29395866145559896,
        "tpr_std": 0.41572032580754925,
        "f1_avg": 0.3123908708634246,
        "f1_std": 0.44178740633659713
    },
    "0.001": {
        "tpr": [
            0.9380319459018305,
            0.9511512678519383,
            0.9589045091290906
        ],
        "f1": [
            0.9677923796349203,
            0.9747311827956989,
            0.9787880141115527
        ],
        "tpr_avg": 0.9493625742942865,
        "tpr_std": 0.008614543609554798,
        "f1_avg": 0.9737705255140573,
        "f1_std": 0.0045400544193144685
    },
    "0.003": {
        "tpr": [
            0.9758073918619564,
            0.9736811425240455,
            0.9751210406579945
        ],
        "f1": [
            0.9870420874179996,
            0.9859516571732138,
            0.9866898831306812
        ],
        "tpr_avg": 0.9748698583479988,
        "tpr_std": 0.0008860223760841776,
        "f1_avg": 0.9865612092406315,
        "f1_std": 0.0004543693484169819
    },
    "0.01": {
        "tpr": [
            0.9925964789553456,
            0.9905566890119498,
            0.9921250656244531
        ],
        "f1": [
            0.9939146296971908,
            0.9928862530857886,
            0.9936610872549878
        ],
        "tpr_avg": 0.9917594111972495,
        "tpr_std": 0.000871956850383043,
        "f1_avg": 0.9934873233459891,
        "f1_std": 0.00043744335692190813
    },
    "0.03": {
        "tpr": [
            0.9972601142590649,
            0.9966190614981055,
            0.9968791926733944
        ],
        "f1": [
            0.9915808083003667,
            0.9911735292838819,
            0.9913134272082603
        ],
        "tpr_avg": 0.9969194561435216,
        "tpr_std": 0.0002632527566850593,
        "f1_avg": 0.9913559215975029,
        "f1_std": 0.00016896425490819705
    },
    "0.1": {
        "tpr": [
            0.9994461933076834,
            0.9993296415039347,
            0.9993000058332847
        ],
        "f1": [
            0.9763243689583009,
            0.9764481403428832,
            0.9766261900689812
        ],
        "tpr_avg": 0.9993586135483009,
        "tpr_std": 6.309901707546114e-05,
        "f1_avg": 0.9764662331233884,
        "f1_std": 0.00012388033807640255
    },
    "auc": [
        0.9993988295911999,
        0.999306073485947,
        0.9994076408306477
    ],
    "auc_avg": 0.9993708479692649,
    "auc_std": 4.594351424645644e-05,
    "epoch_time_avg": 0.029151966643333437
}