{
    "pretrained": {
        "fpr_0.0001": {
            "f1": [
                0.2145637520174689,
                0.04348730753225136,
                0.038998957247132426
            ],
            "tpr": [
                0.12017441242156758,
                0.022226948846112943,
                0.019887270020206318
            ],
            "f1_mean": 0.09901667226561757,
            "f1_std": 0.08172466804849889,
            "tpr_mean": 0.05409621042929561,
            "tpr_std": 0.0467341068039943
        },
        "fpr_0.0003": {
            "f1": [
                0.34884129213483145,
                0.2720925959948558,
                0.041644976574700676
            ],
            "tpr": [
                0.21131553759438476,
                0.15750292459853238,
                0.02126980750824205
            ],
            "f1_mean": 0.22085962156812933,
            "f1_std": 0.1305399232033048,
            "tpr_mean": 0.13002942323371972,
            "tpr_std": 0.07998099707191088
        },
        "fpr_0.001": {
            "f1": [
                0.4744691197925109,
                0.32380443494523103,
                0.08661177188167124
            ],
            "tpr": [
                0.3112836328831224,
                0.19334255024992023,
                0.04530468999255557
            ],
            "f1_mean": 0.2949617755398044,
            "f1_std": 0.15965014841477726,
            "tpr_mean": 0.18331029104186605,
            "tpr_std": 0.10881692326689214
        },
        "fpr_0.003": {
            "f1": [
                0.5164843811472185,
                0.441431759940481,
                0.38523466940733125
            ],
            "tpr": [
                0.34903754121025204,
                0.28395193023503135,
                0.23917898543018185
            ],
            "f1_mean": 0.4477169368316769,
            "f1_std": 0.0537664659700703,
            "tpr_mean": 0.29072281895848845,
            "tpr_std": 0.04510439202634837
        },
        "fpr_0.01": {
            "f1": [
                0.5691437193511882,
                0.5241615438487278,
                0.5039444619753867
            ],
            "tpr": [
                0.4011485696054451,
                0.3581835584387961,
                0.33967882590662557
            ],
            "f1_mean": 0.5324165750584342,
            "f1_std": 0.02725001462744469,
            "tpr_mean": 0.3663369846502889,
            "tpr_std": 0.025748671381119637
        },
        "fpr_0.03": {
            "f1": [
                0.6249821759589334,
                0.62233016644046,
                0.5932895696571846
            ],
            "tpr": [
                0.46612783154312454,
                0.46325640752951186,
                0.4325215356801021
            ],
            "f1_mean": 0.613533970685526,
            "f1_std": 0.014355837799045394,
            "tpr_mean": 0.4539685915842462,
            "tpr_std": 0.015210597713066123
        },
        "fpr_0.1": {
            "f1": [
                0.7774982027318477,
                0.6658385093167701,
                0.7446009967390635
            ],
            "tpr": [
                0.6900989046049133,
                0.5415292991598426,
                0.6435180261618633
            ],
            "f1_mean": 0.7293125695958937,
            "f1_std": 0.04684921761546138,
            "tpr_mean": 0.6250487433088731,
            "tpr_std": 0.06204335968956878
        },
        "auc": [
            0.915513449273449,
            0.8766618299379502,
            0.908598615984999
        ]
    },
    "non_pretrained": {
        "fpr_0.0001": {
            "f1": [
                0.005303351718285957,
                0.09982823077700312,
                0.12465097726366176
            ],
            "tpr": [
                0.0026587259385302564,
                0.05253642454535786,
                0.06646814846325641
            ],
            "f1_mean": 0.07659418658631695,
            "f1_std": 0.051418735482447624,
            "tpr_mean": 0.04055443298238151,
            "tpr_std": 0.02739326793327374
        },
        "fpr_0.0003": {
            "f1": [
                0.2516962542987266,
                0.247624371157071,
                0.16863012364910915
            ],
            "tpr": [
                0.14399659683079868,
                0.14133787089226843,
                0.09209826651068807
            ],
            "f1_mean": 0.22265024970163558,
            "f1_std": 0.03823415202954865,
            "tpr_mean": 0.12581091141125175,
            "tpr_std": 0.02386313789854803
        },
        "fpr_0.001": {
            "f1": [
                0.3310870721759177,
                0.27795059469350414,
                0.31856351616937645
            ],
            "tpr": [
                0.19855365308943954,
                0.16154418802509837,
                0.18962033393597788
            ],
            "f1_mean": 0.30920039434626606,
            "f1_std": 0.022680716442469582,
            "tpr_mean": 0.18323939168350525,
            "tpr_std": 0.01576837434252952
        },
        "fpr_0.003": {
            "f1": [
                0.4100185528756957,
                0.34657546259756206,
                0.41749202618767833
            ],
            "tpr": [
                0.25853451026268215,
                0.21014569818143145,
                0.2644900563649899
            ],
            "f1_mean": 0.39136201388697867,
            "f1_std": 0.03181550547700382,
            "tpr_mean": 0.24439008826970118,
            "tpr_std": 0.024336198302561108
        },
        "fpr_0.01": {
            "f1": [
                0.5203619909502263,
                0.44642857142857145,
                0.47478890229191795
            ],
            "tpr": [
                0.3546740401999362,
                0.28980112729979796,
                0.31394235882165267
            ],
            "f1_mean": 0.48052648822357186,
            "f1_std": 0.030454638943666016,
            "tpr_mean": 0.3194725087737956,
            "tpr_std": 0.026771385543861576
        },
        "fpr_0.03": {
            "f1": [
                0.5777712220665241,
                0.5501428356638101,
                0.5534053405340533
            ],
            "tpr": [
                0.4165691800489206,
                0.38913112836328834,
                0.3923215994895246
            ],
            "f1_mean": 0.5604397994214625,
            "f1_std": 0.012327331224651608,
            "tpr_mean": 0.3993406359672445,
            "tpr_std": 0.012251852237723852
        },
        "fpr_0.1": {
            "f1": [
                0.6752791482731758,
                0.6775970449095976,
                0.695935582822086
            ],
            "tpr": [
                0.5531213442518346,
                0.5559927682654472,
                0.5790705094118899
            ],
            "f1_mean": 0.6829372586682866,
            "f1_std": 0.009239786588795224,
            "tpr_mean": 0.5627282073097238,
            "tpr_std": 0.011615059117810007
        },
        "auc": [
            0.8792481085842274,
            0.8688039528039871,
            0.8777697254212413
        ]
    }
}