{
    "0.0001": {
        "tpr": [
            0.009260957271226847,
            0.06247998902254951,
            0.2576062128825948
        ],
        "f1": [
            0.018351957845007722,
            0.11761160618192774,
            0.40967706781939045
        ],
        "tpr_avg": 0.10978238639212372,
        "f1_avg": 0.181880210615442
    },
    "0.001": {
        "tpr": [
            0.5710618008435724,
            0.47907423500891916,
            0.6167656464138876
        ],
        "f1": [
            0.7268059283463648,
            0.6476826515783941,
            0.7627899093194723
        ],
        "tpr_avg": 0.555633894088793,
        "f1_avg": 0.7124261630814104
    },
    "0.01": {
        "tpr": [
            0.6970016504676325,
            0.7116589672048667,
            0.6965737779808131
        ],
        "f1": [
            0.8205197398602154,
            0.8298575924049283,
            0.8193444384739387
        ],
        "tpr_avg": 0.701744798551104,
        "f1_avg": 0.8232405902463608
    },
    "0.1": {
        "tpr": [
            0.9796442325325508,
            0.9779078808946622,
            0.9771585198720877
        ],
        "f1": [
            0.9721343918473192,
            0.9703185985295453,
            0.9697821503865073
        ],
        "tpr_avg": 0.9782368777664336,
        "f1_avg": 0.9707450469211238
    },
    "epoch_time_avg": 46.53317191865709
}