{
    "0.0001": {
        "tpr": [
            0.05744544287548139,
            0.40163746969766273,
            0.15865692096847875
        ],
        "f1": [
            0.108649468892261,
            0.5730975068528913,
            0.27386350195166187
        ],
        "tpr_avg": 0.20591327784720762,
        "f1_avg": 0.31853682589893806
    },
    "0.001": {
        "tpr": [
            0.6383183568677792,
            0.629328088551434,
            0.5091822750114208
        ],
        "f1": [
            0.7790616344459056,
            0.7723266909907383,
            0.6746156639632006
        ],
        "tpr_avg": 0.5922762401435446,
        "f1_avg": 0.742001329799948
    },
    "0.01": {
        "tpr": [
            0.7070878415551073,
            0.710012349631798,
            0.6228414801279123
        ],
        "f1": [
            0.8268818357280721,
            0.8289101297591712,
            0.7662563929635251
        ],
        "tpr_avg": 0.6799805571049392,
        "f1_avg": 0.8073494528169228
    },
    "0.1": {
        "tpr": [
            0.974830368604438,
            0.9700407080455564,
            0.9702147099132024
        ],
        "f1": [
            0.9680621002071524,
            0.9657779093330904,
            0.9660222879235842
        ],
        "tpr_avg": 0.9716952621877323,
        "f1_avg": 0.9666207658212757
    },
    "epoch_time_avg": 28.26414230134752
}