{
    "0.0001": {
        "tpr": [
            0.20740876581698148,
            0.36083794538718383,
            0.33832800365463683
        ],
        "f1": [
            0.34356014580801947,
            0.530317289593977,
            0.505598033861278
        ],
        "tpr_avg": 0.3021915716196007,
        "f1_avg": 0.4598251564210915
    },
    "0.001": {
        "tpr": [
            0.6328626444159179,
            0.5131043315190047,
            0.6365920511649155
        ],
        "f1": [
            0.7749831574219628,
            0.6780501072864095,
            0.7777746769737393
        ],
        "tpr_avg": 0.5941863423666127,
        "f1_avg": 0.7436026472273705
    },
    "0.01": {
        "tpr": [
            0.6747661837520631,
            0.6785893976124046,
            0.6816354499771585
        ],
        "f1": [
            0.8051642550397986,
            0.8073134896881973,
            0.8093184715103191
        ],
        "tpr_avg": 0.6783303437805421,
        "f1_avg": 0.8072654054127716
    },
    "0.1": {
        "tpr": [
            0.9714835870163213,
            0.9613502264099163,
            0.9680676107811786
        ],
        "f1": [
            0.9666529811596185,
            0.9612403100775194,
            0.9657954105234372
        ],
        "tpr_avg": 0.966967141402472,
        "f1_avg": 0.9645629005868583
    },
    "epoch_time_avg": 27.314489073223537
}