{
    "0.0001": {
        "tpr": [
            0.053594351732991014,
            0.3624845629602525,
            0.04472361809045226
        ],
        "f1": [
            0.10173621687480962,
            0.5320934604538741,
            0.08561808561808562
        ],
        "tpr_avg": 0.15360084426123194,
        "f1_avg": 0.23981592098225643
    },
    "0.001": {
        "tpr": [
            0.6622501375389693,
            0.5834057540136304,
            0.5589310187300137
        ],
        "f1": [
            0.7966358748104232,
            0.7367296251371801,
            0.7169015322415258
        ],
        "tpr_avg": 0.6015289700942045,
        "f1_avg": 0.7500890107297096
    },
    "0.01": {
        "tpr": [
            0.6812763616357969,
            0.70827425330467,
            0.6151210598446779
        ],
        "f1": [
            0.810029980921232,
            0.8281191507567249,
            0.7612720848056538
        ],
        "tpr_avg": 0.6682238915950482,
        "f1_avg": 0.7998070721612036
    },
    "0.1": {
        "tpr": [
            0.98001100311755,
            0.9823903398435714,
            0.9786660575605299
        ],
        "f1": [
            0.9711066690895874,
            0.9721191273648955,
            0.9702665368328087
        ],
        "tpr_avg": 0.9803558001738838,
        "f1_avg": 0.971164111095764
    },
    "epoch_time_avg": 83.82500206099616
}