{
    "0.0001": {
        "tpr": [
            0.20598752980011004,
            0.26167497598682704,
            0.04476930105070809
        ],
        "f1": [
            0.3416080593043148,
            0.41480568445475635,
            0.08570179274158288
        ],
        "tpr_avg": 0.17081060227921507,
        "f1_avg": 0.28070517883355134
    },
    "0.001": {
        "tpr": [
            0.6161287364753347,
            0.6210950006860907,
            0.5768844221105528
        ],
        "f1": [
            0.7623018236478629,
            0.7660930888575458,
            0.7315278783490224
        ],
        "tpr_avg": 0.6047027197573261,
        "f1_avg": 0.7533075969514771
    },
    "0.01": {
        "tpr": [
            0.6908582431688979,
            0.7042491881260577,
            0.6925536774783005
        ],
        "f1": [
            0.8162170945726357,
            0.8255100125995228,
            0.8176473760854323
        ],
        "tpr_avg": 0.695887036257752,
        "f1_avg": 0.819791494419197
    },
    "0.1": {
        "tpr": [
            0.9808820832569228,
            0.9747061245025843,
            0.98227501142074
        ],
        "f1": [
            0.972323213961098,
            0.9692531611025198,
            0.973073267864416
        ],
        "tpr_avg": 0.979287739726749,
        "f1_avg": 0.9715498809760112
    },
    "epoch_time_avg": 84.07775264316135
}