{
    "0.0001": {
        "tpr": [
            0.5603517186250999,
            0.3923532898636633,
            0.4414545239012536
        ],
        "f1": [
            0.7182240774120102,
            0.5635829537230193,
            0.6125
        ],
        "tpr_avg": 0.46471984413000555,
        "tpr_std": 0.07053048683884937,
        "f1_avg": 0.6314356770450098,
        "f1_std": 0.0645362388265339
    },
    "0.0003": {
        "tpr": [
            0.6716996772952009,
            0.6211618257261411,
            0.5824615475802388
        ],
        "f1": [
            0.8035559333439586,
            0.7662608314138423,
            0.7360910844366211
        ],
        "tpr_avg": 0.6251076835338603,
        "tpr_std": 0.036538001168967,
        "f1_avg": 0.768635949731474,
        "f1_std": 0.027593566276574107
    },
    "0.001": {
        "tpr": [
            0.8782603546792196,
            0.7827504445761707,
            0.8218000770530184
        ],
        "f1": [
            0.9349491001922531,
            0.8779190559295271,
            0.9019499422660964
        ],
        "tpr_avg": 0.8276036254361362,
        "tpr_std": 0.03920711340517612,
        "f1_avg": 0.9049393661292923,
        "f1_std": 0.023378180402924203
    },
    "0.003": {
        "tpr": [
            0.9373834265920596,
            0.9200059276822762,
            0.9357496369617402
        ],
        "f1": [
            0.9669557781578304,
            0.9576122165664043,
            0.9660838037541879
        ],
        "tpr_avg": 0.9310463304120254,
        "tpr_std": 0.007835185020803031,
        "f1_avg": 0.9635505994928075,
        "f1_std": 0.004214133258105013
    },
    "0.01": {
        "tpr": [
            0.9728217426059153,
            0.9694427978660344,
            0.9682304477965801
        ],
        "f1": [
            0.9838318512530315,
            0.9820753017474328,
            0.9814500503176773
        ],
        "tpr_avg": 0.9701649960895099,
        "tpr_std": 0.0019427085408522534,
        "f1_avg": 0.9824524011060473,
        "f1_std": 0.0010082648027226766
    },
    "0.03": {
        "tpr": [
            0.9906149154750273,
            0.9888263189093065,
            0.9890643985419199
        ],
        "f1": [
            0.988069926765887,
            0.9871294159417717,
            0.9872504067445644
        ],
        "tpr_avg": 0.9895018776420845,
        "tpr_std": 0.0007930155067999549,
        "f1_avg": 0.9874832498174078,
        "f1_std": 0.00041777352317400404
    },
    "0.1": {
        "tpr": [
            0.9964472866151524,
            0.9960580912863071,
            0.9957620839877901
        ],
        "f1": [
            0.9746329597776041,
            0.9743136288522309,
            0.9741106891253298
        ],
        "tpr_avg": 0.9960891539630832,
        "tpr_std": 0.000280593807905558,
        "f1_avg": 0.9743524259183882,
        "f1_std": 0.00021497374694531813
    },
    "auc": [
        0.9982406855214436,
        0.9978474966427868,
        0.9977951430852595
    ],
    "auc_avg": 0.9979611084164967,
    "auc_std": 0.00019884288932779472,
    "epoch_time_avg": 0.018842072772979737
}