{
    "auc": [
        0.9924000450881396,
        0.9924273891296691,
        0.9925531838185896
    ],
    "auc_avg": 0.9924602060121327,
    "auc_std": 6.668622307460099e-05,
    "epoch_time_avg": 0.02964066235224406
}