{
    "pretrained": {
        "fpr_0.0001": {
            "f1": [
                0.1861496913580247,
                0.10155461336563698,
                0.18929327941459656
            ],
            "tpr": [
                0.10262682122726789,
                0.053493565883228754,
                0.10454110390300968
            ],
            "f1_mean": 0.15899919471275276,
            "f1_std": 0.04063972179265343,
            "tpr_mean": 0.08688716367116878,
            "tpr_std": 0.023625768410187153
        },
        "fpr_0.0003": {
            "f1": [
                0.37914691943127965,
                0.2862609329446064,
                0.32053571428571426
            ],
            "tpr": [
                0.23396788259066256,
                0.1670743379772413,
                0.1908965223864724
            ],
            "f1_mean": 0.3286478555538668,
            "f1_std": 0.03835193822452313,
            "tpr_mean": 0.1973129143181254,
            "tpr_std": 0.027683498596364608
        },
        "fpr_0.001": {
            "f1": [
                0.5446532127116679,
                0.49122244488977956,
                0.39730926430517716
            ],
            "tpr": [
                0.3745613102201425,
                0.3258534510262682,
                0.24811230458364353
            ],
            "f1_mean": 0.4777283073022082,
            "f1_std": 0.06090500031430304,
            "tpr_mean": 0.31617568861001805,
            "tpr_std": 0.052074191116482225
        },
        "fpr_0.003": {
            "f1": [
                0.5765194412986032,
                0.5272613654116544,
                0.48574411693839853
            ],
            "tpr": [
                0.40604062533234075,
                0.3589280017015846,
                0.3215994895246198
            ],
            "f1_mean": 0.5298416412162187,
            "f1_std": 0.037103757631771005,
            "tpr_mean": 0.36218937218618175,
            "tpr_std": 0.034550000069491986
        },
        "fpr_0.01": {
            "f1": [
                0.6276410998552822,
                0.5408233936129281,
                0.5189408732328361
            ],
            "tpr": [
                0.4612357758162289,
                0.3737105179198128,
                0.35329150271190046
            ],
            "f1_mean": 0.5624684555670155,
            "f1_std": 0.04694192402810088,
            "tpr_mean": 0.39607926548264744,
            "tpr_std": 0.04682066619669013
        },
        "fpr_0.03": {
            "f1": [
                0.6643119329593462,
                0.6639418081052997,
                0.550661455201443
            ],
            "tpr": [
                0.5100499840476443,
                0.5096245878974796,
                0.38955652451345313
            ],
            "f1_mean": 0.6263050654220296,
            "f1_std": 0.05348832317123007,
            "tpr_mean": 0.46974369881952566,
            "tpr_std": 0.05670116067516014
        },
        "fpr_0.1": {
            "f1": [
                0.7604641273312679,
                0.7943279172821271,
                0.7157960981749527
            ],
            "tpr": [
                0.665638625970435,
                0.7148782303520154,
                0.6048069764968627
            ],
            "f1_mean": 0.7568627142627826,
            "f1_std": 0.032161460219107846,
            "tpr_mean": 0.661774610939771,
            "tpr_std": 0.04501938982578703
        },
        "auc": [
            0.9170412600250976,
            0.9183008330993494,
            0.8794324854482255
        ]
    },
    "non_pretrained": {
        "fpr_0.0001": {
            "f1": [
                0.057432083462452224,
                0.23318301390454718,
                0.10614300100704936
            ],
            "tpr": [
                0.02956503243645645,
                0.13197915558864193,
                0.0560459427842178
            ],
            "f1_mean": 0.13225269945801627,
            "f1_std": 0.07408726679943431,
            "tpr_mean": 0.07253004360310539,
            "tpr_std": 0.04340474121654754
        },
        "fpr_0.0003": {
            "f1": [
                0.26859351988217967,
                0.26363888119634454,
                0.16595163806552263
            ],
            "tpr": [
                0.15516324577262575,
                0.15186642560884825,
                0.09050303094756992
            ],
            "f1_mean": 0.2327280130480156,
            "f1_std": 0.04726133234811646,
            "tpr_mean": 0.13251090077634797,
            "tpr_std": 0.02973452652458354
        },
        "fpr_0.001": {
            "f1": [
                0.3870083126231897,
                0.38215575038679733,
                0.32663584637268844
            ],
            "tpr": [
                0.24013612676805274,
                0.2364139104541104,
                0.19536318196320324
            ],
            "f1_mean": 0.3652666364608918,
            "f1_std": 0.02738783546508242,
            "tpr_mean": 0.2239710730617888,
            "tpr_std": 0.020285829182023304
        },
        "fpr_0.003": {
            "f1": [
                0.4773057664351478,
                0.4205411744994555,
                0.4661568499837293
            ],
            "tpr": [
                0.3142614059342763,
                0.26693608422843773,
                0.3046899925555674
            ],
            "f1_mean": 0.4546679303061108,
            "f1_std": 0.024556753055259468,
            "tpr_mean": 0.29529582757276046,
            "tpr_std": 0.02043052080317461
        },
        "fpr_0.01": {
            "f1": [
                0.523242233123102,
                0.4670600598173147,
                0.531929715922285
            ],
            "tpr": [
                0.35733276613846643,
                0.3072423694565564,
                0.3654152929915984
            ],
            "f1_mean": 0.5074106696209005,
            "f1_std": 0.028751775284173973,
            "tpr_mean": 0.3433301428622071,
            "tpr_std": 0.025730362766144474
        },
        "fpr_0.03": {
            "f1": [
                0.6067042334922699,
                0.5919544425786668,
                0.6187781995273222
            ],
            "tpr": [
                0.44655960863554184,
                0.43113899819206636,
                0.4594278421780283
            ],
            "f1_mean": 0.6058122918660862,
            "f1_std": 0.01096890010008671,
            "tpr_mean": 0.44570881633521214,
            "tpr_std": 0.011564530806716683
        },
        "fpr_0.1": {
            "f1": [
                0.752918169039907,
                0.8036583220964999,
                0.7458356383305673
            ],
            "tpr": [
                0.6551100712538551,
                0.728916303307455,
                0.6452196107625225
            ],
            "f1_mean": 0.7674707098223248,
            "f1_std": 0.02575134976257502,
            "tpr_mean": 0.6764153284412776,
            "tpr_std": 0.03734273310482154
        },
        "auc": [
            0.9002810157720247,
            0.9162267744145581,
            0.9054897335975212
        ]
    },
    "full_data": {
        "fpr_0.0001": {
            "f1": [
                0.001487778958554729,
                0.030579118232275628,
                0.18789747542879168
            ],
            "tpr": [
                0.0007444432627884718,
                0.015526959481016697,
                0.10369031160268
            ],
            "f1_mean": 0.07332145753987401,
            "f1_std": 0.08188334959622284,
            "tpr_mean": 0.03998723811549506,
            "tpr_std": 0.04544734590872393
        },
        "fpr_0.0003": {
            "f1": [
                0.3884509938313913,
                0.4234347498114157,
                0.40525646460364556
            ],