{
    "0.0001": {
        "tpr": [
            0.0,
            0.0,
            0.0
        ],
        "f1": [
            0.0,
            0.0,
            0.0
        ],
        "tpr_avg": 0.0,
        "tpr_std": 0.0,
        "f1_avg": 0.0,
        "f1_std": 0.0
    },
    "0.0003": {
        "tpr": [
            0.0,
            0.0,
            0.8943008808259931
        ],
        "f1": [
            0.0,
            0.0,
            0.9441433674097794
        ],
        "tpr_avg": 0.29810029360866436,
        "tpr_std": 0.42157747816877483,
        "f1_avg": 0.3147144558032598,
        "f1_std": 0.4450734516718381
    },
    "0.001": {
        "tpr": [
            0.9571237029264311,
            0.9400757796560769,
            0.9433004724960625
        ],
        "f1": [
            0.9778591742231354,
            0.9688795434064282,
            0.970590000600204
        ],
        "tpr_avg": 0.9468333183595234,
        "tpr_std": 0.007394532749682979,
        "f1_avg": 0.9724429060765892,
        "f1_std": 0.0038930182317753626
    },
    "0.003": {
        "tpr": [
            0.9760697213477906,
            0.9643835616438357,
            0.9633669719419005
        ],
        "f1": [
            0.9871764636519073,
            0.9811555740062567,
            0.9806424796627278
        ],
        "tpr_avg": 0.9679400849778422,
        "tpr_std": 0.005763482991282867,
        "f1_avg": 0.9829915057736306,
        "f1_std": 0.0029666165670173585
    },
    "0.01": {
        "tpr": [
            0.9883117640200536,
            0.9881084232002332,
            0.9838709677419355
        ],
        "f1": [
            0.9917517330135424,
            0.9916344916344916,
            0.9894841822741739
        ],
        "tpr_avg": 0.9867637183207408,
        "tpr_std": 0.0020471673609543093,
        "f1_avg": 0.9909568023074026,
        "f1_std": 0.001042399062080781
    },
    "0.03": {
        "tpr": [
            0.9947242625626675,
            0.9948411541824541,
            0.9942542145482121
        ],
        "f1": [
            0.9902216805942433,
            0.9903095714741638,
            0.9901102252428876
        ],
        "tpr_avg": 0.9946065437644446,
        "tpr_std": 0.0002536635831862694,
        "f1_avg": 0.9902138257704315,
        "f1_std": 8.157206905077547e-05
    },
    "0.1": {
        "tpr": [
            0.9984843185262913,
            0.998396968813757,
            0.9983666802776644
        ],
        "f1": [
            0.9764551621914371,
            0.9771090351565286,
            0.9762288419581616
        ],
        "tpr_avg": 0.9984159892059042,
        "tpr_std": 4.9873311988651624e-05,
        "f1_avg": 0.9765976797687091,
        "f1_std": 0.0003732009838201323
    },
    "auc": [
        0.9990987447483225,
        0.9990500082867877,
        0.9989678673165627
    ],
    "auc_avg": 0.9990388734505578,
    "auc_std": 5.400749311846017e-05,
    "epoch_time_avg": 0.02702366844813029
}