{
    "0.0001": {
        "tpr": [
            0.0,
            0.0,
            0.0
        ],
        "f1": [
            0.0,
            0.0,
            0.0
        ],
        "tpr_avg": 0.0,
        "tpr_std": 0.0,
        "f1_avg": 0.0,
        "f1_std": 0.0
    },
    "0.0003": {
        "tpr": [
            0.0,
            0.8088904445222261,
            0.0
        ],
        "f1": [
            0.0,
            0.894292163818123,
            0.0
        ],
        "tpr_avg": 0.2696301481740754,
        "tpr_std": 0.38131461237244463,
        "f1_avg": 0.29809738793937435,
        "f1_std": 0.4215733689318571
    },
    "0.001": {
        "tpr": [
            0.0,
            0.8586512658966282,
            0.8068274496096935
        ],
        "f1": [
            0.0,
            0.9237189745520726,
            0.8928571428571429
        ],
        "tpr_avg": 0.5551595718354406,
        "tpr_std": 0.39312681553074597,
        "f1_avg": 0.6055253724697386,
        "f1_std": 0.42835642922870765
    },
    "0.003": {
        "tpr": [
            0.8950069995333645,
            0.9096954847742387,
            0.8744611441221019
        ],
        "f1": [
            0.9438976377952756,
            0.9520146520146521,
            0.9323312940591907
        ],
        "tpr_avg": 0.8930545428099017,
        "tpr_std": 0.014450461486066843,
        "f1_avg": 0.9427478612897061,
        "f1_std": 0.008076721059533831
    },
    "0.01": {
        "tpr": [
            0.9596943537097526,
            0.9643565511608914,
            0.9554351625305837
        ],
        "f1": [
            0.9770480121143739,
            0.979469708191379,
            0.9748283752860412
        ],
        "tpr_avg": 0.9598286891337425,
        "tpr_std": 0.0036433801410091383,
        "f1_avg": 0.9771153651972647,
        "f1_std": 0.0018954146622615613
    },
    "0.03": {
        "tpr": [
            0.9840177321511899,
            0.9839575312098938,
            0.9787952930210883
        ],
        "f1": [
            0.984936945352639,
            0.9848480425072257,
            0.9821710410942889
        ],
        "tpr_avg": 0.9822568521273906,
        "tpr_std": 0.0024478153011957566,
        "f1_avg": 0.983985342984718,
        "f1_std": 0.0012834184667497059
    },
    "0.1": {
        "tpr": [
            0.9938754083061129,
            0.9928829774822074,
            0.9938250029127345
        ],
        "f1": [
            0.9735458804708034,
            0.9731831436903197,
            0.973605364531317
        ],
        "tpr_avg": 0.9935277962336849,
        "tpr_std": 0.00045641983057498206,
        "f1_avg": 0.9734447962308134,
        "f1_std": 0.00018660319276277078
    },
    "auc": [
        0.9963072579458422,
        0.997141109231663,
        0.9967016023069795
    ],
    "auc_avg": 0.9967166564948281,
    "auc_std": 0.0003405847551345507
}