{
    "pretrained": {
        "fpr_0.0001": {
            "f1": [
                0.15500833905621506,
                0.3063760806916427,
                0.1005958994041006
            ],
            "tpr": [
                0.0840157396575561,
                0.18089971285759865,
                0.05296182069552271
            ],
            "f1_mean": 0.1873267730506528,
            "f1_std": 0.08706216795896689,
            "tpr_mean": 0.10595909107022582,
            "tpr_std": 0.05448644520204805
        },
        "fpr_0.0003": {
            "f1": [
                0.2617133351815914,
                0.3556254917387883,
                0.22914705328563356
            ],
            "tpr": [
                0.1505902371583537,
                0.21631394235882165,
                0.12942677868765287
            ],
            "f1_mean": 0.28216196006867106,
            "f1_std": 0.053620944559730176,
            "tpr_mean": 0.16544365273494274,
            "tpr_std": 0.036993808206448646
        },
        "fpr_0.001": {
            "f1": [
                0.44574731626754743,
                0.47558111282092813,
                0.415389796261997
            ],
            "tpr": [
                0.2870360523237265,
                0.3122407742209933,
                0.2623630756141657
            ],
            "f1_mean": 0.4455727417834909,
            "f1_std": 0.02457331214227102,
            "tpr_mean": 0.2872133007196285,
            "tpr_std": 0.020362870906362383
        },
        "fpr_0.003": {
            "f1": [
                0.4809861424427973,
                0.49288569144684247,
                0.5501384189480161
            ],
            "tpr": [
                0.3174518770605126,
                0.3278740827395512,
                0.38041050728490905
            ],
            "f1_mean": 0.508003417612552,
            "f1_std": 0.030187398803469753,
            "tpr_mean": 0.34191215569499095,
            "tpr_std": 0.027552953854469136
        },
        "fpr_0.01": {
            "f1": [
                0.5225519981304043,
                0.544100713901896,
                0.5872625698324022
            ],
            "tpr": [
                0.3566946719132192,
                0.37690098904604913,
                0.4192279059874508
            ],
            "f1_mean": 0.5513050939549008,
            "f1_std": 0.02690466925350757,
            "tpr_mean": 0.384274522315573,
            "tpr_std": 0.026056068846537363
        },
        "fpr_0.03": {
            "f1": [
                0.6206008583690987,
                0.576468851490995,
                0.6183824056164481
            ],
            "tpr": [
                0.4613421248537701,
                0.41529299159842603,
                0.45900244602786344
            ],
            "f1_mean": 0.6051507051588473,
            "f1_std": 0.02030134528419243,
            "tpr_mean": 0.44521252082668655,
            "tpr_std": 0.021177853151860458
        },
        "fpr_0.1": {
            "f1": [
                0.7493258151507722,
                0.7100322397117391,
                0.7543645464534245
            ],
            "tpr": [
                0.6501116664894183,
                0.5972561948314368,
                0.6571307029671382
            ],
            "f1_mean": 0.7379075337719786,
            "f1_std": 0.019817857561531052,
            "tpr_mean": 0.6348328547626645,
            "tpr_std": 0.02672477934999947
        },
        "auc": [
            0.910209403965464,
            0.8869070994652627,
            0.9135709782564848
        ]
    },
    "non_pretrained": {
        "fpr_0.0001": {
            "f1": [
                0.017290458618871903,
                0.07276081164172986,
                0.10270379338175949
            ],
            "tpr": [
                0.00872062107837924,
                0.03775390832712964,
                0.05413166010847602
            ],
            "f1_mean": 0.06425168788078708,
            "f1_std": 0.03538515064461886,
            "tpr_mean": 0.033535396504661634,
            "tpr_std": 0.018777424352050525
        },
        "fpr_0.0003": {
            "f1": [
                0.2820348890309617,
                0.20737634613551892,
                0.17538073527985254
            ],
            "tpr": [
                0.16420291396362863,
                0.11570775284483675,
                0.09613952993725407
            ],
            "f1_mean": 0.22159732348211106,
            "f1_std": 0.044687464876335084,
            "tpr_mean": 0.12535006558190648,
            "tpr_std": 0.02861103175897982
        },
        "fpr_0.001": {
            "f1": [
                0.40003400204012246,
                0.301416839635412,
                0.3719401435861949
            ],
            "tpr": [
                0.2502392853344677,
                0.17760289269382112,
                0.22865043071360205
            ],
            "f1_mean": 0.3577969950872431,
            "f1_std": 0.04148379335987177,
            "tpr_mean": 0.21883086958063028,
            "tpr_std": 0.030455751723822456
        },
        "fpr_0.003": {
            "f1": [
                0.4631561786762308,
                0.3814919735599623,
                0.44040036396724297
            ],
            "tpr": [
                0.3021376156545783,
                0.23630756141656917,
                0.2831011379347017
            ],
            "f1_mean": 0.4283495054011453,
            "f1_std": 0.03441102530152278,
            "tpr_mean": 0.2738487716686164,
            "tpr_std": 0.027659883361843152
        },
        "fpr_0.01": {
            "f1": [
                0.5354440154440154,
                0.5269535497902749,
                0.49260848831664283
            ],
            "tpr": [
                0.36871211315537594,
                0.36073593533978515,
                0.3295756673402106
            ],
            "f1_mean": 0.5183353511836444,
            "f1_std": 0.018518920171677833,
            "tpr_mean": 0.3530079052784572,
            "tpr_std": 0.016886033365524977
        },
        "fpr_0.03": {
            "f1": [
                0.602912410345577,
                0.5994625608250418,
                0.5701786905909394
            ],
            "tpr": [
                0.44251834520897587,
                0.4389024779325747,
                0.40891204934595343
            ],
            "f1_mean": 0.5908512205871861,
            "f1_std": 0.014685377937773624,
            "tpr_mean": 0.43011095749583467,
            "tpr_std": 0.015062401404390182
        },
        "fpr_0.1": {
            "f1": [
                0.7170262280646582,
                0.7268530072373348,
                0.6847566870770222
            ],
            "tpr": [
                0.6061895139848984,
                0.6194831436775498,
                0.5649260874189088
            ],
            "f1_mean": 0.7095453074596717,
            "f1_std": 0.017981438069733076,
            "tpr_mean": 0.5968662483604523,
            "tpr_std": 0.023228008356724738
        },
        "auc": [
            0.8824028709350527,
            0.890397072547423,
            0.8790254452694953
        ]
    },
    "full_data": {
        "fpr_0.0001": {
            "f1": [
                0.03981655201167396,
                0.04856283075645948,
                0.041653649901072586
            ],
            "tpr": [
                0.020312666170371158,
                0.024885674784643198,
                0.02126980750824205
            ],
            "f1_mean": 0.043344344223068675,
            "f1_std": 0.003765473271555127,
            "tpr_mean": 0.022156049487752138,
            "tpr_std": 0.0019692926955696614
        },
        "fpr_0.0003": {
            "f1": [
                0.24925539836187638,
                0.2626766417290108,
                0.1854138529808991
            ],