{
    "0.0001": {
        "tpr": [
            0.5037914139057397,
            0.3972139651454217,
            0.6319748119643169
        ],
        "f1": [
            0.6700283154260891,
            0.5685800100116803,
            0.7744908896034298
        ],
        "tpr_avg": 0.5109933970051594,
        "tpr_std": 0.09597591788292327,
        "f1_avg": 0.6710330716803997,
        "f1_std": 0.08406576685314072
    },
    "0.0003": {
        "tpr": [
            0.589827344843677,
            0.48184414524683805,
            0.6631100227391988
        ],
        "f1": [
            0.7419473182185047,
            0.6503048180924287,
            0.7973778307508939
        ],
        "tpr_avg": 0.5782605042765713,
        "tpr_std": 0.07445210288634127,
        "f1_avg": 0.7298766556872757,
        "f1_std": 0.06064593107299877
    },
    "0.001": {
        "tpr": [
            0.8602426504899673,
            0.8302150725651337,
            0.8278817561658213
        ],
        "f1": [
            0.9246394984326018,
            0.907001178006304,
            0.9056062248867913
        ],
        "tpr_avg": 0.8394464930736407,
        "tpr_std": 0.014735924669964437,
        "f1_avg": 0.9124156337752325,
        "f1_std": 0.008662317777695692
    },
    "0.003": {
        "tpr": [
            0.9365958936070928,
            0.9150201084105613,
            0.926301673371815
        ],
        "f1": [
            0.9665613243039879,
            0.95492700729927,
            0.9610428891174158
        ],
        "tpr_avg": 0.9259725584631564,
        "tpr_std": 0.008811351170660259,
        "f1_avg": 0.9608437402402245,
        "f1_std": 0.004751777088488865
    },
    "0.01": {
        "tpr": [
            0.969493700419972,
            0.9611820248295156,
            0.9683983441198764
        ],
        "f1": [
            0.9821544643384742,
            0.9778238956418619,
            0.9815613734412859
        ],
        "tpr_avg": 0.9663580231231212,
        "tpr_std": 0.0036872003930350206,
        "f1_avg": 0.9805132444738741,
        "f1_std": 0.0019170093128387182
    },
    "0.03": {
        "tpr": [
            0.9870508632757816,
            0.9863612519671271,
            0.9880473441781821
        ],
        "f1": [
            0.9863604569829798,
            0.9860164306939345,
            0.9868677750924497
        ],
        "tpr_avg": 0.9871531531403637,
        "tpr_std": 0.0006921339698556518,
        "f1_avg": 0.9864148875897879,
        "f1_std": 0.00034968446675913705
    },
    "0.1": {
        "tpr": [
            0.9947503499766682,
            0.9943463309436381,
            0.9956270771383593
        ],
        "f1": [
            0.9739299277576311,
            0.973799874422056,
            0.9744628641538506
        ],
        "tpr_avg": 0.9949079193528885,
        "tpr_std": 0.0005346018986529715,
        "f1_avg": 0.9740642221111792,
        "f1_std": 0.0002868391839370157
    },
    "auc": [
        0.9975915933835705,
        0.9972946368082222,
        0.9977385686067926
    ],
    "auc_avg": 0.9975415995995284,
    "auc_std": 0.0001846499287437721,
    "epoch_time_avg": 218.27423153983221
}