{
    "0.0001": {
        "tpr": [
            0.8910166724962107,
            0.8400349905233999,
            0.9168828897116702
        ],
        "f1": [
            0.9423533401152933,
            0.9130496791062516,
            0.95662489353936
        ],
        "tpr_avg": 0.882644850910427,
        "tpr_std": 0.03192663934617177,
        "f1_avg": 0.9373426375869682,
        "f1_std": 0.018138911821337145
    },
    "0.0003": {
        "tpr": [
            0.9268100734522561,
            0.8755212130048112,
            0.9262703711262062
        ],
        "f1": [
            0.9619567683673932,
            0.9335717061795571,
            0.9616659351968158
        ],
        "tpr_avg": 0.9095338858610912,
        "tpr_std": 0.02405160085831334,
        "f1_avg": 0.9523981365812553,
        "f1_std": 0.013312826077027327
    },
    "0.001": {
        "tpr": [
            0.9700069954529555,
            0.9685376877095787,
            0.967143815049124
        ],
        "f1": [
            0.984542106119551,
            0.983784264072149,
            0.9830644085878116
        ],
        "tpr_avg": 0.9685628327372194,
        "tpr_std": 0.0011690237267431344,
        "f1_avg": 0.9837969262598372,
        "f1_std": 0.0006033339302436682
    },
    "0.003": {
        "tpr": [
            0.9829485834207765,
            0.983175389998542,
            0.9802046587563045
        ],
        "f1": [
            0.9906874265569917,
            0.9908025035996592,
            0.9892897075266285
        ],
        "tpr_avg": 0.9821095440585411,
        "tpr_std": 0.0013501361207762257,
        "f1_avg": 0.9902598792277598,
        "f1_std": 0.0006876217607058282
    },
    "0.01": {
        "tpr": [
            0.9918677859391396,
            0.9917480682315206,
            0.9930031194425818
        ],
        "f1": [
            0.9935474452554746,
            0.9934716887441399,
            0.9941334422975893
        ],
        "tpr_avg": 0.9922063245377474,
        "tpr_std": 0.0005655349518564988,
        "f1_avg": 0.9937175254324013,
        "f1_std": 0.00029571933914131616
    },
    "0.03": {
        "tpr": [
            0.9970560802145272,
            0.9966759002770084,
            0.9969680184251188
        ],
        "f1": [
            0.9914928769148273,
            0.9912420613055709,
            0.9913898069229432
        ],
        "tpr_avg": 0.9968999996388849,
        "tpr_std": 0.00016248920514610202,
        "f1_avg": 0.9913749150477805,
        "f1_std": 0.00010293507151295614
    },
    "0.1": {
        "tpr": [
            0.9992713069837938,
            0.9986878553725033,
            0.999154543599312
        ],
        "f1": [
            0.976403742363613,
            0.9760476482238782,
            0.9765911066151851
        ],
        "tpr_avg": 0.999037901985203,
        "tpr_std": 0.0002520686352111964,
        "f1_avg": 0.9763474990675588,
        "f1_std": 0.00022540221388109416
    },
    "auc": [
        0.9995451904332167,
        0.9994440138867753,
        0.9995523742118873
    ],
    "auc_avg": 0.9995138595106264,
    "auc_std": 4.9475314028718193e-05
}