{
    "0.0001": {
        "tpr": [
            0.0,
            0.784039201960098,
            0.6184317837585925
        ],
        "f1": [
            0.0,
            0.878948401020208,
            0.7642358361529048
        ],
        "tpr_avg": 0.46749032857289685,
        "tpr_std": 0.3374086145143485,
        "f1_avg": 0.5477280790577043,
        "f1_std": 0.390123296387002
    },
    "0.0003": {
        "tpr": [
            0.0,
            0.8807607047019017,
            0.8728882675055342
        ],
        "f1": [
            0.0,
            0.936542398114261,
            0.9320726548892759
        ],
        "tpr_avg": 0.5845496574024787,
        "tpr_std": 0.4133515213422018,
        "f1_avg": 0.6228716843345122,
        "f1_std": 0.4404405718598962
    },
    "0.001": {
        "tpr": [
            0.9169972001866542,
            0.9097538210243845,
            0.8956658511010136
        ],
        "f1": [
            0.9564688346059076,
            0.952511833867766,
            0.9447294847767981
        ],
        "tpr_avg": 0.9074722907706841,
        "tpr_std": 0.008856660344143187,
        "f1_avg": 0.9512367177501572,
        "f1_std": 0.004876646691979546
    },
    "0.003": {
        "tpr": [
            0.9437120858609426,
            0.9450472523626181,
            0.9379587556798322
        ],
        "f1": [
            0.9703421597145171,
            0.9710483725948571,
            0.9672884563395514
        ],
        "tpr_avg": 0.9422393646344642,
        "tpr_std": 0.003075535418281546,
        "f1_avg": 0.9695596628829751,
        "f1_std": 0.0016316593864851875
    },
    "0.01": {
        "tpr": [
            0.9710685954269715,
            0.9717069186792673,
            0.96999883490621
        ],
        "f1": [
            0.982936765660979,
            0.9832649567604262,
            0.9823888610283489
        ],
        "tpr_avg": 0.9709247830041496,
        "tpr_std": 0.0007046980694660962,
        "f1_avg": 0.9828635278165847,
        "f1_std": 0.00036139430850497527
    },
    "0.03": {
        "tpr": [
            0.9872258516098926,
            0.987924396219811,
            0.9870674589304439
        ],
        "f1": [
            0.9864490747486521,
            0.986974385872891,
            0.9865214986463275
        ],
        "tpr_avg": 0.9874059022533825,
        "tpr_std": 0.00037228936339250276,
        "f1_avg": 0.9866483197559569,
        "f1_std": 0.00023245162894388805
    },
    "0.1": {
        "tpr": [
            0.9955086327578161,
            0.994866409987166,
            0.9951648607712921
        ],
        "f1": [
            0.9745888533576975,
            0.9741524576585839,
            0.9745564493125677
        ],
        "tpr_avg": 0.995179967838758,
        "tpr_std": 0.00026240387370226253,
        "f1_avg": 0.974432586776283,
        "f1_std": 0.00019852245460292393
    },
    "auc": [
        0.9978385936402425,
        0.9979459659650458,
        0.997965141483815
    ],
    "auc_avg": 0.9979165670297011,
    "auc_std": 5.568849209523721e-05,
    "epoch_time_avg": 57.615889416800606
}