{
    "pretrained": {
        "fpr_0.0001": {
            "f1": [
                0.08121620242832363,
                0.0,
                0.18911892152142512
            ],
            "tpr": [
                0.04232691694140168,
                0.0,
                0.10443475486546847
            ],
            "f1_mean": 0.09011170798324958,
            "f1_std": 0.0774632778963255,
            "tpr_mean": 0.048920557268956714,
            "tpr_std": 0.0428894825921188
        },
        "fpr_0.0003": {
            "f1": [
                0.3309671694764862,
                0.0,
                0.26891220320265047
            ],
            "tpr": [
                0.1983409550143571,
                0.0,
                0.15537594384770817
            ],
            "f1_mean": 0.19995979089304558,
            "f1_std": 0.1436445687343233,
            "tpr_mean": 0.11790563295402175,
            "tpr_std": 0.08519703342978535
        },
        "fpr_0.001": {
            "f1": [
                0.40640081280162554,
                0.0,
                0.3384533898305085
            ],
            "tpr": [
                0.2552376900989046,
                0.0,
                0.20387110496650004
            ],
            "f1_mean": 0.24828473421071137,
            "f1_std": 0.17774175087031308,
            "tpr_mean": 0.15303626502180157,
            "tpr_std": 0.11022614730909194
        },
        "fpr_0.003": {
            "f1": [
                0.45014385532264695,
                0.0,
                0.4402713434811383
            ],
            "tpr": [
                0.2911836647878337,
                0.0,
                0.28299478889716045
            ],
            "f1_mean": 0.2968050662679284,
            "f1_std": 0.2099115720873073,
            "tpr_mean": 0.19139281789499804,
            "tpr_std": 0.13537644422973327
        },
        "fpr_0.01": {
            "f1": [
                0.5203619909502263,
                0.0,
                0.5546410608139003
            ],
            "tpr": [
                0.3546740401999362,
                0.0,
                0.3870041476124641
            ],
            "f1_mean": 0.35833435058804214,
            "f1_std": 0.25376681391413275,
            "tpr_mean": 0.24722606260413346,
            "tpr_std": 0.17531277474727577
        },
        "fpr_0.03": {
            "f1": [
                0.6004789897670367,
                0.0,
                0.6266913545079049
            ],
            "tpr": [
                0.4399659683079868,
                0.0,
                0.4679357651813251
            ],
            "f1_mean": 0.40905678142498053,
            "f1_std": 0.28944470956027774,
            "tpr_mean": 0.30263391116310395,
            "tpr_std": 0.21429891977281343
        },
        "fpr_0.1": {
            "f1": [
                0.7033930613800992,
                0.0,
                0.7218742169882235
            ],
            "tpr": [
                0.5886419227905988,
                0.0,
                0.6127831543124534
            ],
            "f1_mean": 0.4750890927894409,
            "f1_std": 0.3360234345436574,
            "tpr_mean": 0.40047502570101745,
            "tpr_std": 0.2833500596112176
        },
        "auc": [
            0.8958239095383713,
            0.7523886347265589,
            0.9011740141840171
        ]
    },
    "non_pretrained": {
        "fpr_0.0001": {
            "f1": [
                0.031197654941373533,
                0.058635284401775574,
                0.04389432078219264
            ],
            "tpr": [
                0.015846006593640327,
                0.030203126661703713,
                0.022439646921195364
            ],
            "f1_mean": 0.044575753375113915,
            "f1_std": 0.011211724232118272,
            "tpr_mean": 0.0228295933921798,
            "tpr_std": 0.0058677518607993875
        },
        "fpr_0.0003": {
            "f1": [
                0.31466714452110023,
                0.21129707112970708,
                0.22948042168674698
            ],
            "tpr": [
                0.1867489099223652,
                0.11815378070828458,
                0.1296394767627353
            ],
            "f1_mean": 0.2518148791125181,
            "f1_std": 0.04505895404625063,
            "tpr_mean": 0.14484738913112835,
            "tpr_std": 0.029997593091531483
        },
        "fpr_0.001": {
            "f1": [
                0.37755365916731315,
                0.3964900323734878,
                0.38645520788684096
            ],
            "tpr": [
                0.23290439221525044,
                0.24747421035839626,
                0.23971073061788792
            ],
            "f1_mean": 0.38683296647588056,
            "f1_std": 0.007735355355533756,
            "tpr_mean": 0.24002977773051157,
            "tpr_std": 0.005952380110854276
        },
        "fpr_0.003": {
            "f1": [
                0.4528518670496512,
                0.4418181818181818,
                0.4597663589576015
            ],
            "tpr": [
                0.2934169945761991,
                0.284270977347655,
                0.29926619164096563
            ],
            "f1_mean": 0.45147880260847817,
            "f1_std": 0.007391357346103958,
            "tpr_mean": 0.2923180545216066,
            "tpr_std": 0.0061708921482644475
        },
        "fpr_0.01": {
            "f1": [
                0.541862074267702,
                0.5287409820805213,
                0.5076717286961996
            ],
            "tpr": [
                0.37477400829522495,
                0.36243751994044454,
                0.3430819951079443
            ],
            "f1_mean": 0.5260915950148076,
            "f1_std": 0.014083308594282046,
            "tpr_mean": 0.3600978411145379,
            "tpr_std": 0.013043555183103251
        },
        "fpr_0.03": {
            "f1": [
                0.5896892138939671,
                0.6154067054347045,
                0.5633194278903457
            ],
            "tpr": [
                0.4287993193661597,
                0.4558119749016271,
                0.402105710943316
            ],
            "f1_mean": 0.5894717824063391,
            "f1_std": 0.021265097818328603,
            "tpr_mean": 0.4289056684037009,
            "tpr_std": 0.021925619408632246
        },
        "fpr_0.1": {
            "f1": [
                0.7280433834070934,
                0.7335691677527462,
                0.6655767721684541
            ],
            "tpr": [
                0.6210783792406679,
                0.6285228118685526,
                0.541210252047219
            ],
            "f1_mean": 0.7090631077760979,
            "f1_std": 0.030832121903345493,
            "tpr_mean": 0.5969371477188132,
            "tpr_std": 0.039521893259157316
        },
        "auc": [
            0.8904258787335037,
            0.8974275159027952,
            0.8749300838786179
        ]
    },
    "full_data": {
        "fpr_0.0001": {
            "f1": [
                0.05843485442907289,
                0.084733679600774,
                0.15410286611700041
            ],
            "tpr": [
                0.0300967776241625,
                0.04424119961714346,
                0.08348399446985005
            ],
            "f1_mean": 0.09909046671561576,
            "f1_std": 0.04035410030613184,
            "tpr_mean": 0.052607323903718674,
            "tpr_std": 0.022583810681045154
        },
        "fpr_0.0003": {
            "f1": [
                0.3872074080425276,
                0.37900723888314375,
                0.4317158579289645
            ],
            "tpr": [
                0.24013612676805274,
                0.23386153355312134,
                0.27533765819419337
            ],
            "f1_mean": 0.3993101682848786,
            "f1_std": 0.02315753634769523,
            "tpr_mean": 0.2497784395051225,