{
    "0.0001": {
        "tpr": [
            0.0,
            0.5283490182409667,
            0.3400774102744546
        ],
        "f1": [
            0.0,
            0.6913983807822418,
            0.5075489037678876
        ],
        "tpr_avg": 0.2894754761718071,
        "f1_avg": 0.39964909485004313
    },
    "0.001": {
        "tpr": [
            0.7684161526824159,
            0.7456721273382131,
            0.7113535069200094
        ],
        "f1": [
            0.8688443698805882,
            0.854082107924679,
            0.8311065433367592
        ],
        "tpr_avg": 0.7418139289802128,
        "f1_avg": 0.8513443403806754
    },
    "0.01": {
        "tpr": [
            0.9181892237868032,
            0.918728941559196,
            0.9132066619751349
        ],
        "f1": [
            0.9550323791079102,
            0.9553293666374701,
            0.9522411789885648
        ],
        "tpr_avg": 0.9167082757737114,
        "f1_avg": 0.9542009749113151
    },
    "0.1": {
        "tpr": [
            0.9611893401605959,
            0.979261066573719,
            0.9821135350692001
        ],
        "f1": [
            0.9593750907454193,
            0.967708602428313,
            0.9671681441483064
        ],
        "tpr_avg": 0.9741879806011716,
        "f1_avg": 0.9647506124406796
    },
    "epoch_time_avg": 17.576170762379963
}