{
    "0.0001": {
        "tpr": [
            0.5552193645990923,
            0.4125130707563611,
            0.4578935022284776
        ],
        "f1": [
            0.7140077821011672,
            0.584083898827884,
            0.6281576830249397
        ],
        "tpr_avg": 0.47520864586131034,
        "f1_avg": 0.6420831213179969
    },
    "0.001": {
        "tpr": [
            0.7623065285697661,
            0.8558731265249215,
            0.7471850809289233
        ],
        "f1": [
            0.8648951972272653,
            0.9221092160851196,
            0.8550719774504211
        ],
        "tpr_avg": 0.7884549120078703,
        "f1_avg": 0.8806921302542686
    },
    "0.01": {
        "tpr": [
            0.9395438147329221,
            0.9392355059835018,
            0.9319727891156463
        ],
        "f1": [
            0.966481115700006,
            0.9663210112661745,
            0.962364126320889
        ],
        "tpr_avg": 0.9369173699440233,
        "f1_avg": 0.9650554177623566
    },
    "0.1": {
        "tpr": [
            0.989468171767718,
            0.9872777971418613,
            0.9883298146844944
        ],
        "f1": [
            0.9714367323621823,
            0.972170580327775,
            0.97090678649614
        ],
        "tpr_avg": 0.9883585945313579,
        "f1_avg": 0.971504699728699
    },
    "epoch_time_avg": 56.525130377875435
}