{
    "0.0001": {
        "tpr": [
            0.29192365879204,
            0.4462065760427559,
            0.5037532254281023
        ],
        "f1": [
            0.4519209115885241,
            0.6170717011448082,
            0.6699945402074722
        ],
        "tpr_avg": 0.413961153420966,
        "f1_avg": 0.5796623843136014
    },
    "0.001": {
        "tpr": [
            0.7367624810892587,
            0.7251074706634135,
            0.6508913910391743
        ],
        "f1": [
            0.8482047159699893,
            0.8404821224159988,
            0.7884212395666844
        ],
        "tpr_avg": 0.7042537809306154,
        "f1_avg": 0.8257026926508909
    },
    "0.01": {
        "tpr": [
            0.9374490864657279,
            0.9354014174509121,
            0.9311517710532489
        ],
        "f1": [
            0.9653664090119239,
            0.9642782285834057,
            0.9619240905097992
        ],
        "tpr_avg": 0.934667424989963,
        "f1_avg": 0.9638562427017096
    },
    "0.1": {
        "tpr": [
            0.9860351448853718,
            0.9861740443824794,
            0.9801196340605207
        ],
        "f1": [
            0.9697004377557151,
            0.9708615710159846,
            0.9661531346648552
        ],
        "tpr_avg": 0.9841096077761239,
        "f1_avg": 0.9689050478121849
    },
    "epoch_time_avg": 30.529240767161053
}