{
    "0.0001": {
        "tpr": [
            0.15945347979660754
        ],
        "f1": [
            0.27504017139796466
        ],
        "tpr_avg": 0.15945347979660754,
        "f1_avg": 0.27504017139796466
    },
    "0.0003": {
        "tpr": [
            0.17276714668322787
        ],
        "f1": [
            0.29460237614587814
        ],
        "tpr_avg": 0.17276714668322787,
        "f1_avg": 0.29460237614587814
    },
    "0.001": {
        "tpr": [
            0.2570352831580173
        ],
        "f1": [
            0.40880328425471496
        ],
        "tpr_avg": 0.2570352831580173,
        "f1_avg": 0.40880328425471496
    },
    "0.003": {
        "tpr": [
            0.4031362807126499
        ],
        "f1": [
            0.5740500207268205
        ],
        "tpr_avg": 0.4031362807126499,
        "f1_avg": 0.5740500207268205
    },
    "0.01": {
        "tpr": [
            0.5343709971664791
        ],
        "f1": [
            0.6943736917761582
        ],
        "tpr_avg": 0.5343709971664791,
        "f1_avg": 0.6943736917761582
    },
    "0.03": {
        "tpr": [
            0.6646353297364438
        ],
        "f1": [
            0.7917235001733903
        ],
        "tpr_avg": 0.6646353297364438,
        "f1_avg": 0.7917235001733903
    },
    "0.1": {
        "tpr": [
            0.8345301401234329
        ],
        "f1": [
            0.8867259192048337
        ],
        "tpr_avg": 0.8345301401234329,
        "f1_avg": 0.8867259192048337
    },
    "epoch_time_avg": 1.549337917948801e+199
}