{
    "auc": [
        0.9985729340749362,
        0.9987172338547952,
        0.9987816615262919
    ],
    "auc_avg": 0.9986906098186745,
    "auc_std": 8.726746897471838e-05,
    "epoch_time_avg": 0.02984250737031301
}