{
    "auc": [
        0.9979753447083493,
        0.9980735002143506,
        0.9982115220865457
    ],
    "auc_avg": 0.9980867890030819,
    "auc_std": 9.687580510598345e-05
}