{
    "0.0001": {
        "tpr": [
            0.43071586801912093,
            0.43882250072865053,
            0.370355247039608
        ],
        "f1": [
            0.60208613453938,
            0.6099621204448316,
            0.5405129296584016
        ],
        "tpr_avg": 0.4132978719291265,
        "tpr_std": 0.030544842966510992,
        "f1_avg": 0.5841870615475377,
        "f1_std": 0.031049209712948254
    },
    "0.0003": {
        "tpr": [
            0.6480704208930862,
            0.6399009035266686,
            0.5966575278539346
        ],
        "f1": [
            0.7864039896721253,
            0.7803586344168193,
            0.7473286207463423
        ],
        "tpr_avg": 0.6282096174245632,
        "tpr_std": 0.022558605463765938,
        "f1_avg": 0.771363748278429,
        "f1_std": 0.017173663881138213
    },
    "0.001": {
        "tpr": [
            0.8785705957794101,
            0.8528708831244535,
            0.8330805576620195
        ],
        "f1": [
            0.9351285949182516,
            0.9203623325155689,
            0.9087091386303984
        ],
        "tpr_avg": 0.8548406788552944,
        "tpr_std": 0.01862338965559782,
        "f1_avg": 0.9214000220214063,
        "f1_std": 0.010810628019664752
    },
    "0.003": {
        "tpr": [
            0.9415005246589717,
            0.9290877295249198,
            0.9349005424954792
        ],
        "f1": [
            0.9691705297268104,
            0.9625279304305816,
            0.9656418985072828
        ],
        "tpr_avg": 0.9351629322264569,
        "tpr_std": 0.005070897819136018,
        "f1_avg": 0.9657801195548915,
        "f1_std": 0.0027135905053472806
    },
    "0.01": {
        "tpr": [
            0.9753410283315844,
            0.971874089186826,
            0.9693752552062066
        ],
        "f1": [
            0.985132628727883,
            0.983352747755054,
            0.9820642378039772
        ],
        "tpr_avg": 0.9721967909082058,
        "tpr_std": 0.0024461826787338294,
        "f1_avg": 0.9835165380956381,
        "f1_std": 0.0012580079947356719
    },
    "0.03": {
        "tpr": [
            0.9921009677043255,
            0.991168755464879,
            0.9897625853117891
        ],
        "f1": [
            0.9889014788343647,
            0.9884606441111499,
            0.9877172046453415
        ],
        "tpr_avg": 0.9910107694936645,
        "tpr_std": 0.0009611547668496098,
        "f1_avg": 0.9883597758636187,
        "f1_std": 0.0004887106445990719
    },
    "0.1": {
        "tpr": [
            0.9974058528623062,
            0.9966482075196735,
            0.9962666977775185
        ],
        "f1": [
            0.9754839077510762,
            0.9749248029194999,
            0.9746896846911114
        ],
        "tpr_avg": 0.9967735860531661,
        "tpr_std": 0.0004734331415627514,
        "f1_avg": 0.9750327984538959,
        "f1_std": 0.0003331114366415101
    },
    "auc": [
        0.9984201002936867,
        0.9981960073407342,
        0.9980136292669269
    ],
    "auc_avg": 0.9982099123004492,
    "auc_std": 0.0001662321365386053,
    "epoch_time_avg": 0.01788382696310679
}