{
    "0.0001": {
        "tpr": [
            0.29526364909006064,
            0.5901878427254696,
            0.32768262845159035
        ],
        "f1": [
            0.45591281635593983,
            0.7422869510987197,
            0.49361590101355796
        ],
        "tpr_avg": 0.4043780400890402,
        "tpr_std": 0.13205228667098112,
        "f1_avg": 0.5639385561560725,
        "f1_std": 0.12704721729115445
    },
    "0.0003": {
        "tpr": [
            0.3793747083527765,
            0.7144440555361101,
            0.6555982756611908
        ],
        "f1": [
            0.5500211416490486,
            0.8333843693647716,
            0.7919217507564563
        ],
        "tpr_avg": 0.583139013183359,
        "tpr_std": 0.14607218625184334,
        "f1_avg": 0.7251090872567588,
        "f1_std": 0.12495766938797322
    },
    "0.001": {
        "tpr": [
            0.7943303779748017,
            0.7807723719519309,
            0.8043224979610859
        ],
        "f1": [
            0.8851478713032174,
            0.8766907935676154,
            0.8913204867499435
        ],
        "tpr_avg": 0.7931417492959394,
        "tpr_std": 0.00965096669990212,
        "f1_avg": 0.884386383873592,
        "f1_std": 0.005996770129626576
    },
    "0.003": {
        "tpr": [
            0.9160055996266916,
            0.9120872710302181,
            0.9014330653617616
        ],
        "f1": [
            0.9554636164516914,
            0.9533245937623852,
            0.9474650991917707
        ],
        "tpr_avg": 0.9098419786728904,
        "tpr_std": 0.006157417859949916,
        "f1_avg": 0.9520844364686157,
        "f1_std": 0.003381080909441005
    },
    "0.01": {
        "tpr": [
            0.9596943537097526,
            0.9631898261579745,
            0.9566002563206338
        ],
        "f1": [
            0.9770770235762218,
            0.9788646805987846,
            0.9754373459265199
        ],
        "tpr_avg": 0.9598281453961204,
        "tpr_std": 0.0026918435840892225,
        "f1_avg": 0.9771263500338421,
        "f1_std": 0.0013996381826488944
    },
    "0.03": {
        "tpr": [
            0.9866425571628558,
            0.9856492824641232,
            0.982698357217756
        ],
        "f1": [
            0.9862686219060668,
            0.9856780328442668,
            0.9841603220442812
        ],
        "tpr_avg": 0.9849967322815782,
        "tpr_std": 0.0016750213147471186,
        "f1_avg": 0.9853689922648715,
        "f1_std": 0.0008880171306853708
    },
    "0.1": {
        "tpr": [
            0.9945753616425571,
            0.9935246762338117,
            0.9937084935337295
        ],
        "f1": [
            0.9738698346517405,
            0.9733946789357871,
            0.9736023515310636
        ],
        "tpr_avg": 0.9939361771366994,
        "tpr_std": 0.0004581592331156397,
        "f1_avg": 0.9736222883728637,
        "f1_std": 0.0001944930964439105
    },
    "auc": [
        0.997110240836552,
        0.9971988786288986,
        0.9968367753275231
    ],
    "auc_avg": 0.9970486315976578,
    "auc_std": 0.00015411353813466567
}