{
    "pretrained": {
        "fpr_0.003": {
            "f1": [
                0.37429190061747586,
                0.49827516983762243,
                0.36562457024046324,
                0.44309352359265747,
                0.48021307981533273
            ],
            "tpr": [
                0.23898732324479355,
                0.3406901980740059,
                0.22913731361216286,
                0.2948051864162271,
                0.3206879389446577
            ],
            "f1_mean": 0.4322996488207103,
            "f1_std": 0.05399155291527353,
            "tpr_mean": 0.2848615920583694,
            "tpr_std": 0.04406558565853862
        },
        "fpr_0.01": {
            "f1": [
                0.4769737918677559,
                0.5732474799905195,
                0.4473546491871532,
                0.5445543370352555,
                0.5185823039288356
            ],
            "tpr": [
                0.3196341573647954,
                0.4106770397430242,
                0.29548667378217414,
                0.38521936979631405,
                0.3532613478421662
            ],
            "f1_mean": 0.512142512401904,
            "f1_std": 0.045299272574560165,
            "tpr_mean": 0.3528557177056948,
            "tpr_std": 0.041918385147277984
        },
        "fpr_0.03": {
            "f1": [
                0.566036387077054,
                0.6584005027864609,
                0.5352085966275486,
                0.6478393730778681,
                0.5375345063591812
            ],
            "tpr": [
                0.4056470893601315,
                0.5093079377663096,
                0.3729804914223074,
                0.49529032512426574,
                0.3754508526468175
            ],
            "f1_mean": 0.5890038731856225,
            "f1_std": 0.05356872439614016,
            "tpr_mean": 0.43173533926396634,
            "tpr_std": 0.05891929501921428
        },
        "fpr_0.1": {
            "f1": [
                0.7043904818821318,
                0.7779730905388773,
                0.6950145290814902,
                0.7330288516032568,
                0.7222333073247104
            ],
            "tpr": [
                0.5919828781289699,
                0.6882239554476138,
                0.5780751546500529,
                0.6260228895666605,
                0.6127841028766738
            ],
            "f1_mean": 0.7265280520860933,
            "f1_std": 0.028949857875413397,
            "tpr_mean": 0.6194177961339942,
            "tpr_std": 0.03816755018543839
        }
    },
    "non_pretrained": {
        "fpr_0.003": {
            "f1": [
                0.2765924967763269,
                0.3086775825637377,
                0.4041267487598719,
                0.3502068804750296,
                0.38140358171417343
            ],
            "tpr": [
                0.1692086888599802,
                0.20010098101527085,
                0.2669622279373229,
                0.22435551392132802,
                0.2449757270300817
            ],
            "f1_mean": 0.3442014580578279,
            "f1_std": 0.04657042182406911,
            "tpr_mean": 0.2211206277527967,
            "tpr_std": 0.03411057755627227
        },
        "fpr_0.01": {
            "f1": [
                0.40171272230974275,
                0.4496505981456294,
                0.5200251836215904,
                0.4512982503161491,
                0.5037424445978955
            ],
            "tpr": [
                0.2631755472038264,
                0.31542970269970816,
                0.36561861880917934,
                0.30404266092209237,
                0.3520607254916905
            ],
            "f1_mean": 0.4652858397982014,
            "f1_std": 0.04232484122401209,
            "tpr_mean": 0.3200654510252994,
            "tpr_std": 0.03636885977143664
        },
        "fpr_0.03": {
            "f1": [
                0.5839003766626969,
                0.6480243045827988,
                0.6426061615063923,
                0.6237443620516075,
                0.6290086122137534
            ],
            "tpr": [
                0.42971733470561224,
                0.5046081504810283,
                0.4910009330098231,
                0.47145714337510564,
                0.4741715886282588
            ],
            "f1_mean": 0.6254567634034498,
            "f1_std": 0.02256491523353407,
            "tpr_mean": 0.4741910300399656,
            "tpr_std": 0.025271162002329088
        },
        "fpr_0.1": {
            "f1": [
                0.7553747063056,
                0.7581152620089933,
                0.7568150056433371,
                0.7776963439793564,
                0.7363690598864029
            ],
            "tpr": [
                0.6563699834019499,
                0.6608371389395084,
                0.6574652753064103,
                0.6888727853078593,
                0.6296678920538102
            ],
            "f1_mean": 0.756874075564738,
            "f1_std": 0.013098203473144311,
            "tpr_mean": 0.6586426150019077,
            "tpr_std": 0.018787041731503494
        }
    },
    "full_data": {
        "fpr_0.003": {
            "f1": [
                0.8231509635217368,
                0.8375261450203447,
                0.8127817486028129,
                0.7887574279529106,
                0.8165460697993648
            ],
            "tpr": [
                0.7076663300312411,
                0.7279189239782567,
                0.6949749295899471,
                0.6664897696052,
                0.69859288076723
            ],
            "f1_mean": 0.8157524709794342,
            "f1_std": 0.015918655167244136,
            "tpr_mean": 0.699128566794375,
            "tpr_std": 0.0199228954289584
        },
        "fpr_0.01": {
            "f1": [
                0.8893899132963238,
                0.8733858036131746,
                0.880087614409464,
                0.8604767208258476,
                0.8720022926768272
            ],
            "tpr": [
                0.8087023702368595,
                0.7823550985595253,
                0.7935783682708044,
                0.7628068874933932,
                0.7803093507134011
            ],
            "f1_mean": 0.8750684689643276,
            "f1_std": 0.009544081959001974,
            "tpr_mean": 0.7855504150547967,
            "tpr_std": 0.015201367770451293
        },
        "fpr_0.03": {
            "f1": [
                0.9175816095089511,
                0.9033741339343718,
                0.917496775842039,
                0.899707352216745,
                0.9072031970749613
            ],
            "tpr": [
                0.8638810764574268,
                0.8412231537990714,
                0.8655023023141099,
                0.8369220102062587,
                0.8477250198603445
            ],
            "f1_mean": 0.9090726137154137,
            "f1_std": 0.007308146554073671,
            "tpr_mean": 0.8510507125274422,
            "tpr_std": 0.011668145161028367
        },
        "fpr_0.1": {
            "f1": [
                0.9140909439697517,
                0.9301491059776514,
                0.9234447481531057,
                0.9173804257915602,
                0.9178413301770894
            ],
            "tpr": [
                0.8999367724325019,
                0.925953225566383,
                0.9175572609258632,
                0.9093913178102206,
                0.9112075897589503
            ],
            "f1_mean": 0.9205813108138317,
            "f1_std": 0.005650132711344391,
            "tpr_mean": 0.9128092332987838,
            "tpr_std": 0.008663209060709855
        }
    }
}