{
    "0.0001": [
        0.4885373186939419,
        0.6522553448425703
    ],
    "0.001": [
        0.6696899584375217,
        0.8016325332180306
    ],
    "0.01": [
        0.7111929770373339,
        0.8300768690695133
    ],
    "0.1": [
        0.9872457767855537,
        0.9755881858572776
    ],
    "avg_epoch_time": 82.67372787793478
}