{
    "0.0001": {
        "tpr": [
            0.002719067748200617,
            0.0,
            0.0020568137669401466
        ],
        "f1": [
            0.005423265352626182,
            0.0,
            0.004105090311986863
        ],
        "tpr_avg": 0.001591960505046921,
        "tpr_std": 0.0011576985131848943,
        "f1_avg": 0.0031761185548710145,
        "f1_std": 0.0023094289576124044
    },
    "0.0003": {
        "tpr": [
            0.008020107391751399,
            0.006902403228765364,
            0.005050620472153027
        ],
        "f1": [
            0.015910790779900725,
            0.013708612287653141,
            0.010049337243935157
        ],
        "tpr_avg": 0.006657710364223263,
        "tpr_std": 0.0012245731473687258,
        "f1_avg": 0.013222913437163008,
        "f1_std": 0.0024174486438662823
    },
    "0.001": {
        "tpr": [
            0.019718953501656575,
            0.020890662263804805,
            0.023699065292410358
        ],
        "f1": [
            0.03866141026789714,
            0.040910723908747976,
            0.046284311537603214
        ],
        "tpr_avg": 0.02143622701929058,
        "tpr_std": 0.0016700405471216382,
        "f1_avg": 0.04195214857141611,
        "f1_std": 0.003197976437054291
    },
    "0.003": {
        "tpr": [
            0.07537986975893979,
            0.07766923500275179,
            0.07765614644514021
        ],
        "f1": [
            0.14007600365157208,
            0.14399591862763855,
            0.1439678000211842
        ],
        "tpr_avg": 0.07690175040227727,
        "tpr_std": 0.0010761453888792326,
        "f1_avg": 0.14267990743346495,
        "f1_std": 0.0018412738060057244
    },
    "0.01": {
        "tpr": [
            0.07537986975893979,
            0.07766923500275179,
            0.0854948922458121
        ],
        "f1": [
            0.14007600365157208,
            0.14399591862763855,
            0.15696393731512365
        ],
        "tpr_avg": 0.07951466566916789,
        "tpr_std": 0.004330714393407077,
        "f1_avg": 0.14701195319811142,
        "f1_std": 0.007216782489625377
    },
    "0.03": {
        "tpr": [
            0.09423054952587684,
            0.09697761878554394,
            0.09792718879265032
        ],
        "f1": [
            0.17093591975462155,
            0.17539712164572185,
            0.17687973416441352
        ],
        "tpr_avg": 0.09637845236802371,
        "tpr_std": 0.0015674896627146477,
        "f1_avg": 0.17440425852158561,
        "f1_std": 0.0025260727519168043
    },
    "0.1": {
        "tpr": [
            0.16967896721124187,
            0.16336452027150983,
            0.16468222227300774
        ],
        "f1": [
            0.2809313938751963,
            0.27251687929154794,
            0.2742687498810588
        ],
        "tpr_avg": 0.1659085699185865,
        "tpr_std": 0.0027198047049417874,
        "f1_avg": 0.27590567434926766,
        "f1_std": 0.0036249740417988547
    },
    "auc": [
        0.5579640498147256,
        0.5607754354191696,
        0.556854607415383
    ],
    "auc_avg": 0.5585313642164261,
    "auc_std": 0.001650173179114248,
    "epoch_time_avg": 0.025260856119791668
}