{
    "0.0001": {
        "tpr": [
            0.0,
            0.0026870701826296854,
            0.0
        ],
        "f1": [
            0.0,
            0.005359738372093024,
            0.0
        ],
        "tpr_avg": 0.0008956900608765618,
        "tpr_std": 0.0012666970317744169,
        "f1_avg": 0.0017865794573643414,
        "f1_std": 0.002526604898861816
    },
    "0.0003": {
        "tpr": [
            0.00536697247706422,
            0.008106754110306508,
            0.0026137197358767424
        ],
        "f1": [
            0.010675669510470368,
            0.016081673216786375,
            0.005213573584560505
        ],
        "tpr_avg": 0.005362482107749156,
        "tpr_std": 0.0022425241406696444,
        "f1_avg": 0.010656972103939082,
        "f1_std": 0.004436902793522772
    },
    "0.001": {
        "tpr": [
            0.018211009174311926,
            0.024957872204763858,
            0.010592443140132062
        ],
        "f1": [
            0.03575771222697591,
            0.04868298316528229,
            0.020955232004354337
        ],
        "tpr_avg": 0.017920441506402613,
        "tpr_std": 0.005868259834622622,
        "f1_avg": 0.03513197579887085,
        "f1_std": 0.011328451075902612
    },
    "0.003": {
        "tpr": [
            0.07756880733944954,
            0.07551122648813591,
            0.07602714600146736
        ],
        "f1": [
            0.14383532513928465,
            0.14027072758037226,
            0.1411604444255247
        ],
        "tpr_avg": 0.07636905994301761,
        "tpr_std": 0.0008741047219843294,
        "f1_avg": 0.14175549904839388,
        "f1_std": 0.0015148501449317306
    },
    "0.01": {
        "tpr": [
            0.07761467889908256,
            0.07551122648813591,
            0.08322633895818049
        ],
        "f1": [
            0.14388366852332157,
            0.14027072758037226,
            0.1531128732917159
        ],
        "tpr_avg": 0.07878408144846633,
        "tpr_std": 0.0032564159079411497,
        "f1_avg": 0.14575575646513658,
        "f1_std": 0.005407322909059676
    },
    "0.03": {
        "tpr": [
            0.09678899082568808,
            0.09468506626588331,
            0.09808327219369038
        ],
        "f1": [
            0.17504562800730047,
            0.1716692126666942,
            0.17702557311925846
        ],
        "tpr_avg": 0.09651910976175393,
        "tpr_std": 0.001400375598056571,
        "f1_avg": 0.17458013793108437,
        "f1_std": 0.002211358569257125
    },
    "0.1": {
        "tpr": [
            0.16174311926605506,
            0.17001411850434942,
            0.16512289068231842
        ],
        "f1": [
            0.27004671823542925,
            0.28142787138603037,
            0.2747596520677552
        ],
        "tpr_avg": 0.16562670948424096,
        "tpr_std": 0.0033953627335769256,
        "f1_avg": 0.27541141389640494,
        "f1_std": 0.004669136741791648
    },
    "auc": [
        0.5576272365464489,
        0.5591407126861182,
        0.5562620389437162
    ],
    "auc_avg": 0.5576766627254277,
    "auc_std": 0.0011757332007943135
}