{
    "0.0001": {
        "tpr": [
            0.0,
            0.05717422128710607,
            0.15248972133394245
        ],
        "f1": [
            0.0,
            0.10816423657681826,
            0.2646266053591248
        ],
        "tpr_avg": 0.06988798087368285,
        "f1_avg": 0.12426361397864767
    },
    "0.001": {
        "tpr": [
            0.0,
            0.05895805699126378,
            0.15568752855185017
        ],
        "f1": [
            0.0,
            0.11131260794473229,
            0.26939646654282445
        ],
        "tpr_avg": 0.07154852851437131,
        "f1_avg": 0.12690302482918558
    },
    "0.01": {
        "tpr": [
            0.0005501558774986246,
            0.570095595297992,
            0.15637277295568752
        ],
        "f1": [
            0.0010954402300424482,
            0.7244195170149079,
            0.2696124763705104
        ],
        "tpr_avg": 0.24233950804372606,
        "f1_avg": 0.33170914453848693
    },
    "0.1": {
        "tpr": [
            0.10957271226847606,
            0.6586470292274619,
            0.28629511192325263
        ],
        "f1": [
            0.1907650556730654,
            0.7760502276952925,
            0.4322218007517501
        ],
        "tpr_avg": 0.3515049511397302,
        "f1_avg": 0.4663456947067027
    },
    "epoch_time_avg": 168.64034597078958
}