{
    "0.0001": {
        "tpr": [
            0.0966440491472584,
            0.0,
            0.0
        ],
        "f1": [
            0.1762541806020067,
            0.0,
            0.0
        ],
        "tpr_avg": 0.03221468304908613,
        "f1_avg": 0.05875139353400224
    },
    "0.001": {
        "tpr": [
            0.1330001833852925,
            0.09692173992590221,
            0.16811329374143444
        ],
        "f1": [
            0.23469924355810845,
            0.17665694039182994,
            0.28774728282117445
        ],
        "tpr_avg": 0.13267840568420972,
        "f1_avg": 0.2330344889237043
    },
    "0.01": {
        "tpr": [
            0.2964423253255089,
            0.3379225174953117,
            0.3072635906806761
        ],
        "f1": [
            0.45594612699643905,
            0.5036986534855974,
            0.46871080139372817
        ],
        "tpr_avg": 0.3138761445004989,
        "f1_avg": 0.47611852729192156
    },
    "0.1": {
        "tpr": [
            0.7242343664038144,
            0.8607235969446096,
            0.8892188213796254
        ],
        "f1": [
            0.8213914309484194,
            0.9062146348510751,
            0.9224681294725369
        ],
        "tpr_avg": 0.8247255949093498,
        "f1_avg": 0.8833580650906772
    },
    "epoch_time_avg": 25.52323685752021
}