{
    "0.0001": {
        "tpr": [
            0.014487438107463781,
            0.0,
            0.0
        ],
        "f1": [
            0.02856109906001446,
            0.0,
            0.0
        ],
        "tpr_avg": 0.00482914603582126,
        "f1_avg": 0.009520366353338154
    },
    "0.001": {
        "tpr": [
            0.10805978360535486,
            0.09596121300827883,
            0.12279579716765647
        ],
        "f1": [
            0.1949786987632874,
            0.17505945179189786,
            0.21866102660050435
        ],
        "tpr_avg": 0.10893893126043004,
        "f1_avg": 0.19623305905189656
    },
    "0.01": {
        "tpr": [
            0.36117733357784704,
            0.2735214746375154,
            0.3244403837368661
        ],
        "f1": [
            0.529168765743073,
            0.4282440561443712,
            0.4885128628422066
        ],
        "tpr_avg": 0.3197130639840762,
        "f1_avg": 0.481975228243217
    },
    "0.1": {
        "tpr": [
            0.7593984962406015,
            0.4756895211087225,
            0.5306989492919141
        ],
        "f1": [
            0.8444342484259897,
            0.6281520852837255,
            0.6763113465680852
        ],
        "tpr_avg": 0.5885956555470794,
        "f1_avg": 0.7162992267592667
    },
    "epoch_time_avg": 44.848041190041435
}