{
    "0.0001": [
        [
            0.4511736658719971,
            0.6217616580310881
        ],
        [
            0.5578831816310662,
            0.714961648102977
        ],
        [
            0.5352215623572407,
            0.6972176759410802
        ]
    ],
    "0.001": [
        [
            0.6561525765633596,
            0.7921948519236092
        ],
        [
            0.6867310067236885,
            0.8140657195531937
        ],
        [
            0.6871174052078575,
            0.814305438990714
        ]
    ],
    "0.01": [
        [
            0.7042912158444893,
            0.8258380151071208
        ],
        [
            0.7130311485157572,
            0.8315152161736858
        ],
        [
            0.6905893101873002,
            0.8166198400691592
        ]
    ],
    "0.1": [
        [
            0.985604254538786,
            0.9735066346632852
        ],
        [
            0.9890225495128756,
            0.9755690028901735
        ],
        [
            0.9883965280950205,
            0.9761996074627203
        ]
    ],
    "avg_epoch_time": 67.69580051104228
}