{
    "0.0001": [
        0.40180912944860186,
        0.5622431127906493
    ],
    "0.001": [
        0.6615429534348428,
        0.7956234547631383
    ],
    "0.01": [
        0.7126193776196864,
        0.8312445323003512
    ],
    "0.1": [
        0.9854288395969572,
        0.9748428020460734
    ],
    "avg_epoch_time": 73.46784571011861
}