{
    "0.0001": [
        [
            0.4077571978727306,
            0.579254193128155
        ],
        [
            0.5789690344417509,
            0.7302979267088682
        ],
        [
            0.5543627227044312,
            0.7077159218371805
        ]
    ],
    "0.001": [
        [
            0.6310287914909224,
            0.7735716493831324
        ],
        [
            0.6878287517724009,
            0.8148368917307901
        ],
        [
            0.6883051621745089,
            0.8152697364861208
        ]
    ],
    "0.01": [
        [
            0.6734366403814414,
            0.8045240442545734
        ],
        [
            0.7152266386131821,
            0.833351097846941
        ],
        [
            0.7047510278666057,
            0.8262930919026064
        ]
    ],
    "0.1": [
        [
            0.9838162479369155,
            0.972600566572238
        ],
        [
            0.9832136486301056,
            0.9734405071889505
        ],
        [
            0.9897213339424394,
            0.9759217965177829
        ]
    ],
    "avg_epoch_time": 66.87836333910624
}