{
    "0.0001": {
        "tpr": [
            0.0,
            0.0,
            0.0
        ],
        "f1": [
            0.0,
            0.0,
            0.0
        ],
        "tpr_avg": 0.0,
        "tpr_std": 0.0,
        "f1_avg": 0.0,
        "f1_std": 0.0
    },
    "0.0003": {
        "tpr": [
            0.6616431979518212,
            0.7969094922737306,
            0.6796856673703965
        ],
        "f1": [
            0.7963163976329704,
            0.8869205405055924,
            0.8092445189219383
        ],
        "tpr_avg": 0.7127461191986494,
        "tpr_std": 0.05996658903762734,
        "f1_avg": 0.8308271523535004,
        "f1_std": 0.0400136245613209
    },
    "0.001": {
        "tpr": [
            0.854590946118934,
            0.9193679563146276,
            0.8715106732348111
        ],
        "f1": [
            0.9213638217119915,
            0.957758412006778,
            0.9311111807274208
        ],
        "tpr_avg": 0.8818231918894576,
        "tpr_std": 0.027432052945718707,
        "f1_avg": 0.9367444714820635,
        "f1_std": 0.015382718100216642
    },
    "0.003": {
        "tpr": [
            0.9435005236820668,
            0.9555013361217614,
            0.9286887168660568
        ],
        "f1": [
            0.9702318623784593,
            0.9765481208810782,
            0.9623237724842004
        ],
        "tpr_avg": 0.9425635255566284,
        "tpr_std": 0.010966239463406195,
        "f1_avg": 0.9697012519145792,
        "f1_std": 0.005819174192685433
    },
    "0.01": {
        "tpr": [
            0.9706738042592808,
            0.9752527012896479,
            0.9702087731644382
        ],
        "f1": [
            0.9828261702064984,
            0.9851245488953438,
            0.9824519730395797
        ],
        "tpr_avg": 0.9720450929044556,
        "tpr_std": 0.0022760531839655243,
        "f1_avg": 0.9834675640471406,
        "f1_std": 0.001181582264116991
    },
    "0.03": {
        "tpr": [
            0.9876643779820784,
            0.9904147786685256,
            0.9870396434435843
        ],
        "f1": [
            0.9867457272410185,
            0.9881759693966267,
            0.9862877234104894
        ],
        "tpr_avg": 0.9883729333647294,
        "tpr_std": 0.0014661565387940054,
        "f1_avg": 0.9870698066827114,
        "f1_std": 0.000804213420859951
    },
    "0.1": {
        "tpr": [
            0.9946468055393926,
            0.9961078192169165,
            0.995777621393385
        ],
        "f1": [
            0.9742113811871312,
            0.974953802416489,
            0.9742662879765901
        ],
        "tpr_avg": 0.9955107487165646,
        "tpr_std": 0.0006255962546259018,
        "f1_avg": 0.9744771571934034,
        "f1_std": 0.00033778364910089356
    },
    "auc": [
        0.9973685562275111,
        0.9982348526254201,
        0.9977936434281958
    ],
    "auc_avg": 0.9977990174270422,
    "auc_std": 0.0003536844376514571,
    "epoch_time_avg": 229.24878927866618
}