{
    "pretrained": {
        "fpr_0.0001": {
            "f1": [
                0.06939739246483934,
                0.132658127296197,
                0.06283477544293367
            ],
            "tpr": [
                0.035945974688929065,
                0.07104115707752845,
                0.03243645645006913
            ],
            "f1_mean": 0.08829676506799,
            "f1_std": 0.03148242715760328,
            "tpr_mean": 0.046474529405508884,
            "tpr_std": 0.017430214685022306
        },
        "fpr_0.0003": {
            "f1": [
                0.21908729407309221,
                0.22731128074639526,
                0.33155934007450777
            ],
            "tpr": [
                0.12304583643518026,
                0.12825693927469956,
                0.19876635116452196
            ],
            "f1_mean": 0.2593193049646651,
            "f1_std": 0.0511916366457396,
            "tpr_mean": 0.15002304229146726,
            "tpr_std": 0.0345323183710711
        },
        "fpr_0.001": {
            "f1": [
                0.474098094852047,
                0.4070751523358158,
                0.5000000000000001
            ],
            "tpr": [
                0.3109645857704988,
                0.25576943528661067,
                0.33361693076677656
            ],
            "f1_mean": 0.46039108239595433,
            "f1_std": 0.03915497815269109,
            "tpr_mean": 0.3001169839412953,
            "tpr_std": 0.032693638394620604
        },
        "fpr_0.003": {
            "f1": [
                0.517883814165553,
                0.5561341706233726,
                0.6009647495361782
            ],
            "tpr": [
                0.3503137296607466,
                0.3861533553121344,
                0.4306072530043603
            ],
            "f1_mean": 0.558327578108368,
            "f1_std": 0.033953092473891354,
            "tpr_mean": 0.3890247793257471,
            "tpr_std": 0.032842515937245374
        },
        "fpr_0.01": {
            "f1": [
                0.5935483870967743,
                0.600088573959256,
                0.6645542881284325
            ],
            "tpr": [
                0.42560884823992345,
                0.43230883760501965,
                0.5018611081569712
            ],
            "f1_mean": 0.6193970830614876,
            "f1_std": 0.0320424030324676,
            "tpr_mean": 0.45325959800063814,
            "tpr_std": 0.03447513651392078
        },
        "fpr_0.03": {
            "f1": [
                0.7071600965406275,
                0.6586451523160384,
                0.7509067357512955
            ],
            "tpr": [
                0.5608848239923429,
                0.5035626927576305,
                0.6165053706263959
            ],
            "f1_mean": 0.7055706615359871,
            "f1_std": 0.037682397944050844,
            "tpr_mean": 0.5603176291254565,
            "tpr_std": 0.04611039943118175
        },
        "fpr_0.1": {
            "f1": [
                0.8528866153240768,
                0.8464669304691916,
                0.8302946909758057
            ],
            "tpr": [
                0.806763798787621,
                0.7962352440710412,
                0.7700733808359035
            ],
            "f1_mean": 0.8432160789230246,
            "f1_std": 0.009505254275782207,
            "tpr_mean": 0.7910241412315218,
            "tpr_std": 0.01542537707742153
        },
        "auc": [
            0.938797563889543,
            0.9364492219486343,
            0.9289404736640507
        ]
    },
    "non_pretrained": {
        "fpr_0.0001": {
            "f1": [
                0.03572174639649049,
                0.13191616171649945,
                0.17594568380213385
            ],
            "tpr": [
                0.018185685419546953,
                0.0706157609273636,
                0.0964585770498777
            ],
            "f1_mean": 0.11452786397170793,
            "f1_std": 0.05855170267510922,
            "tpr_mean": 0.06175334113226275,
            "tpr_std": 0.032563458605332676
        },
        "fpr_0.0003": {
            "f1": [
                0.20154890524906777,
                0.27098078867542974,
                0.25897815623843023
            ],
            "tpr": [
                0.1120918855684356,
                0.1567584813357439,
                0.14878230352015315
            ],
            "f1_mean": 0.24383595005430925,
            "f1_std": 0.030300290594038902,
            "tpr_mean": 0.13921089014144422,
            "tpr_std": 0.019450538294344236
        },
        "fpr_0.001": {
            "f1": [
                0.3893547835016259,
                0.4125832841359534,
                0.37010737790093523
            ],
            "tpr": [
                0.24194406040625333,
                0.2601297458258003,
                0.22726789322556631
            ],
            "f1_mean": 0.39068181517950484,
            "f1_std": 0.01736608596138049,
            "tpr_mean": 0.2431138998192066,
            "tpr_std": 0.013441273061456399
        },
        "fpr_0.003": {
            "f1": [
                0.4519254454388702,
                0.4555136817958381,
                0.4125620948050855
            ],
            "tpr": [
                0.29267255131341063,
                0.2956503243645645,
                0.26055514197596513
            ],
            "f1_mean": 0.44000040734659795,
            "f1_std": 0.01945703996642614,
            "tpr_mean": 0.2829593392179801,
            "tpr_std": 0.015888734449925574
        },
        "fpr_0.01": {
            "f1": [
                0.5261521722235175,
                0.515032884434701,
                0.4550342130987293
            ],
            "tpr": [
                0.3599914920769967,
                0.34978198447304054,
                0.29703286185260025
            ],
            "f1_mean": 0.4987397565856493,
            "f1_std": 0.03123609598789963,
            "tpr_mean": 0.3356021128008792,
            "tpr_std": 0.027589235224537552
        },
        "fpr_0.03": {
            "f1": [
                0.6397235153054028,
                0.6229648671808055,
                0.5991138229098569
            ],
            "tpr": [
                0.4822928852493885,
                0.4638945017547591,
                0.4385834308199511
            ],
            "f1_mean": 0.6206007351320217,
            "f1_std": 0.016662905296361726,
            "tpr_mean": 0.4615902726080329,
            "tpr_std": 0.017918541711501586
        },
        "fpr_0.1": {
            "f1": [
                0.7891770011273957,
                0.8280496209510682,
                0.7673814557535488
            ],
            "tpr": [
                0.7072210996490482,
                0.7666702116345847,
                0.6755290864617676
            ],
            "f1_mean": 0.7948693592773376,
            "f1_std": 0.025092612101158145,
            "tpr_mean": 0.7164734659151334,
            "tpr_std": 0.037779014329678895
        },
        "auc": [
            0.9152495564405398,
            0.9203191794510062,
            0.9003513371464857
        ]
    },
    "full_data": {
        "fpr_0.0001": {
            "f1": [
                0.30850872459075374,
                0.3196926375982845,
                0.1084288875477771
            ],
            "tpr": [
                0.1823885993831756,
                0.19025842816122515,
                0.057322131234712324
            ],
            "f1_mean": 0.24554341657893844,
            "f1_std": 0.09706206100950014,
            "tpr_mean": 0.14332305292637101,
            "tpr_std": 0.06089664714421236
        },
        "fpr_0.0003": {
            "f1": [
                0.5334476843910807,
                0.5423124612523248,
                0.5215751002122141
            ],