{
    "0.0001": {
        "tpr": [
            0.8017663518712836,
            0.7389099387933548,
            0.7516479029341422
        ],
        "f1": [
            0.8899637634269445,
            0.8498541785391037,
            0.8582037363881582
        ],
        "tpr_avg": 0.7641080645329269,
        "tpr_std": 0.02713145636288474,
        "f1_avg": 0.8660072261180688,
        "f1_std": 0.01727938152717166
    },
    "0.0003": {
        "tpr": [
            0.8652209397225137,
            0.7997959778490236,
            0.8105932450562912
        ],
        "f1": [
            0.9276829801862616,
            0.8887053679863979,
            0.8953319802841403
        ],
        "tpr_avg": 0.8252033875426094,
        "tpr_std": 0.028637953914805683,
        "f1_avg": 0.9039067761522666,
        "f1_std": 0.017028581979244353
    },
    "0.001": {
        "tpr": [
            0.8821557654191442,
            0.8980763625765084,
            0.8880300997491688
        ],
        "f1": [
            0.9372145234961677,
            0.9460691751485286,
            0.9404624009637216
        ],
        "tpr_avg": 0.8894207425816072,
        "tpr_std": 0.006573521079671431,
        "f1_avg": 0.9412486998694726,
        "f1_std": 0.0036574046761834915
    },
    "0.003": {
        "tpr": [
            0.9054447942170922,
            0.9001457301078403,
            0.9054424546462113
        ],
        "f1": [
            0.9496789972485479,
            0.9471295387634937,
            0.9497063142437593
        ],
        "tpr_avg": 0.9036776596570478,
        "tpr_std": 0.00249745151755714,
        "f1_avg": 0.9488382834186003,
        "f1_std": 0.0012083163980854605
    },
    "0.01": {
        "tpr": [
            0.9440072286347208,
            0.9517341882832994,
            0.9453712885725952
        ],
        "f1": [
            0.9688149688149689,
            0.9728876176856156,
            0.9695637217510956
        ],
        "tpr_avg": 0.9470375684968718,
        "tpr_std": 0.0033673771140385455,
        "f1_avg": 0.9704221027505601,
        "f1_std": 0.0017699775254837124
    },
    "0.03": {
        "tpr": [
            0.9641774513233066,
            0.9680268143398426,
            0.9687627603103307
        ],
        "f1": [
            0.9754651882869865,
            0.9774998160547422,
            0.9773573246627139
        ],
        "tpr_avg": 0.9669890086578267,
        "tpr_std": 0.002010645850108795,
        "f1_avg": 0.9767741096681476,
        "f1_std": 0.0009273734723206012
    },
    "0.1": {
        "tpr": [
            0.9937332400606272,
            0.9970271058000583,
            0.9961208656594528
        ],
        "f1": [
            0.9755909116923254,
            0.9751286327161813,
            0.9747695293546822
        ],
        "tpr_avg": 0.9956270705067127,
        "tpr_std": 0.001389307529431246,
        "f1_avg": 0.9751630245877295,
        "f1_std": 0.00033620860267546883
    },
    "auc": [
        0.9972026032640879,
        0.9974719181246576,
        0.9972009294142612
    ],
    "auc_avg": 0.9972918169343356,
    "auc_std": 0.00012735260633342125,
    "epoch_time_avg": 0.02763324015935262
}