{
    "0.0001": {
        "tpr": [
            0.30134993599441406,
            0.6138608109678169,
            0.39995308468214874
        ],
        "f1": [
            0.46313436172591105,
            0.7607357546524603,
            0.5713806970509383
        ],
        "tpr_avg": 0.4383879438814599,
        "f1_avg": 0.5984169378097699
    },
    "0.001": {
        "tpr": [
            0.6664727103456302,
            0.7931334959916347,
            0.7977363359136758
        ],
        "f1": [
            0.7996369729125943,
            0.8844335039191553,
            0.8872582591396796
        ],
        "tpr_avg": 0.7524475140836469,
        "f1_avg": 0.857109578657143
    },
    "0.01": {
        "tpr": [
            0.943325962993134,
            0.9463227605437434,
            0.9350809289232934
        ],
        "f1": [
            0.9684877087129246,
            0.970220369267421,
            0.9644347668299763
        ],
        "tpr_avg": 0.941576550820057,
        "f1_avg": 0.9677142816034405
    },
    "0.1": {
        "tpr": [
            0.9915047131386012,
            0.9905309631695132,
            0.9900891391039174
        ],
        "f1": [
            0.9724639748894279,
            0.9720931558393431,
            0.9715716176555216
        ],
        "tpr_avg": 0.9907082718040106,
        "f1_avg": 0.9720429161280976
    },
    "epoch_time_avg": 30.881996207767063
}