{
    "0.0001": {
        "tpr": [
            0.37111602467124405,
            0.4802486348321134,
            0.4493901008679334
        ],
        "f1": [
            0.5413342386691564,
            0.6488756328244575,
            0.620109245397532
        ],
        "tpr_avg": 0.4335849201237636,
        "f1_avg": 0.603439705630382
    },
    "0.001": {
        "tpr": [
            0.8335854765506808,
            0.8839897757639131,
            0.8204316209242317
        ],
        "f1": [
            0.9090101522842641,
            0.9381916828508894,
            0.9011852615305334
        ],
        "tpr_avg": 0.8460022910796084,
        "f1_avg": 0.9161290322218957
    },
    "0.01": {
        "tpr": [
            0.9458861864308158,
            0.9482978970605321,
            0.9529087497067793
        ],
        "f1": [
            0.9698705327844401,
            0.9711175228293524,
            0.9734895006440403
        ],
        "tpr_avg": 0.9490309443993757,
        "f1_avg": 0.971492518752611
    },
    "0.1": {
        "tpr": [
            0.9912719655533574,
            0.9947716974555594,
            0.9937250762373915
        ],
        "f1": [
            0.9723466796038926,
            0.9743108304173423,
            0.9730397082890694
        ],
        "tpr_avg": 0.9932562464154361,
        "f1_avg": 0.9732324061034348
    },
    "epoch_time_avg": 30.57333689265781
}