{
    "0.0001": {
        "tpr": [
            0.1514023042010939,
            0.37463692343441385,
            0.4488036593947924
        ],
        "f1": [
            0.26298766929452194,
            0.5450703630139881,
            0.6195506982392228
        ],
        "tpr_avg": 0.32494762901010005,
        "f1_avg": 0.47586957684924425
    },
    "0.001": {
        "tpr": [
            0.8497614337251251,
            0.8642965028465203,
            0.8394909688013136
        ],
        "f1": [
            0.9185772242664403,
            0.9269781931464175,
            0.9125099601593626
        ],
        "tpr_avg": 0.851182968457653,
        "f1_avg": 0.9193551258574068
    },
    "0.01": {
        "tpr": [
            0.9472826719422786,
            0.9541071221099106,
            0.9435256861365235
        ],
        "f1": [
            0.9705785912302143,
            0.9741688662178594,
            0.9685167348904408
        ],
        "tpr_avg": 0.9483051600629042,
        "f1_avg": 0.9710880641128381
    },
    "0.1": {
        "tpr": [
            0.9927848248574421,
            0.9944231439525967,
            0.9929040581749942
        ],
        "f1": [
            0.9735528230293002,
            0.974080291347768,
            0.9726267413471205
        ],
        "tpr_avg": 0.9933706756616777,
        "f1_avg": 0.9734199519080629
    },
    "epoch_time_avg": 56.694472869237266
}