{
    "0.0001": {
        "tpr": [
            0.4162108693122309,
            0.42407342860462416,
            0.3042458362655407
        ],
        "f1": [
            0.587780927729159,
            0.5955780370400587,
            0.46654676258992805
        ],
        "tpr_avg": 0.38151004472746525,
        "f1_avg": 0.5499685757863819
    },
    "0.001": {
        "tpr": [
            0.7093564529268008,
            0.6157778552341118,
            0.7694698569082805
        ],
        "f1": [
            0.8297430661902331,
            0.7620143057402681,
            0.8694874258639542
        ],
        "tpr_avg": 0.6982013883563978,
        "f1_avg": 0.8204149325981517
    },
    "0.01": {
        "tpr": [
            0.9329686954497847,
            0.9166376205414197,
            0.9342599108608961
        ],
        "f1": [
            0.9629740848623164,
            0.954192241405376,
            0.9635879755640235
        ],
        "tpr_avg": 0.9279554089507002,
        "f1_avg": 0.9602514339439052
    },
    "0.1": {
        "tpr": [
            0.9867333876411032,
            0.9804810038340885,
            0.9853389631714755
        ],
        "f1": [
            0.9701650504877143,
            0.9679972470750172,
            0.9698124098124097
        ],
        "tpr_avg": 0.984184451548889,
        "f1_avg": 0.9693249024583803
    },
    "epoch_time_avg": 56.71817032496134
}