{
    "0.0001": {
        "tpr": [
            0.35104154544396604,
            0.46119437667015223,
            0.43936195167722264
        ],
        "f1": [
            0.5196606227658384,
            0.6312567089412794,
            0.6104954367666232
        ],
        "tpr_avg": 0.4171992912637803,
        "f1_avg": 0.5871375894912471
    },
    "0.001": {
        "tpr": [
            0.8257884324450134,
            0.8522714069943069,
            0.791285479709125
        ],
        "f1": [
            0.9044098903900079,
            0.9200137961308125,
            0.8832809636030374
        ],
        "tpr_avg": 0.8231151063828152,
        "f1_avg": 0.9025682167079525
    },
    "0.01": {
        "tpr": [
            0.9344233678575585,
            0.9387126757290577,
            0.9399483931503636
        ],
        "f1": [
            0.963752025445598,
            0.9660718022299943,
            0.9666777238322126
        ],
        "tpr_avg": 0.93769481224566,
        "f1_avg": 0.9655005171692683
    },
    "0.1": {
        "tpr": [
            0.9853369021296404,
            0.9859997676309981,
            0.9805887872390335
        ],
        "f1": [
            0.9697073813205062,
            0.9698025883495701,
            0.967650462962963
        ],
        "tpr_avg": 0.983975152333224,
        "f1_avg": 0.9690534775443465
    },
    "epoch_time_avg": 17.8254267639584
}