{
    "0.0001": {
        "tpr": [
            0.5009309903409752,
            0.4341814801905426,
            0.44176636171710065
        ],
        "f1": [
            0.6674937003295212,
            0.6054763447828905,
            0.6128126906650397
        ],
        "tpr_avg": 0.4589596107495395,
        "f1_avg": 0.6285942452591504
    },
    "0.001": {
        "tpr": [
            0.8476085185616199,
            0.8853839897757639,
            0.8777269528501056
        ],
        "f1": [
            0.9173173803526448,
            0.9389766811446879,
            0.9346488899990633
        ],
        "tpr_avg": 0.8702398203958298,
        "f1_avg": 0.9303143171654652
    },
    "0.01": {
        "tpr": [
            0.9488537181426743,
            0.9535842918554664,
            0.9445812807881774
        ],
        "f1": [
            0.9714064454637518,
            0.9738949866508454,
            0.9691335740072201
        ],
        "tpr_avg": 0.9490064302621061,
        "f1_avg": 0.9714783353739391
    },
    "0.1": {
        "tpr": [
            0.9936576283021064,
            0.994074590449634,
            0.9926108374384236
        ],
        "f1": [
            0.9735476882731885,
            0.974321015771793,
            0.9725350494139278
        ],
        "tpr_avg": 0.9934476853967213,
        "f1_avg": 0.9734679178196365
    },
    "epoch_time_avg": 30.49777105119493
}