{
    "0.0001": {
        "tpr": [
            0.0,
            0.5319148936170213,
            0.31852651227906437
        ],
        "f1": [
            0.0,
            0.6944312322824909,
            0.48314457618120693
        ],
        "tpr_avg": 0.2834804686320285,
        "tpr_std": 0.2185627787683045,
        "f1_avg": 0.3925252694878993,
        "f1_std": 0.29065165651403235
    },
    "0.0003": {
        "tpr": [
            0.7004197271773347,
            0.5653162343340135,
            0.5364871959400338
        ],
        "f1": [
            0.8237633265914779,
            0.7222491156209273,
            0.6982765165894769
        ],
        "tpr_avg": 0.600741052483794,
        "tpr_std": 0.07145934510930405,
        "f1_avg": 0.7480963196006273,
        "f1_std": 0.05439236059286109
    },
    "0.001": {
        "tpr": [
            0.7869301620613268,
            0.7923345963276013,
            0.784489295922534
        ],
        "f1": [
            0.8805322722677017,
            0.883906943473525,
            0.879001290870766
        ],
        "tpr_avg": 0.7879180181038207,
        "tpr_std": 0.0032781172728621613,
        "f1_avg": 0.881146835537331,
        "f1_std": 0.0020493288127290668
    },
    "0.003": {
        "tpr": [
            0.8648711670747348,
            0.8544447682891285,
            0.8651636236364697
        ],
        "f1": [
            0.9268300301425916,
            0.9208009422850413,
            0.9269977186787086
        ],
        "tpr_avg": 0.8614931863334444,
        "tpr_std": 0.004985414085489991,
        "f1_avg": 0.9248762303687804,
        "f1_std": 0.002882476896164868
    },
    "0.01": {
        "tpr": [
            0.8967587734639151,
            0.9008452346254736,
            0.9007174940208832
        ],
        "f1": [
            0.943192617799442,
            0.9454589948303814,
            0.9453866405436846
        ],
        "tpr_avg": 0.899440500703424,
        "tpr_std": 0.0018969844764534789,
        "f1_avg": 0.9446794177245027,
        "f1_std": 0.0010517411907788028
    },
    "0.03": {
        "tpr": [
            0.9252069488166026,
            0.9244243660740309,
            0.9243131307239106
        ],
        "f1": [
            0.9540440623966818,
            0.953650946374611,
            0.9535859900401703
        ],
        "tpr_avg": 0.9246481485381813,
        "tpr_std": 0.0003977324386668489,
        "f1_avg": 0.9537603329371543,
        "f1_std": 0.0002023719941078724
    },
    "0.1": {
        "tpr": [
            0.9798880727527107,
            0.9712620227338968,
            0.9663127807268272
        ],
        "f1": [
            0.9664510564898663,
            0.9636644929946068,
            0.9642456962412141
        ],
        "tpr_avg": 0.9724876254044782,
        "tpr_std": 0.00560943935562228,
        "f1_avg": 0.9647870819085624,
        "f1_std": 0.001200293813721131
    },
    "auc": [
        0.9927604769870432,
        0.9923780654001553,
        0.9923100523155121
    ],
    "auc_avg": 0.9924828649009035,
    "auc_std": 0.0001982553869781537,
    "epoch_time_avg": 0.02686080691019694
}