{
    "0.0001": {
        "tpr": [
            0.0,
            0.5093338000233345,
            0.0
        ],
        "f1": [
            0.0,
            0.6749120704982028,
            0.0
        ],
        "tpr_avg": 0.1697779333411115,
        "tpr_std": 0.2401022559226752,
        "f1_avg": 0.2249706901660676,
        "f1_std": 0.3181566011692883
    },
    "0.0003": {
        "tpr": [
            0.0,
            0.6520242678800606,
            0.47110567400675757
        ],
        "f1": [
            0.0,
            0.7893082871367537,
            0.6404276380914671
        ],
        "tpr_avg": 0.37437664729560605,
        "tpr_std": 0.2748348472962108,
        "f1_avg": 0.4765786417427402,
        "f1_std": 0.34242932432747136
    },
    "0.001": {
        "tpr": [
            0.7417172188520765,
            0.7447205693618014,
            0.7753116625888384
        ],
        "f1": [
            0.8514798446497925,
            0.8534563444310738,
            0.8732080175835711
        ],
        "tpr_avg": 0.7539164836009055,
        "tpr_std": 0.015178280348694152,
        "f1_avg": 0.8593814022214792,
        "f1_std": 0.009810134457956556
    },
    "0.003": {
        "tpr": [
            0.8375524965002333,
            0.8225411270563528,
            0.8430036117907491
        ],
        "f1": [
            0.91090176673962,
            0.9019382076376895,
            0.9141214743690976
        ],
        "tpr_avg": 0.8343657451157784,
        "tpr_std": 0.008652354541437224,
        "f1_avg": 0.9089871495821357,
        "f1_std": 0.005154759367610926
    },
    "0.01": {
        "tpr": [
            0.88876574895007,
            0.8864193209660483,
            0.8837236397530002
        ],
        "f1": [
            0.9387880841625333,
            0.9374132453191029,
            0.9358998087482263
        ],
        "tpr_avg": 0.8863029032230395,
        "tpr_std": 0.0020600778475516348,
        "f1_avg": 0.9373670460766208,
        "f1_std": 0.0011795859428141283
    },
    "0.03": {
        "tpr": [
            0.9207886140923939,
            0.9171625247929063,
            0.9155307002213678
        ],
        "f1": [
            0.951709169831796,
            0.9497402440497765,
            0.9488332779907629
        ],
        "tpr_avg": 0.9178272797022227,
        "tpr_std": 0.0021973982928116254,
        "f1_avg": 0.9500942306241118,
        "f1_std": 0.0012004633387258992
    },
    "0.1": {
        "tpr": [
            0.9708936070928604,
            0.969256796173142,
            0.9628917627869044
        ],
        "f1": [
            0.9634474575290133,
            0.960987882819052,
            0.9606253450730828
        ],
        "tpr_avg": 0.9676807220176356,
        "tpr_std": 0.003451606909052824,
        "f1_avg": 0.9616868951403826,
        "f1_std": 0.0012536728301298144
    },
    "auc": [
        0.9913023974422114,
        0.9907903726495285,
        0.9906737002622291
    ],
    "auc_avg": 0.9909221567846563,
    "auc_std": 0.00027305717317435354
}