{
    "0.0001": {
        "tpr": [
            0.6776445944373327,
            0.0,
            0.0
        ],
        "f1": [
            0.8078523862375139,
            0.0,
            0.0
        ],
        "tpr_avg": 0.22588153147911091,
        "f1_avg": 0.26928412874583796
    },
    "0.001": {
        "tpr": [
            0.9187129058536018,
            0.9499825723248518,
            0.8906286652592071
        ],
        "f1": [
            0.9574022981535943,
            0.9741176470588234,
            0.9420047140553282
        ],
        "tpr_avg": 0.9197747144792202,
        "f1_avg": 0.9578415530892487
    },
    "0.01": {
        "tpr": [
            0.9784126614686373,
            0.9797838968281631,
            0.979064039408867
        ],
        "f1": [
            0.986737867496039,
            0.9874418196188636,
            0.9871688741721856
        ],
        "tpr_avg": 0.9790868659018891,
        "f1_avg": 0.987116187095696
    },
    "0.1": {
        "tpr": [
            0.9961014779471663,
            0.9950621587080284,
            0.9947220267417312
        ],
        "f1": [
            0.974886104783599,
            0.9747062338179645,
            0.9735966019974744
        ],
        "tpr_avg": 0.9952952211323085,
        "f1_avg": 0.9743963135330128
    },
    "epoch_time_avg": 31.10207094086541
}