{
    "0.0001": {
        "tpr": [
            0.7368206679855697,
            0.4560822586266992,
            0.6835561810931269
        ],
        "f1": [
            0.8484706355321786,
            0.6264512268102932,
            0.8120384561794621
        ],
        "tpr_avg": 0.6254863692351319,
        "f1_avg": 0.7623201061739779
    },
    "0.001": {
        "tpr": [
            0.9240661003142092,
            0.942662948762635,
            0.8926225662678865
        ],
        "f1": [
            0.9603023431594859,
            0.9702532213220126,
            0.9430315046002291
        ],
        "tpr_avg": 0.919783871781577,
        "f1_avg": 0.9578623563605758
    },
    "0.01": {
        "tpr": [
            0.9702664959851042,
            0.9750203322876728,
            0.9756040347173353
        ],
        "f1": [
            0.9833117112867084,
            0.9850632391349003,
            0.985253183298786
        ],
        "tpr_avg": 0.9736302876633708,
        "f1_avg": 0.9845427112401316
    },
    "0.1": {
        "tpr": [
            0.9955777958803678,
            0.996514464970373,
            0.9968918601923528
        ],
        "f1": [
            0.9745400694879536,
            0.9752686338052192,
            0.974685358791319
        ],
        "tpr_avg": 0.9963280403476978,
        "f1_avg": 0.974831354028164
    },
    "epoch_time_avg": 113.50450317064922
}