{
    "0.0001": {
        "tpr": [
            0.7518910741301059,
            0.41861275705820844,
            0.7103565564156697
        ],
        "f1": [
            0.8583765112262521,
            0.5901719901719902,
            0.8306531801817247
        ],
        "tpr_avg": 0.6269534625346613,
        "f1_avg": 0.759733893859989
    },
    "0.001": {
        "tpr": [
            0.9453043174677063,
            0.9613105611711398,
            0.944991789819376
        ],
        "f1": [
            0.9716507177033492,
            0.980041456914421,
            0.9714836920479895
        ],
        "tpr_avg": 0.9505355561527407,
        "f1_avg": 0.9743919555552533
    },
    "0.01": {
        "tpr": [
            0.9796927731874782,
            0.9832694318577901,
            0.983872859488623
        ],
        "f1": [
            0.9874204615429728,
            0.9892460549386324,
            0.9894724425702575
        ],
        "tpr_avg": 0.9822783548446304,
        "f1_avg": 0.9887129863506209
    },
    "0.1": {
        "tpr": [
            0.9969160944955197,
            0.9955849889624724,
            0.9964227070138401
        ],
        "f1": [
            0.9752113157070894,
            0.9747191810038389,
            0.9745898818400826
        ],
        "tpr_avg": 0.9963079301572773,
        "f1_avg": 0.9748401261836702
    },
    "epoch_time_avg": 169.60831822289362
}