{
    "0.0001": {
        "tpr": [
            0.606423833352729,
            0.8208434994771697,
            0.563980764719681
        ],
        "f1": [
            0.7549985511445958,
            0.9016079632465543,
            0.7212118939592785
        ],
        "tpr_avg": 0.6637493658498599,
        "f1_avg": 0.7926061361168095
    },
    "0.001": {
        "tpr": [
            0.9414057954148726,
            0.945625653537818,
            0.9397138165611072
        ],
        "f1": [
            0.9695861924310071,
            0.971820895522388,
            0.9687150500256929
        ],
        "tpr_avg": 0.9422484218379324,
        "f1_avg": 0.970040712659696
    },
    "0.01": {
        "tpr": [
            0.9796345862911672,
            0.979551527826188,
            0.9840487919305654
        ],
        "f1": [
            0.9876803942273847,
            0.9873232426735369,
            0.9895326551673301
        ],
        "tpr_avg": 0.9810783020159736,
        "f1_avg": 0.9881787640227505
    },
    "0.1": {
        "tpr": [
            0.9970906551844525,
            0.9966306494713605,
            0.9967159277504105
        ],
        "f1": [
            0.9753265602322206,
            0.9757706745535207,
            0.9746251111047396
        ],
        "tpr_avg": 0.9968124108020744,
        "f1_avg": 0.9752407819634937
    },
    "epoch_time_avg": 113.64601090219286
}