{
    "0.0001": {
        "tpr": [
            0.5631327824973816,
            0.5079586383176484,
            0.6525920713112832
        ],
        "f1": [
            0.720518165574747,
            0.6737036751675783,
            0.7897799858055359
        ],
        "tpr_avg": 0.5745611640421043,
        "f1_avg": 0.7280006088492872
    },
    "0.001": {
        "tpr": [
            0.8911905038985221,
            0.9502730335773207,
            0.9157870044569552
        ],
        "f1": [
            0.94229112833764,
            0.9742994133238035,
            0.9558670502540245
        ],
        "tpr_avg": 0.9190835139775994,
        "f1_avg": 0.9574858639718227
    },
    "0.01": {
        "tpr": [
            0.9729430932154078,
            0.9796096200766817,
            0.9825826882477129
        ],
        "f1": [
            0.9843699408353692,
            0.9873817958251603,
            0.9887872528769549
        ],
        "tpr_avg": 0.9783784671799342,
        "f1_avg": 0.9868463298458282
    },
    "0.1": {
        "tpr": [
            0.9950541138135692,
            0.9950621587080284,
            0.995191179920244
        ],
        "f1": [
            0.9742771684945165,
            0.9748726558720584,
            0.9741955854071587
        ],
        "tpr_avg": 0.9951024841472806,
        "f1_avg": 0.9744484699245778
    },
    "epoch_time_avg": 18.051293399598862
}