{
    "0.0001": {
        "tpr": [
            0.29314558361457,
            0.448065528058557,
            0.0
        ],
        "f1": [
            0.4533837293016559,
            0.618847033337345,
            0.0
        ],
        "tpr_avg": 0.247070370557709,
        "f1_avg": 0.35741025421300027
    },
    "0.001": {
        "tpr": [
            0.7926219015477715,
            0.8291506912977809,
            0.8129838142153413
        ],
        "f1": [
            0.8841435711040436,
            0.9063660898555326,
            0.8966141706820167
        ],
        "tpr_avg": 0.8115854690202978,
        "f1_avg": 0.8957079438805309
    },
    "0.01": {
        "tpr": [
            0.9048644245315954,
            0.8946787498547694,
            0.8973727422003284
        ],
        "f1": [
            0.9477116216710342,
            0.9421012387215171,
            0.9434904584271048
        ],
        "tpr_avg": 0.8989719721955645,
        "f1_avg": 0.9444344396065519
    },
    "0.1": {
        "tpr": [
            0.9859769579890608,
            0.9821075868479144,
            0.9789467511142388
        ],
        "f1": [
            0.9696709585121601,
            0.9678268834440119,
            0.9655830633965757
        ],
        "tpr_avg": 0.9823437653170713,
        "f1_avg": 0.9676936351175826
    },
    "epoch_time_avg": 31.396488242679172
}