{
    "0.0001": {
        "tpr": [
            0.38857209356452926,
            0.5216103171836877,
            0.3980178278207835
        ],
        "f1": [
            0.5596714716728125,
            0.6856030237086245,
            0.5694030789882125
        ],
        "tpr_avg": 0.4360667461896668,
        "f1_avg": 0.6048925247898832
    },
    "0.001": {
        "tpr": [
            0.7637030140812289,
            0.8451841524340653,
            0.8220736570490265
        ],
        "f1": [
            0.8658508427614869,
            0.9158666708633659,
            0.9021172533625073
        ],
        "tpr_avg": 0.8103202745214402,
        "f1_avg": 0.8946115889957866
    },
    "0.01": {
        "tpr": [
            0.9127196555335738,
            0.9285465318926455,
            0.9252873563218391
        ],
        "f1": [
            0.9520225776105362,
            0.960981181987615,
            0.9588574901245822
        ],
        "tpr_avg": 0.922184514582686,
        "f1_avg": 0.9572870832409112
    },
    "0.1": {
        "tpr": [
            0.9820202490399162,
            0.9831532473568027,
            0.9821721792165142
        ],
        "f1": [
            0.9679676522038371,
            0.9686909736134166,
            0.9674493833578834
        ],
        "tpr_avg": 0.9824485585377444,
        "f1_avg": 0.968036003058379
    },
    "epoch_time_avg": 17.747824748357136
}