{
    "0.0001": {
        "tpr": [
            0.7532875596415687,
            0.7039037992331822,
            0.0
        ],
        "f1": [
            0.8592858091065976,
            0.8262248133374246,
            0.0
        ],
        "tpr_avg": 0.4857304529582503,
        "f1_avg": 0.5618368741480074
    },
    "0.001": {
        "tpr": [
            0.9319795182124986,
            0.9527129080980598,
            0.9393033075299085
        ],
        "f1": [
            0.964559934961308,
            0.9755517220867289,
            0.9684675151918253
        ],
        "tpr_avg": 0.9413319112801556,
        "f1_avg": 0.9695263907466206
    },
    "0.01": {
        "tpr": [
            0.9779471662981497,
            0.9844312768676658,
            0.9792399718508092
        ],
        "f1": [
            0.9864999706521101,
            0.9898364485981308,
            0.9872586986726579
        ],
        "tpr_avg": 0.9805394716722082,
        "f1_avg": 0.9878650393076329
    },
    "0.1": {
        "tpr": [
            0.9972070289770744,
            0.9971534797258046,
            0.9966572836030964
        ],
        "f1": [
            0.9753293685798025,
            0.9754503608569643,
            0.9749591257206781
        ],
        "tpr_avg": 0.9970059307686584,
        "f1_avg": 0.9752462850524816
    },
    "epoch_time_avg": 114.5067139731513
}