{
    "0.0001": {
        "tpr": [
            0.38694286046782267,
            0.33960729638666204,
            0.288881069669247
        ],
        "f1": [
            0.557979526766236,
            0.5070251517779705,
            0.44826644826644824
        ],
        "tpr_avg": 0.33847707550791056,
        "f1_avg": 0.5044237089368849
    },
    "0.001": {
        "tpr": [
            0.7226230652856976,
            0.8866039270361333,
            0.8613652357494722
        ],
        "f1": [
            0.8388099017257099,
            0.9396626031276936,
            0.9253157778687751
        ],
        "tpr_avg": 0.8235307426904344,
        "f1_avg": 0.9012627609073928
    },
    "0.01": {
        "tpr": [
            0.9325032002792971,
            0.9385383989775764,
            0.9403589021815623
        ],
        "f1": [
            0.9627538147302657,
            0.965950195808795,
            0.9668666525973046
        ],
        "tpr_avg": 0.9371335004794785,
        "f1_avg": 0.9651902210454552
    },
    "0.1": {
        "tpr": [
            0.9862678924706156,
            0.9903566864180319,
            0.985632183908046
        ],
        "f1": [
            0.9698183378629667,
            0.9720052454529905,
            0.9690662207743534
        ],
        "tpr_avg": 0.9874189209322312,
        "f1_avg": 0.970296601363437
    },
    "epoch_time_avg": 30.768659326765274
}