{
    "0.0001": {
        "tpr": [
            0.0,
            0.6716045079586384,
            0.4001876612714051
        ],
        "f1": [
            0.0,
            0.8035447437011295,
            0.571620036857095
        ],
        "tpr_avg": 0.35726405641001446,
        "f1_avg": 0.45838826018607487
    },
    "0.001": {
        "tpr": [
            0.8468520889095775,
            0.8616242593238062,
            0.8494018296973962
        ],
        "f1": [
            0.9168740353419221,
            0.9254383228302239,
            0.9183945215902607
        ],
        "tpr_avg": 0.85262605931026,
        "f1_avg": 0.9202356265874689
    },
    "0.01": {
        "tpr": [
            0.936227161643198,
            0.9369699082142442,
            0.9296856673703965
        ],
        "f1": [
            0.9650332873508067,
            0.9651148875059837,
            0.9611373832908936
        ],
        "tpr_avg": 0.9342942457426129,
        "f1_avg": 0.9637618527158947
    },
    "0.1": {
        "tpr": [
            0.9913301524496684,
            0.9870454281398862,
            0.985045742434905
        ],
        "f1": [
            0.9724037556005822,
            0.9714138699902807,
            0.9687689246474608
        ],
        "tpr_avg": 0.9878071076748198,
        "f1_avg": 0.9708621834127745
    },
    "epoch_time_avg": 57.47535808881124
}