{
    "0.0001": {
        "tpr": [
            0.4816711276620505,
            0.5884164052515395,
            0.5787590898428336
        ],
        "f1": [
            0.6501727929626139,
            0.7408843213985298,
            0.7331822740611418
        ],
        "tpr_avg": 0.5496155409188078,
        "f1_avg": 0.7080797961407619
    },
    "0.001": {
        "tpr": [
            0.8499941813103689,
            0.8863134657836644,
            0.8771991555242786
        ],
        "f1": [
            0.9186843594742469,
            0.9394993688229317,
            0.9343494284464988
        ],
        "tpr_avg": 0.871168934206104,
        "f1_avg": 0.9308443855812257
    },
    "0.01": {
        "tpr": [
            0.9340742464796927,
            0.9416753805042407,
            0.9326765188834154
        ],
        "f1": [
            0.9636811141793732,
            0.9676167736158782,
            0.9627701434711544
        ],
        "tpr_avg": 0.9361420486224498,
        "f1_avg": 0.9646893437554686
    },
    "0.1": {
        "tpr": [
            0.987024322122658,
            0.9820494945974207,
            0.9877433732113535
        ],
        "f1": [
            0.9702290731260903,
            0.9677973379132676,
            0.9705823032817587
        ],
        "tpr_avg": 0.9856057299771441,
        "f1_avg": 0.9695362381070388
    },
    "epoch_time_avg": 17.79883024427626
}