{
    "0.0001": {
        "tpr": [
            0.44611893401605957,
            0.307598466364587,
            0.0
        ],
        "f1": [
            0.616987888786062,
            0.47047847527655606,
            0.0
        ],
        "tpr_avg": 0.25123913346021554,
        "f1_avg": 0.3624887880208727
    },
    "0.001": {
        "tpr": [
            0.8550564412894216,
            0.8886952480539096,
            0.8166197513488154
        ],
        "f1": [
            0.9216344193922669,
            0.9408364083640837,
            0.8988220106503146
        ],
        "tpr_avg": 0.8534571468973823,
        "f1_avg": 0.920430946135555
    },
    "0.01": {
        "tpr": [
            0.9497265215873385,
            0.9453351922853491,
            0.9478653530377669
        ],
        "f1": [
            0.9718947243062999,
            0.9695543374642518,
            0.9708382136528816
        ],
        "tpr_avg": 0.9476423556368182,
        "f1_avg": 0.9707624251411445
    },
    "0.1": {
        "tpr": [
            0.9946468055393926,
            0.9901824096665505,
            0.994018296973962
        ],
        "f1": [
            0.9741558626584983,
            0.9724163505148757,
            0.973382720303213
        ],
        "tpr_avg": 0.992949170726635,
        "f1_avg": 0.9733183111588625
    },
    "epoch_time_avg": 57.267970376544525
}