{
    "0.0001": {
        "tpr": [
            0.3987548004189457,
            0.7519460903915418,
            0.476073187895848
        ],
        "f1": [
            0.570156828487042,
            0.8584123615624378,
            0.6450536352800954
        ],
        "tpr_avg": 0.5422580262354452,
        "f1_avg": 0.6912076084431917
    },
    "0.001": {
        "tpr": [
            0.9262772023740253,
            0.9530614616010225,
            0.92587379779498
        ],
        "f1": [
            0.9614954851568871,
            0.9757345069584871,
            0.9613347135115387
        ],
        "tpr_avg": 0.9350708205900092,
        "f1_avg": 0.9661882352089709
    },
    "0.01": {
        "tpr": [
            0.9817875014546724,
            0.9732775647728593,
            0.9792399718508092
        ],
        "f1": [
            0.9884592852958407,
            0.9841689429318297,
            0.9870836165873556
        ],
        "tpr_avg": 0.978101679359447,
        "f1_avg": 0.986570614938342
    },
    "0.1": {
        "tpr": [
            0.996508786221343,
            0.9963401882188916,
            0.9963054187192119
        ],
        "f1": [
            0.974979362955794,
            0.9750980726590482,
            0.9744472167254582
        ],
        "tpr_avg": 0.9963847977198155,
        "f1_avg": 0.9748415507801002
    },
    "epoch_time_avg": 169.24975951512656
}