{
    "0.0001": {
        "tpr": [
            0.49662516001396484,
            0.7684442895317765,
            0.5562983814215341
        ],
        "f1": [
            0.6636600443217604,
            0.8690624794691545,
            0.714899389554601
        ],
        "tpr_avg": 0.6071226103224251,
        "f1_avg": 0.7492073044485053
    },
    "0.001": {
        "tpr": [
            0.946875363668102,
            0.9567793656326246,
            0.8994252873563219
        ],
        "f1": [
            0.9724803537813368,
            0.9776801614626618,
            0.9468745176724803
        ],
        "tpr_avg": 0.9343600055523494,
        "f1_avg": 0.9656783443054929
    },
    "0.01": {
        "tpr": [
            0.9820784359362271,
            0.9844312768676658,
            0.9824067558057706
        ],
        "f1": [
            0.988665319391969,
            0.9898653582172378,
            0.988726907867556
        ],
        "tpr_avg": 0.9829721562032212,
        "f1_avg": 0.9890858618255876
    },
    "0.1": {
        "tpr": [
            0.9965669731176539,
            0.997037295224817,
            0.997009148486981
        ],
        "f1": [
            0.9750362927329138,
            0.9754198516666193,
            0.9748279816513761
        ],
        "tpr_avg": 0.9968711389431505,
        "f1_avg": 0.9750947086836365
    },
    "epoch_time_avg": 60.73014336162143
}