{
    "0.0001": {
        "tpr": [
            0.4192947748167113,
            0.0,
            0.5396434435843303
        ],
        "f1": [
            0.5908494588389636,
            0.0,
            0.7009979431705644
        ],
        "tpr_avg": 0.3196460728003472,
        "f1_avg": 0.4306158006698427
    },
    "0.001": {
        "tpr": [
            0.916094495519609,
            0.9541071221099106,
            0.9072249589490968
        ],
        "f1": [
            0.955977897868723,
            0.9762824704273911,
            0.9511220411927451
        ],
        "tpr_avg": 0.9258088588595387,
        "f1_avg": 0.9611274698296198
    },
    "0.01": {
        "tpr": [
            0.9713720470150122,
            0.9792029743232252,
            0.9735514895613417
        ],
        "f1": [
            0.9831566548881037,
            0.9871453251734942,
            0.9842003853564547
        ],
        "tpr_avg": 0.9747088369665264,
        "f1_avg": 0.9848341218060175
    },
    "0.1": {
        "tpr": [
            0.996508786221343,
            0.9963401882188916,
            0.995836265540699
        ],
        "f1": [
            0.9750348714737112,
            0.975070354472839,
            0.974519368723099
        ],
        "tpr_avg": 0.9962284133269779,
        "f1_avg": 0.9748748648898831
    },
    "epoch_time_avg": 60.20904882748922
}