{
    "auc": [
        0.8975301935118628,
        0.8729417340441648,
        0.9175134880021183
    ],
    "auc_avg": 0.895995138519382,
    "auc_std": 0.01822868816078184
}