{
    "0.0001": [
        [
            0.0,
            0.0
        ],
        [
            0.0005488725243562182,
            0.0010057602633263233
        ],
        [
            0.00013704888076747373,
            0.00018271514708569338
        ]
    ],
    "0.001": [
        [
            0.0008710801393728223,
            0.001648502610129133
        ],
        [
            0.05699126377898733,
            0.1077175982003807
        ],
        [
            0.021745089081772497,
            0.042461896035399814
        ]
    ],
    "0.01": [
        [
            0.094397579314139,
            0.1718221665623043
        ],
        [
            0.09957462379362393,
            0.1804012601558614
        ],
        [
            0.057514846962083144,
            0.10829889807162535
        ]
    ],
    "0.1": [
        [
            0.36310287914909223,
            0.517869404571167
        ],
        [
            0.4373141837808169,
            0.5924456976419918
        ],
        [
            0.36509821836455003,
            0.5201119500130175
        ]
    ],
    "avg_epoch_time": 228.73276450898913
}