{
    "0.0001": [
        [
            0.0,
            0.0
        ],
        [
            0.027169189955632805,
            0.05281439258995369
        ],
        [
            0.0,
            0.0
        ]
    ],
    "0.001": [
        [
            0.00036677058499908307,
            0.0006414074311632381
        ],
        [
            0.03494488405067923,
            0.0674236733972518
        ],
        [
            0.0027866605756052994,
            0.005464978595500501
        ]
    ],
    "0.01": [
        [
            0.0015129286631212176,
            0.0029187759383408588
        ],
        [
            0.04775190961899099,
            0.09064810787298827
        ],
        [
            0.028597533120146186,
            0.05531218195495376
        ]
    ],
    "0.1": [
        [
            0.054098661287364756,
            0.09888450893231569
        ],
        [
            0.12253579106252573,
            0.21104458799432801
        ],
        [
            0.19936043855641847,
            0.32207830547252675
        ]
    ],
    "avg_epoch_time": 543.691073205736
}