{
    "0.0001": [
        [
            0.0006876948468732808,
            0.0012828736369467604
        ],
        [
            0.0,
            0.0
        ],
        [
            0.013522156235724074,
            0.026594545864322743
        ]
    ],
    "0.001": [
        [
            0.029066568861177335,
            0.056384447512581835
        ],
        [
            0.00013721813108905456,
            0.00018291567587342235
        ],
        [
            0.022887163088168114,
            0.04464684346816681
        ]
    ],
    "0.01": [
        [
            0.08655785805978361,
            0.15867810292633705
        ],
        [
            0.0013264419338608609,
            0.002548582351067219
        ],
        [
            0.08035632708999543,
            0.14815439069610653
        ]
    ],
    "0.1": [
        [
            0.4100495140289749,
            0.5658514979910786
        ],
        [
            0.13698943420390614,
            0.2329417256671594
        ],
        [
            0.36126084970306077,
            0.5160721861436545
        ]
    ],
    "avg_epoch_time": 383.47096006075543
}