{
    "0.0001": {
        "tpr": [
            0.7533512064343163,
            0.5762919708029197,
            0.39041295357912514
        ],
        "f1": [
            0.8593272171253823,
            0.7311995258205527,
            0.561578418230563
        ],
        "tpr_avg": 0.5733520436054537,
        "tpr_std": 0.14818350386224835,
        "f1_avg": 0.7173683870588327,
        "f1_std": 0.12194824615497443
    },
    "0.0003": {
        "tpr": [
            0.7831332323114583,
            0.7275328467153285,
            0.5353835401013455
        ],
        "f1": [
            0.8783214040592215,
            0.8422226728858244,
            0.6973674228055535
        ],
        "tpr_avg": 0.6820165397093775,
        "tpr_std": 0.10614071838883322,
        "f1_avg": 0.8059704999168664,
        "f1_std": 0.07819527209329492
    },
    "0.001": {
        "tpr": [
            0.8455530947662898,
            0.8279124087591241,
            0.7826897314928069
        ],
        "f1": [
            0.9160825913998865,
            0.9056242215195938,
            0.8778703250040829
        ],
        "tpr_avg": 0.8187184116727403,
        "tpr_std": 0.026474488315254206,
        "f1_avg": 0.8998590459745209,
        "f1_std": 0.016123942085712016
    },
    "0.003": {
        "tpr": [
            0.937347010141042,
            0.9293430656934306,
            0.921369910885899
        ],
        "f1": [
            0.966962272658951,
            0.9627657965578779,
            0.9583787713558706
        ],
        "tpr_avg": 0.9293533289067906,
        "tpr_std": 0.006522627494720933,
        "f1_avg": 0.9627022801908999,
        "f1_std": 0.0035044875423425556
    },
    "0.01": {
        "tpr": [
            0.9646229164238256,
            0.9678832116788321,
            0.9613838895684081
        ],
        "f1": [
            0.9796099553135449,
            0.9812918122076846,
            0.977988446156125
        ],
        "tpr_avg": 0.9646300058903553,
        "tpr_std": 0.002653341876346767,
        "f1_avg": 0.9796300712257849,
        "f1_std": 0.0013486685545611248
    },
    "0.03": {
        "tpr": [
            0.9807669891595757,
            0.9841751824817518,
            0.9786825091735104
        ],
        "f1": [
            0.9832023604335253,
            0.9848653070764916,
            0.9821720832359131
        ],
        "tpr_avg": 0.9812082269382794,
        "tpr_std": 0.0022639763103565443,
        "f1_avg": 0.9834132502486433,
        "f1_std": 0.0011095703521199671
    },
    "0.1": {
        "tpr": [
            0.9930061778762094,
            0.9946861313868613,
            0.9933601258081426
        ],
        "f1": [
            0.9731551290838474,
            0.9738722771711167,
            0.9734866862638775
        ],
        "tpr_avg": 0.9936841450237378,
        "tpr_std": 0.0007230962538713466,
        "f1_avg": 0.9735046975062805,
        "f1_std": 0.00029305135887551764
    },
    "auc": [
        0.9974493119313234,
        0.9975619977546157,
        0.9971299962418474
    ],
    "auc_avg": 0.9973804353092621,
    "auc_std": 0.0001829650577905604,
    "epoch_time_avg": 25.703439474105835
}