{
    "0.0001": {
        "tpr": [
            0.8889601679594098,
            0.784280595449646,
            0.7867747863372517
        ],
        "f1": [
            0.9412018956175422,
            0.8791000669398684,
            0.880664751208045
        ],
        "tpr_avg": 0.8200051832487691,
        "tpr_std": 0.04876916843238471,
        "f1_avg": 0.9003222379218186,
        "f1_std": 0.028913340279813442
    },
    "0.0003": {
        "tpr": [
            0.8937131859800548,
            0.8892999679552539,
            0.9043840970743517
        ],
        "f1": [
            0.9438447917468626,
            0.9413487927472324,
            0.9497335048704283
        ],
        "tpr_avg": 0.8957990836698868,
        "tpr_std": 0.006332243662385859,
        "f1_avg": 0.9449756964548411,
        "f1_std": 0.0035152106092535447
    },
    "0.001": {
        "tpr": [
            0.9504286464104508,
            0.935298744428584,
            0.9274859259691393
        ],
        "f1": [
            0.9743658729802849,
            0.9663787135418235,
            0.9621459694989107
        ],
        "tpr_avg": 0.9377377722693913,
        "tpr_std": 0.009523785939013204,
        "f1_avg": 0.9676301853403396,
        "f1_std": 0.0050666324464010625
    },
    "0.003": {
        "tpr": [
            0.9629964425263895,
            0.9670230430856177,
            0.9544380596797246
        ],
        "f1": [
            0.9805522565320666,
            0.9825220878779357,
            0.9760761268382901
        ],
        "tpr_avg": 0.9614858484305774,
        "tpr_std": 0.00524765806326201,
        "f1_avg": 0.9797168237494308,
        "f1_std": 0.0026970433665879415
    },
    "0.01": {
        "tpr": [
            0.9723275208491281,
            0.9774812829551083,
            0.9705393343639704
        ],
        "f1": [
            0.9835993038553434,
            0.9862297009332059,
            0.9831865728975828
        ],
        "tpr_avg": 0.9734493793894022,
        "tpr_std": 0.002942967606435124,
        "f1_avg": 0.9843385258953775,
        "f1_std": 0.0013478362854720987
    },
    "0.03": {
        "tpr": [
            0.9863824575727532,
            0.9900952602907332,
            0.9877781991074294
        ],
        "f1": [
            0.9860230568551149,
            0.9879511067831345,
            0.9867420379381684
        ],
        "tpr_avg": 0.988085305656972,
        "tpr_std": 0.0015312221328596589,
        "f1_avg": 0.9869054005254725,
        "f1_std": 0.0007955541600804975
    },
    "0.1": {
        "tpr": [
            0.9954510993176648,
            0.9973781571357824,
            0.9957121605460433
        ],
        "f1": [
            0.9747308911286867,
            0.9753714228736664,
            0.9747990347958936
        ],
        "tpr_avg": 0.9961804723331635,
        "tpr_std": 0.0008535708937785124,
        "f1_avg": 0.9749671162660823,
        "f1_std": 0.000287238303559101
    },
    "auc": [
        0.9984357609888097,
        0.9987767484912775,
        0.9985444601267944
    ],
    "auc_avg": 0.9985856565356271,
    "auc_std": 0.00014222277662256073
}