{
    "0.0001": {
        "tpr": [
            0.0,
            0.0,
            0.0
        ],
        "f1": [
            0.0,
            0.0,
            0.0
        ],
        "tpr_avg": 0.0,
        "tpr_std": 0.0,
        "f1_avg": 0.0,
        "f1_std": 0.0
    },
    "0.0003": {
        "tpr": [
            0.0,
            0.0,
            0.0
        ],
        "f1": [
            0.0,
            0.0,
            0.0
        ],
        "tpr_avg": 0.0,
        "tpr_std": 0.0,
        "f1_avg": 0.0,
        "f1_std": 0.0
    },
    "0.001": {
        "tpr": [
            0.0,
            0.0,
            0.0
        ],
        "f1": [
            0.0,
            0.0,
            0.0
        ],
        "tpr_avg": 0.0,
        "tpr_std": 0.0,
        "f1_avg": 0.0,
        "f1_std": 0.0
    },
    "0.003": {
        "tpr": [
            0.8209286047596827,
            0.8507758721269397,
            0.0
        ],
        "f1": [
            0.901053170716092,
            0.9186771653543306,
            0.0
        ],
        "tpr_avg": 0.557234825628874,
        "tpr_std": 0.3942128891961419,
        "f1_avg": 0.6065767786901409,
        "f1_std": 0.42897489641495595
    },
    "0.01": {
        "tpr": [
            0.8881241250583295,
            0.894936413487341,
            0.8883840149132005
        ],
        "f1": [
            0.9383705164550721,
            0.9421771840933517,
            0.9385192934949844
        ],
        "tpr_avg": 0.8904815178196236,
        "tpr_std": 0.0031518732252266684,
        "f1_avg": 0.9396889980144693,
        "f1_std": 0.001760461326709388
    },
    "0.03": {
        "tpr": [
            0.9312295846943537,
            0.9361218060903045,
            0.9297448444599791
        ],
        "f1": [
            0.9572777694498577,
            0.9598923283983849,
            0.9564904710535779
        ],
        "tpr_avg": 0.9323654117482124,
        "tpr_std": 0.002724455570185072,
        "f1_avg": 0.9578868563006068,
        "f1_std": 0.001454051453106347
    },
    "0.1": {
        "tpr": [
            0.9868175454969669,
            0.990491191226228,
            0.9856110916928813
        ],
        "f1": [
            0.9699575736727439,
            0.9718390475645357,
            0.969542419987966
        ],
        "tpr_avg": 0.9876399428053587,
        "tpr_std": 0.002075427002407008,
        "f1_avg": 0.9704463470750818,
        "f1_std": 0.0009992661091987511
    },
    "auc": [
        0.9923466518048456,
        0.9930897512526139,
        0.9920723982667252
    ],
    "auc_avg": 0.9925029337747282,
    "auc_std": 0.0004297827474875717
}