{
    "pretrained": {
        "fpr_0.0001": {
            "f1": [
                0.026859720910712412,
                0.3339829907866761,
                0.08940363710250941
            ],
            "tpr": [
                0.013612676805274912,
                0.20046793576518132,
                0.04679357651813251
            ],
            "f1_mean": 0.15008211626663265,
            "f1_std": 0.13252065021492362,
            "tpr_mean": 0.08695806302952958,
            "tpr_std": 0.08139865450479539
        },
        "fpr_0.0003": {
            "f1": [
                0.2881325081907536,
                0.39710268427780143,
                0.2612312811980034
            ],
            "tpr": [
                0.16835052642773582,
                0.24779325747101988,
                0.15027119004573009
            ],
            "f1_mean": 0.31548882455551946,
            "f1_std": 0.0587454144451866,
            "tpr_mean": 0.1888049913148286,
            "tpr_std": 0.04235899950887002
        },
        "fpr_0.001": {
            "f1": [
                0.3948490533856387,
                0.450098814229249,
                0.39100700974525565
            ],
            "tpr": [
                0.24619802190790174,
                0.2906519196001276,
                0.24322024885674784
            ],
            "f1_mean": 0.4119849591200478,
            "f1_std": 0.026996169954242775,
            "tpr_mean": 0.2600233967882591,
            "tpr_std": 0.021691727921243895
        },
        "fpr_0.003": {
            "f1": [
                0.4192520543350662,
                0.4886573146292585,
                0.4537029443123104
            ],
            "tpr": [
                0.26587259385302564,
                0.32415186642560884,
                0.29416143783898757
            ],
            "f1_mean": 0.4538707710922117,
            "f1_std": 0.02833482737430135,
            "tpr_mean": 0.294728632705874,
            "tpr_std": 0.023795793541578292
        },
        "fpr_0.01": {
            "f1": [
                0.4911694510739857,
                0.5843099201313727,
                0.48465963566634707
            ],
            "tpr": [
                0.32829947888971606,
                0.4162501329362969,
                0.3225566308624907
            ],
            "f1_mean": 0.5200463356239019,
            "f1_std": 0.04551886527929581,
            "tpr_mean": 0.3557020808961679,
            "tpr_std": 0.04287808321475033
        },
        "fpr_0.03": {
            "f1": [
                0.662180910099889,
                0.6519885370797511,
                0.5703484062268347
            ],
            "tpr": [
                0.5076039561841965,
                0.4960119110922046,
                0.40912474742103583
            ],
            "f1_mean": 0.6281726178021583,
            "f1_std": 0.041099072983675655,
            "tpr_mean": 0.47091353823247895,
            "tpr_std": 0.043946823016071786
        },
        "fpr_0.1": {
            "f1": [
                0.7329400807202732,
                0.7521555677857275,
                0.6884761231441608
            ],
            "tpr": [
                0.6276720195682229,
                0.654046580878443,
                0.5696054450707221
            ],
            "f1_mean": 0.7245239238833872,
            "f1_std": 0.026669479302402134,
            "tpr_mean": 0.6171080151724627,
            "tpr_std": 0.03527298301136177
        },
        "auc": [
            0.8975827610495507,
            0.8945545439552901,
            0.8604581243888317
        ]
    },
    "non_pretrained": {
        "fpr_0.0001": {
            "f1": [
                0.010578652279699566,
                0.0658233055641263,
                0.04673867885334441
            ],
            "tpr": [
                0.005317451877060513,
                0.03403169201318728,
                0.023928533446772305
            ],
            "f1_mean": 0.041046878899056755,
            "f1_std": 0.022909828591950836,
            "tpr_mean": 0.021092559112340033,
            "tpr_std": 0.011892825833752528
        },
        "fpr_0.0003": {
            "f1": [
                0.19099826889786498,
                0.21604704097116842,
                0.17997097242380258
            ],
            "tpr": [
                0.10560459427842178,
                0.12113155375943847,
                0.09890460491332553
            ],
            "f1_mean": 0.195672094097612,
            "f1_std": 0.01509424088754609,
            "tpr_mean": 0.10854691765039526,
            "tpr_std": 0.009309574421740104
        },
        "fpr_0.001": {
            "f1": [
                0.3321222862206469,
                0.29092890220648326,
                0.31449807468433777
            ],
            "tpr": [
                0.199298096352228,
                0.17037115814101883,
                0.1867489099223652
            ],
            "f1_mean": 0.312516421037156,
            "f1_std": 0.016875404884379896,
            "tpr_mean": 0.1854727214718707,
            "tpr_std": 0.011843800946477164
        },
        "fpr_0.003": {
            "f1": [
                0.4371684350132626,
                0.36592130351880736,
                0.401560115312871
            ],
            "tpr": [
                0.2804424119961714,
                0.22450281824949483,
                0.2518345208975859
            ],
            "f1_mean": 0.40154995128164694,
            "f1_std": 0.029086520520998454,
            "tpr_mean": 0.2522599170477507,
            "tpr_std": 0.022839224425670795
        },
        "fpr_0.01": {
            "f1": [
                0.5263403263403263,
                0.4756470020896962,
                0.5255383658555547
            ],
            "tpr": [
                0.3602041901520791,
                0.3146868020844411,
                0.35945974688929067
            ],
            "f1_mean": 0.5091752314285257,
            "f1_std": 0.02371029884674094,
            "tpr_mean": 0.3447835797086036,
            "tpr_std": 0.021283805525353385
        },
        "fpr_0.03": {
            "f1": [
                0.5932895696571846,
                0.5710898718233681,
                0.587727006444054
            ],
            "tpr": [
                0.4325215356801021,
                0.4098691906838243,
                0.42677868765287674
            ],
            "f1_mean": 0.5840354826415356,
            "f1_std": 0.00943140699883847,
            "tpr_mean": 0.4230564713389344,
            "tpr_std": 0.009615035246024205
        },
        "fpr_0.1": {
            "f1": [
                0.685180412371134,
                0.6722623462814756,
                0.7010821133036282
            ],
            "tpr": [
                0.5654578326066149,
                0.5493991279378921,
                0.5856641497394448
            ],
            "f1_mean": 0.686174957318746,
            "f1_std": 0.011786619038621837,
            "tpr_mean": 0.5668403700946506,
            "tpr_std": 0.014837374183597776
        },
        "auc": [
            0.877315204197327,
            0.8637770673846316,
            0.8828121699014366
        ]
    }
}