{
    "0.0001": {
        "tpr": [
            0.037214185720951934,
            0.0038501925096254812,
            0.18810439240358848
        ],
        "f1": [
            0.07175795748509728,
            0.007670850767085077,
            0.3166462368227506
        ],
        "tpr_avg": 0.07638959021138864,
        "tpr_std": 0.0801599932733826,
        "f1_avg": 0.13202501502497765,
        "f1_std": 0.13314287054501098
    },
    "0.0003": {
        "tpr": [
            0.5393140457302846,
            0.6416987516042468,
            0.7415239426773855
        ],
        "f1": [
            0.7006668687481055,
            0.7816941444002273,
            0.8515235642372144
        ],
        "tpr_avg": 0.6408455800039724,
        "tpr_std": 0.08255404909178765,
        "f1_avg": 0.7779615257951824,
        "f1_std": 0.06164351804102619
    },
    "0.001": {
        "tpr": [
            0.7062529164722352,
            0.8532843308832109,
            0.8080507980892462
        ],
        "f1": [
            0.8276144907723855,
            0.9206029518204992,
            0.8936060557255597
        ],
        "tpr_avg": 0.7891960151482307,
        "tpr_std": 0.06148813617675972,
        "f1_avg": 0.8806078327728147,
        "f1_std": 0.03905917580604325
    },
    "0.003": {
        "tpr": [
            0.8609426038264115,
            0.895286430988216,
            0.8659559594547361
        ],
        "f1": [
            0.9245803056877976,
            0.9440531479715806,
            0.9274684136640151
        ],
        "tpr_avg": 0.8740616647564545,
        "tpr_std": 0.015147089046165602,
        "f1_avg": 0.9320339557744645,
        "f1_std": 0.008580249713692725
    },
    "0.01": {
        "tpr": [
            0.9063229118058796,
            0.9018200910045502,
            0.8997436793661889
        ],
        "f1": [
            0.9485379402966853,
            0.9471846087862263,
            0.9453710788064269
        ],
        "tpr_avg": 0.902628894058873,
        "tpr_std": 0.002746172689323696,
        "f1_avg": 0.9470312092964462,
        "f1_std": 0.0012974080512619397
    },
    "0.03": {
        "tpr": [
            0.9589944003733084,
            0.9545560611363901,
            0.9587556798322265
        ],
        "f1": [
            0.9723511843155809,
            0.9711843784313144,
            0.9718908704381718
        ],
        "tpr_avg": 0.9574353804473082,
        "tpr_std": 0.002038317385304779,
        "f1_avg": 0.971808811061689,
        "f1_std": 0.0004798675503658942
    },
    "0.1": {
        "tpr": [
            0.9904923005132991,
            0.9895578112238945,
            0.9898636840265641
        ],
        "f1": [
            0.9719257075809175,
            0.9736819447234739,
            0.973558312086401
        ],
        "tpr_avg": 0.9899712652545859,
        "tpr_std": 0.000389014008719444,
        "f1_avg": 0.9730553214635974,
        "f1_std": 0.0008003507148723126
    },
    "auc": [
        0.9949061006477119,
        0.9958335744229618,
        0.9954984467521408
    ],
    "auc_avg": 0.9954127072742714,
    "auc_std": 0.0003834625966054288
}