{
    "0.0001": {
        "tpr": [
            0.3414988944489701,
            0.5906239107703033,
            0.4313277034951912
        ],
        "f1": [
            0.5091303404901323,
            0.7426317519447793,
            0.6026959478838038
        ],
        "tpr_avg": 0.45448350290482153,
        "f1_avg": 0.6181526801062384
    },
    "0.001": {
        "tpr": [
            0.847492144768998,
            0.8781805507145347,
            0.8580811634998827
        ],
        "f1": [
            0.9172203155011178,
            0.9349083150375707,
            0.9233876057049097
        ],
        "tpr_avg": 0.8612512863278052,
        "f1_avg": 0.925172078747866
    },
    "0.01": {
        "tpr": [
            0.9359944140579541,
            0.948065528058557,
            0.9503284072249589
        ],
        "f1": [
            0.9645908913740894,
            0.9709950914770193,
            0.9721930587635359
        ],
        "tpr_avg": 0.9447961164471567,
        "f1_avg": 0.9692596805382149
    },
    "0.1": {
        "tpr": [
            0.9900500407308274,
            0.9923318229348205,
            0.9923762608491673
        ],
        "f1": [
            0.973955352032055,
            0.9730006835269993,
            0.972389024565436
        ],
        "tpr_avg": 0.9915860415049383,
        "f1_avg": 0.9731150200414967
    },
    "epoch_time_avg": 56.622279485066734
}