{
    "0.0001": {
        "tpr": [
            0.35738391714185963,
            0.4308702219123969,
            0.3073539760731879
        ],
        "f1": [
            0.5265775034293553,
            0.6022491981649141,
            0.4701924370878751
        ],
        "tpr_avg": 0.3652027050424815,
        "f1_avg": 0.5330063795607148
    },
    "0.001": {
        "tpr": [
            0.652566042127313,
            0.6877541535959103,
            0.7698803659394793
        ],
        "f1": [
            0.7895385265232848,
            0.8147969717825189,
            0.8697495693653107
        ],
        "tpr_avg": 0.7034001872209008,
        "f1_avg": 0.8246950225570381
    },
    "0.01": {
        "tpr": [
            0.9025951355754684,
            0.899616591146741,
            0.9060520760028149
        ],
        "f1": [
            0.9464596235394613,
            0.9448155943991946,
            0.948289090072119
        ],
        "tpr_avg": 0.9027546009083415,
        "f1_avg": 0.9465214360035916
    },
    "0.1": {
        "tpr": [
            0.9779471662981497,
            0.9688044614848379,
            0.9775979357260145
        ],
        "f1": [
            0.9665027746628713,
            0.9620143635891667,
            0.9650341553780247
        ],
        "tpr_avg": 0.9747831878363341,
        "f1_avg": 0.9645170978766876
    },
    "epoch_time_avg": 17.803879976272583
}