{
    "0.0001": {
        "tpr": [
            0.4519376236471547,
            0.4929127454397583,
            0.47437250762373917
        ],
        "f1": [
            0.6225303570712941,
            0.6603369780925328,
            0.6434907123821646
        ],
        "tpr_avg": 0.473074292236884,
        "f1_avg": 0.6421193491819972
    },
    "0.001": {
        "tpr": [
            0.5230420109391365,
            0.655803415824329,
            0.8591954022988506
        ],
        "f1": [
            0.6866287285643357,
            0.7919604335473008,
            0.9240326700514018
        ],
        "tpr_avg": 0.679346943020772,
        "f1_avg": 0.8008739440543461
    },
    "0.01": {
        "tpr": [
            0.9333760037239613,
            0.925467642616475,
            0.9407107670654469
        ],
        "f1": [
            0.9631920259397142,
            0.9589478119544934,
            0.9673742612471354
        ],
        "tpr_avg": 0.9331848044686278,
        "f1_avg": 0.9631713663804478
    },
    "0.1": {
        "tpr": [
            0.9835912952403119,
            0.9855931218775416,
            0.9825240441003987
        ],
        "f1": [
            0.9710199040698508,
            0.9697073616826704,
            0.9678239269828433
        ],
        "tpr_avg": 0.983902820406084,
        "f1_avg": 0.9695170642451215
    },
    "epoch_time_avg": 17.547412872314453
}