{
    "0.0001": {
        "tpr": [
            0.00018279447046726837,
            6.879471656576775e-05,
            9.141394519733986e-05
        ],
        "f1": [
            0.00036552212551115986,
            0.00013757996835660725,
            0.00018280700150815777
        ],
        "tpr_avg": 0.00011433437741012533,
        "tpr_std": 4.928147476159337e-05,
        "f1_avg": 0.0002286363651253083,
        "f1_std": 9.853816410992726e-05
    },
    "0.0003": {
        "tpr": [
            0.00018279447046726837,
            6.879471656576775e-05,
            9.141394519733986e-05
        ],
        "f1": [
            0.00036552212551115986,
            0.00013757996835660725,
            0.00018280700150815777
        ],
        "tpr_avg": 0.00011433437741012533,
        "tpr_std": 4.928147476159337e-05,
        "f1_avg": 0.0002286363651253083,
        "f1_std": 9.853816410992726e-05
    },
    "0.001": {
        "tpr": [
            0.00018279447046726837,
            6.879471656576775e-05,
            9.141394519733986e-05
        ],
        "f1": [
            0.00036552212551115986,
            0.00013757996835660725,
            0.00018280700150815777
        ],
        "tpr_avg": 0.00011433437741012533,
        "tpr_std": 4.928147476159337e-05,
        "f1_avg": 0.0002286363651253083,
        "f1_std": 9.853816410992726e-05
    },
    "0.003": {
        "tpr": [
            0.00018279447046726837,
            6.879471656576775e-05,
            9.141394519733986e-05
        ],
        "f1": [
            0.00036552212551115986,
            0.00013757996835660725,
            0.00018280700150815777
        ],
        "tpr_avg": 0.00011433437741012533,
        "tpr_std": 4.928147476159337e-05,
        "f1_avg": 0.0002286363651253083,
        "f1_std": 9.853816410992726e-05
    },
    "0.01": {
        "tpr": [
            0.00018279447046726837,
            6.879471656576775e-05,
            9.141394519733986e-05
        ],
        "f1": [
            0.00036552212551115986,
            0.00013757996835660725,
            0.00018280700150815777
        ],
        "tpr_avg": 0.00011433437741012533,
        "tpr_std": 4.928147476159337e-05,
        "f1_avg": 0.0002286363651253083,
        "f1_std": 9.853816410992726e-05
    },
    "0.03": {
        "tpr": [
            0.020929966868502226,
            0.020890662263804805,
            0.021299449230980184
        ],
        "f1": [
            0.04067947152214944,
            0.0406016713091922,
            0.04138176005683332
        ],
        "tpr_avg": 0.021040026121095737,
        "tpr_std": 0.00018414030057575313,
        "f1_avg": 0.040887634296058316,
        "f1_std": 0.0003508403424922826
    },
    "0.1": {
        "tpr": [
            0.09461898777561979,
            0.09379013025133003,
            0.09395068217656603
        ],
        "f1": [
            0.16731651144467566,
            0.16592292089249494,
            0.16622525928471787
        ],
        "tpr_avg": 0.09411993340117196,
        "tpr_std": 0.00035892030839346705,
        "f1_avg": 0.16648823054062947,
        "f1_std": 0.0005985477245570533
    },
    "auc": [
        0.5004690943569043,
        0.500192884748444,
        0.49979109605823835
    ],
    "auc_avg": 0.5001510250545289,
    "auc_std": 0.0002783697765317402,
    "epoch_time_avg": 0.027849393502871196
}