{
    "0.0001": {
        "tpr": [
            4.587155963302752e-05,
            0.0,
            4.5854732208363906e-05
        ],
        "f1": [
            9.173891105912573e-05,
            0.0,
            9.170525929662066e-05
        ],
        "tpr_avg": 3.057543061379714e-05,
        "tpr_std": 2.1620095416146182e-05,
        "f1_avg": 6.114805678524879e-05,
        "f1_std": 4.3238207791792116e-05
    },
    "0.0003": {
        "tpr": [
            4.587155963302752e-05,
            0.0,
            4.5854732208363906e-05
        ],
        "f1": [
            9.173891105912573e-05,
            0.0,
            9.170525929662066e-05
        ],
        "tpr_avg": 3.057543061379714e-05,
        "tpr_std": 2.1620095416146182e-05,
        "f1_avg": 6.114805678524879e-05,
        "f1_std": 4.3238207791792116e-05
    },
    "0.001": {
        "tpr": [
            4.587155963302752e-05,
            0.0,
            4.5854732208363906e-05
        ],
        "f1": [
            9.173891105912573e-05,
            0.0,
            9.170525929662066e-05
        ],
        "tpr_avg": 3.057543061379714e-05,
        "tpr_std": 2.1620095416146182e-05,
        "f1_avg": 6.114805678524879e-05,
        "f1_std": 4.3238207791792116e-05
    },
    "0.003": {
        "tpr": [
            4.587155963302752e-05,
            0.0,
            4.5854732208363906e-05
        ],
        "f1": [
            9.173891105912573e-05,
            0.0,
            9.170525929662066e-05
        ],
        "tpr_avg": 3.057543061379714e-05,
        "tpr_std": 2.1620095416146182e-05,
        "f1_avg": 6.114805678524879e-05,
        "f1_std": 4.3238207791792116e-05
    },
    "0.01": {
        "tpr": [
            4.587155963302752e-05,
            0.0,
            4.5854732208363906e-05
        ],
        "f1": [
            9.173891105912573e-05,
            0.0,
            9.170525929662066e-05
        ],
        "tpr_avg": 3.057543061379714e-05,
        "tpr_std": 2.1620095416146182e-05,
        "f1_avg": 6.114805678524879e-05,
        "f1_std": 4.3238207791792116e-05
    },
    "0.03": {
        "tpr": [
            0.02091743119266055,
            0.020904495149610604,
            0.020955612619222304
        ],
        "f1": [
            0.04065076888789838,
            0.040637450199203194,
            0.04072539321837544
        ],
        "tpr_avg": 0.02092584632049782,
        "tpr_std": 2.1700379524545172e-05,
        "f1_avg": 0.04067120410182567,
        "f1_std": 3.8701353391264095e-05
    },
    "0.1": {
        "tpr": [
            0.09426605504587156,
            0.09400191282962153,
            0.09418561995597946
        ],
        "f1": [
            0.16667342552414938,
            0.1664247701983551,
            0.1665855636658556
        ],
        "tpr_avg": 0.09415119594382419,
        "tpr_std": 0.00011054874358103754,
        "f1_avg": 0.16656125312945336,
        "f1_std": 0.00010295830676083392
    },
    "auc": [
        0.5004967955240153,
        0.500974864070233,
        0.5017250237306411
    ],
    "auc_avg": 0.5010655611082964,
    "auc_std": 0.000505506740095481
}