{
    "0.0001": {
        "tpr": [
            0.0,
            0.2888346694550947,
            0.613593713347408
        ],
        "f1": [
            0.0,
            0.4482105832506986,
            0.7605306196620025
        ],
        "tpr_avg": 0.30080946093416755,
        "f1_avg": 0.4029137343042337
    },
    "0.001": {
        "tpr": [
            0.903177004538578,
            0.9433600557685605,
            0.9107436077879427
        ],
        "f1": [
            0.9488935077637853,
            0.9706225157646217,
            0.953053083768027
        ],
        "tpr_avg": 0.9190935560316937,
        "f1_avg": 0.9575230357654779
    },
    "0.01": {
        "tpr": [
            0.9716629814965669,
            0.9718833507610085,
            0.9666314801782782
        ],
        "f1": [
            0.9836249042822642,
            0.9833945628214549,
            0.9809265926741453
        ],
        "tpr_avg": 0.9700592708119512,
        "f1_avg": 0.9826486865926215
    },
    "0.1": {
        "tpr": [
            0.9947049924357034,
            0.9961659114674103,
            0.9950738916256158
        ],
        "f1": [
            0.9741018262628565,
            0.9753156637470141,
            0.9737453731600241
        ],
        "tpr_avg": 0.9953149318429099,
        "f1_avg": 0.9743876210566315
    },
    "epoch_time_avg": 33.65687886873881
}