{
    "0.0001": {
        "tpr": [
            0.2484580472477598,
            0.28302544440571625,
            0.4944874501524748
        ],
        "f1": [
            0.39802386278896346,
            0.4411844607443629,
            0.6617485481086172
        ],
        "tpr_avg": 0.3419903139353169,
        "f1_avg": 0.5003189572139811
    },
    "0.001": {
        "tpr": [
            0.8265448620970557,
            0.8415824329034507,
            0.8457658925639221
        ],
        "f1": [
            0.9048347028473152,
            0.9137468857422183,
            0.9162060860174067
        ],
        "tpr_avg": 0.8379643958548094,
        "f1_avg": 0.9115958915356468
    },
    "0.01": {
        "tpr": [
            0.9347143023391132,
            0.931393052166841,
            0.9410039878020173
        ],
        "f1": [
            0.9640231644012363,
            0.9624516012846295,
            0.9671800126578464
        ],
        "tpr_avg": 0.9357037807693239,
        "f1_avg": 0.9645515927812373
    },
    "0.1": {
        "tpr": [
            0.9917374607238449,
            0.9864064133844546,
            0.988681679568379
        ],
        "f1": [
            0.972664498088227,
            0.9700085689802914,
            0.9714203399596658
        ],
        "tpr_avg": 0.9889418512255596,
        "f1_avg": 0.9713644690093948
    },
    "epoch_time_avg": 33.680343548456825
}