{
    "pretrained": {
        "fpr_0.0001": {
            "f1": [
                0.1418832131212331,
                0.060837286038358425,
                0.21896012880007576
            ],
            "tpr": [
                0.07635860895458896,
                0.031372966074657026,
                0.12293948739763905
            ],
            "f1_mean": 0.14056020931988908,
            "f1_std": 0.06456015853478818,
            "tpr_mean": 0.07689035414229502,
            "tpr_std": 0.037383766722170704
        },
        "fpr_0.0003": {
            "f1": [
                0.19273635664873173,
                0.21891866300539722,
                0.3250222617987534
            ],
            "tpr": [
                0.10666808465383389,
                0.12293948739763905,
                0.19408699351270872
            ],
            "f1_mean": 0.24555909381762744,
            "f1_std": 0.057196588422364546,
            "tpr_mean": 0.1412315218547272,
            "tpr_std": 0.0379602010879249
        },
        "fpr_0.001": {
            "f1": [
                0.5063090230934054,
                0.44291859695565855,
                0.4409840139153483
            ],
            "tpr": [
                0.3392534297564607,
                0.28469637349781984,
                0.2831011379347017
            ],
            "f1_mean": 0.46340387798813737,
            "f1_std": 0.03034879745298036,
            "tpr_mean": 0.30235031372966076,
            "tpr_std": 0.026102569139084816
        },
        "fpr_0.003": {
            "f1": [
                0.547793268119849,
                0.5334474175482266,
                0.5217186764936491
            ],
            "tpr": [
                0.37817717749654367,
                0.36467084972881,
                0.3538232478996065
            ],
            "f1_mean": 0.5343197873872415,
            "f1_std": 0.010662765556530198,
            "tpr_mean": 0.3655570917083201,
            "tpr_std": 0.009962179826317379
        },
        "fpr_0.01": {
            "f1": [
                0.6161255016417366,
                0.572052401746725,
                0.562201501023425
            ],
            "tpr": [
                0.44900563649898967,
                0.40401999361905777,
                0.3943422312028076
            ],
            "f1_mean": 0.5834598014706289,
            "f1_std": 0.02344562556237459,
            "tpr_mean": 0.4157892871069517,
            "tpr_std": 0.02381748897409637
        },
        "fpr_0.03": {
            "f1": [
                0.6741372198542555,
                0.6691967982335082,
                0.6699310344827585
            ],
            "tpr": [
                0.5214293310645539,
                0.5156864830373286,
                0.5165372753376581
            ],
            "f1_mean": 0.6710883508568407,
            "f1_std": 0.002176614701775194,
            "tpr_mean": 0.5178843631465134,
            "tpr_std": 0.002530620482480751
        },
        "fpr_0.1": {
            "f1": [
                0.8330092645545006,
                0.7457585443816079,
                0.8141562064156206
            ],
            "tpr": [
                0.7745400404126342,
                0.6451132617249814,
                0.7449750079761778
            ],
            "f1_mean": 0.7976413384505764,
            "f1_std": 0.037485354389852385,
            "tpr_mean": 0.7215427700379311,
            "tpr_std": 0.05537523568925987
        },
        "auc": [
            0.9349278819592648,
            0.9109169691980554,
            0.9209273314528529
        ]
    },
    "non_pretrained": {
        "fpr_0.0001": {
            "f1": [
                0.09327790733042686,
                0.20553435114503818,
                0.1156312625250501
            ],
            "tpr": [
                0.048920557268956714,
                0.11453791343188344,
                0.06136339466127832
            ],
            "f1_mean": 0.13814784033350505,
            "f1_std": 0.04851545802888602,
            "tpr_mean": 0.07494062178737283,
            "tpr_std": 0.028456577210178337
        },
        "fpr_0.0003": {
            "f1": [
                0.3823529411764706,
                0.2917082917082917,
                0.23777403035413158
            ],
            "tpr": [
                0.2364139104541104,
                0.17079655429118368,
                0.1349569286397958
            ],
            "f1_mean": 0.30394508774629797,
            "f1_std": 0.05965495087920359,
            "tpr_mean": 0.18072246446169662,
            "tpr_std": 0.042010098462570956
        },
        "fpr_0.001": {
            "f1": [
                0.45417214191852834,
                0.43891515302314,
                0.34021164021164024
            ],
            "tpr": [
                0.2940550888014464,
                0.2813995533340423,
                0.20514729341699459
            ],
            "f1_mean": 0.41109964505110286,
            "f1_std": 0.05051089552514558,
            "tpr_mean": 0.2602006451841611,
            "tpr_std": 0.039269957135119736
        },
        "fpr_0.003": {
            "f1": [
                0.48318584070796455,
                0.47100802854594115,
                0.46827524575513846
            ],
            "tpr": [
                0.3193661597362544,
                0.30883760501967455,
                0.3064979261937679
            ],
            "f1_mean": 0.47415637166968133,
            "f1_std": 0.006481538334912609,
            "tpr_mean": 0.3115672303165656,
            "tpr_std": 0.005596784750912145
        },
        "fpr_0.01": {
            "f1": [
                0.5141021623315576,
                0.5074368458330053,
                0.519206745783885
            ],
            "tpr": [
                0.34893119217271085,
                0.34286929703286184,
                0.3536105498245241
            ],
            "f1_mean": 0.5135819179828159,
            "f1_std": 0.004819102741536568,
            "tpr_mean": 0.3484703463433656,
            "tpr_std": 0.0043971894085818655
        },
        "fpr_0.03": {
            "f1": [
                0.638090530329779,
                0.6343294150970117,
                0.5949293311962698
            ],
            "tpr": [
                0.4804849516111879,
                0.4763373391470807,
                0.43422312028076143
            ],
            "f1_mean": 0.6224497588743535,
            "f1_std": 0.019520364607882642,
            "tpr_mean": 0.46368180367967665,
            "tpr_std": 0.020899141816292335
        },
        "fpr_0.1": {
            "f1": [
                0.7786424039267329,
                0.8050137644233585,
                0.8083391730903994
            ],
            "tpr": [
                0.6916941401680314,
                0.7308305859831968,
                0.7360416888227161
            ],
            "f1_mean": 0.7973317804801635,
            "f1_std": 0.013284933387554772,
            "tpr_mean": 0.7195221383246482,
            "tpr_std": 0.019792035591023452
        },
        "auc": [
            0.909184146892841,
            0.9207353544327486,
            0.9174386007039019
        ]
    },
    "full_data": {
        "fpr_0.0001": {
            "f1": [
                0.04673867885334441,
                0.028514519341650064,
                0.14078101828966882
            ],
            "tpr": [
                0.023928533446772305,
                0.014463469105604594,
                0.0757205147293417
            ],
            "f1_mean": 0.07201140549488777,
            "f1_std": 0.0491933242790456,
            "tpr_mean": 0.03803750576057287,
            "tpr_std": 0.02692463227171785
        },
        "fpr_0.0003": {
            "f1": [
                0.3924450901632339,
                0.3683206106870229,
                0.41985887096774194
            ],