{
    "0.0001": {
        "tpr": [
            0.0,
            0.0,
            0.0
        ],
        "f1": [
            0.0,
            0.0,
            0.0
        ],
        "tpr_avg": 0.0,
        "tpr_std": 0.0,
        "f1_avg": 0.0,
        "f1_std": 0.0
    },
    "0.0003": {
        "tpr": [
            0.0,
            0.0,
            0.0
        ],
        "f1": [
            0.0,
            0.0,
            0.0
        ],
        "tpr_avg": 0.0,
        "tpr_std": 0.0,
        "f1_avg": 0.0,
        "f1_std": 0.0
    },
    "0.001": {
        "tpr": [
            0.682104526364909,
            0.7574962081437405,
            0.577420482348829
        ],
        "f1": [
            0.8107883242043958,
            0.8618172164332647,
            0.7318910138078711
        ],
        "tpr_avg": 0.6723404056191594,
        "tpr_std": 0.07383910569878366,
        "f1_avg": 0.8014988514818439,
        "f1_std": 0.053447327714682386
    },
    "0.003": {
        "tpr": [
            0.8583761082594493,
            0.8361918095904796,
            0.758417802633112
        ],
        "f1": [
            0.923096223811316,
            0.9100952380952383,
            0.8619285643351319
        ],
        "tpr_avg": 0.8176619068276803,
        "tpr_std": 0.042859722259336236,
        "f1_avg": 0.898373342080562,
        "f1_std": 0.026311249508942813
    },
    "0.01": {
        "tpr": [
            0.9239384041063929,
            0.92019600980049,
            0.88209250844693
        ],
        "f1": [
            0.9580838323353295,
            0.9560579429056306,
            0.9349799320778018
        ],
        "tpr_avg": 0.9087423074512709,
        "tpr_std": 0.018906087538392565,
        "f1_avg": 0.9497072357729207,
        "f1_std": 0.01044656762104301
    },
    "0.03": {
        "tpr": [
            0.9636024265048997,
            0.9633064986582662,
            0.9438424793195852
        ],
        "f1": [
            0.9743438513712768,
            0.9741895519306215,
            0.9640030939489499
        ],
        "tpr_avg": 0.9569171348275837,
        "tpr_std": 0.009245966897778728,
        "f1_avg": 0.9708454990836161,
        "f1_std": 0.004838721118885721
    },
    "0.1": {
        "tpr": [
            0.9850093327111525,
            0.9851825924629565,
            0.9821740650122335
        ],
        "f1": [
            0.9691526299176448,
            0.9691822094691536,
            0.9677419354838709
        ],
        "tpr_avg": 0.9841219967287809,
        "tpr_std": 0.0013792106956872423,
        "f1_avg": 0.9686922582902232,
        "f1_std": 0.0006720881959344921
    },
    "auc": [
        0.9939316120421904,
        0.9940088536472654,
        0.991522942079113
    ],
    "auc_avg": 0.9931544692561897,
    "auc_std": 0.0011540948151526605
}