{
    "0.0001": {
        "tpr": [
            0.0,
            0.0,
            0.0
        ],
        "f1": [
            0.0,
            0.0,
            0.0
        ],
        "tpr_avg": 0.0,
        "tpr_std": 0.0,
        "f1_avg": 0.0,
        "f1_std": 0.0
    },
    "0.0003": {
        "tpr": [
            0.0,
            0.0,
            0.0
        ],
        "f1": [
            0.0,
            0.0,
            0.0
        ],
        "tpr_avg": 0.0,
        "tpr_std": 0.0,
        "f1_avg": 0.0,
        "f1_std": 0.0
    },
    "0.001": {
        "tpr": [
            0.0,
            0.0,
            0.0
        ],
        "f1": [
            0.0,
            0.0,
            0.0
        ],
        "tpr_avg": 0.0,
        "tpr_std": 0.0,
        "f1_avg": 0.0,
        "f1_std": 0.0
    },
    "0.003": {
        "tpr": [
            0.9319878674755017,
            0.9386302648465756,
            0.9185599440754981
        ],
        "f1": [
            0.9640982320642008,
            0.9676449362521049,
            0.9568541780447842
        ],
        "tpr_avg": 0.9297260254658584,
        "tpr_std": 0.008348308847542172,
        "f1_avg": 0.9628657821203633,
        "f1_std": 0.004490680373118185
    },
    "0.01": {
        "tpr": [
            0.9708936070928604,
            0.9701318399253296,
            0.9707561458697425
        ],
        "f1": [
            0.982846683003159,
            0.982483088647978,
            0.9827789573012502
        ],
        "tpr_avg": 0.9705938642959775,
        "tpr_std": 0.00033148533026336474,
        "f1_avg": 0.9827029096507957,
        "f1_std": 0.00015787684574718256
    },
    "0.03": {
        "tpr": [
            0.986409239384041,
            0.9862326449655816,
            0.9879412792729815
        ],
        "f1": [
            0.9860353925541528,
            0.9859738138978801,
            0.9868489962176317
        ],
        "tpr_avg": 0.986861054540868,
        "tpr_std": 0.000767228997131854,
        "f1_avg": 0.9862860675565548,
        "f1_std": 0.000398843737841762
    },
    "0.1": {
        "tpr": [
            0.9953336444237051,
            0.9939913662349784,
            0.9952231154607946
        ],
        "f1": [
            0.9742784549944332,
            0.9735458804708033,
            0.974474517297436
        ],
        "tpr_avg": 0.9948493753731594,
        "tpr_std": 0.0006083797738321133,
        "f1_avg": 0.9740996175875575,
        "f1_std": 0.0003996487645571945
    },
    "auc": [
        0.9973911107173353,
        0.9970376762896609,
        0.9969081690787401
    ],
    "auc_avg": 0.9971123186952454,
    "auc_std": 0.00020410254466132077,
    "epoch_time_avg": 69.39616607295142
}