{
    "pretrained": {
        "fpr_0.0001": {
            "f1": [
                0.21608802883703282,
                0.17026658883051177,
                0.2321865012220342
            ],
            "tpr": [
                0.12113155375943847,
                0.09305540784855897,
                0.13134106136339466
            ],
            "f1_mean": 0.20618037296319291,
            "f1_std": 0.026231534728633762,
            "tpr_mean": 0.1151760076571307,
            "tpr_std": 0.016187427493727913
        },
        "fpr_0.0003": {
            "f1": [
                0.3263635554764659,
                0.35792230467044955,
                0.3764888658726049
            ],
            "tpr": [
                0.19504413485057961,
                0.218015526959481,
                0.23194725087737955
            ],
            "f1_mean": 0.35359157533984015,
            "f1_std": 0.020691432977258496,
            "tpr_mean": 0.2150023042291467,
            "tpr_std": 0.015215554027350149
        },
        "fpr_0.001": {
            "f1": [
                0.5038155802861686,
                0.447029702970297,
                0.4641370869033048
            ],
            "tpr": [
                0.3370200999680953,
                0.28809954269913857,
                0.30245666276720196
            ],
            "f1_mean": 0.4716607900532568,
            "f1_std": 0.023785339286344055,
            "tpr_mean": 0.3091921018114786,
            "tpr_std": 0.020531761334019273
        },
        "fpr_0.003": {
            "f1": [
                0.539807930607187,
                0.5360664647876388,
                0.5244952261699796
            ],
            "tpr": [
                0.3706263958311177,
                0.3671168775922578,
                0.35637562480059554
            ],
            "f1_mean": 0.5334565405216017,
            "f1_std": 0.006518103394963632,
            "tpr_mean": 0.3647062994079904,
            "tpr_std": 0.006062413387859231
        },
        "fpr_0.01": {
            "f1": [
                0.5640947982130688,
                0.6154183092422252,
                0.5883141049497581
            ],
            "tpr": [
                0.3961501648410082,
                0.4482611932362012,
                0.4202913963628629
            ],
            "f1_mean": 0.5892757374683507,
            "f1_std": 0.020963766342836934,
            "tpr_mean": 0.4215675848133575,
            "tpr_std": 0.021293368495410893
        },
        "fpr_0.03": {
            "f1": [
                0.6081120092378753,
                0.6767753001715267,
                0.6376094942074032
            ],
            "tpr": [
                0.4480484951611188,
                0.5245134531532489,
                0.4799532064234819
            ],
            "f1_mean": 0.6408322678722684,
            "f1_std": 0.028124148378585283,
            "tpr_mean": 0.4841717182459499,
            "tpr_std": 0.03135888318251341
        },
        "fpr_0.1": {
            "f1": [
                0.7215538847117794,
                0.771980501895649,
                0.7388133498145859
            ],
            "tpr": [
                0.6123577581622887,
                0.6821227267893225,
                0.6356481973838137
            ],
            "f1_mean": 0.7441159121406714,
            "f1_std": 0.020925244810493866,
            "tpr_mean": 0.6433762274451417,
            "tpr_std": 0.029000914334486594
        },
        "auc": [
            0.9049188715224437,
            0.8981939291972647,
            0.9072560191774792
        ]
    },
    "non_pretrained": {
        "fpr_0.0001": {
            "f1": [
                0.004456706281833616,
                0.11525355782721988,
                0.07355050194632247
            ],
            "tpr": [
                0.002233329788365415,
                0.061150696586195895,
                0.03817930447729448
            ],
            "f1_mean": 0.06442025535179198,
            "f1_std": 0.04569103945888655,
            "tpr_mean": 0.03385444361728526,
            "tpr_std": 0.024246543996912964
        },
        "fpr_0.0003": {
            "f1": [
                0.23628691983122357,
                0.2229570146433633,
                0.19568345323741007
            ],
            "tpr": [
                0.1339997873019249,
                0.1254918642986281,
                0.10847601829203446
            ],
            "f1_mean": 0.21830912923733234,
            "f1_std": 0.016898964542626647,
            "tpr_mean": 0.12265588996419581,
            "tpr_std": 0.010611244317129825
        },
        "fpr_0.001": {
            "f1": [
                0.34459102902374666,
                0.3003431461080007,
                0.31886387995712756
            ],
            "tpr": [
                0.20833776454323089,
                0.17685844943103265,
                0.1898330320110603
            ],
            "f1_mean": 0.3212660183629583,
            "f1_std": 0.01814380495416118,
            "tpr_mean": 0.19167641532844126,
            "tpr_std": 0.012917310517915274
        },
        "fpr_0.003": {
            "f1": [
                0.4073323196485893,
                0.3725507121277514,
                0.4387214309373966
            ],
            "tpr": [
                0.2564075295118579,
                0.22950122301393172,
                0.28171860044666597
            ],
            "f1_mean": 0.4062014875712458,
            "f1_std": 0.02702591463560661,
            "tpr_mean": 0.25587578432415187,
            "tpr_std": 0.021320970759585382
        },
        "fpr_0.01": {
            "f1": [
                0.5127038895859474,
                0.44985696771557016,
                0.5360092628328831
            ],
            "tpr": [
                0.3476550037222163,
                0.29267255131341063,
                0.369243858343082
            ],
            "f1_mean": 0.4995233733781335,
            "f1_std": 0.03638542743208676,
            "tpr_mean": 0.3365238044595696,
            "tpr_std": 0.03223578718160515
        },
        "fpr_0.03": {
            "f1": [
                0.5874166849776606,
                0.5597789560152341,
                0.6297690941385435
            ],
            "tpr": [
                0.4264596405402531,
                0.398596192704456,
                0.47133893438264385
            ],
            "f1_mean": 0.5923215783771462,
            "f1_std": 0.028783077702882073,
            "tpr_mean": 0.4321315892091177,
            "tpr_std": 0.029966702276488674
        },
        "fpr_0.1": {
            "f1": [
                0.7102402022756004,
                0.7076630778974033,
                0.7231885871605557
            ],
            "tpr": [
                0.5974688929065192,
                0.5941720727427416,
                0.6145910879506541
            ],
            "f1_mean": 0.7136972891111865,
            "f1_std": 0.006793327437598564,
            "tpr_mean": 0.6020773511999716,
            "tpr_std": 0.008950324440939114
        },
        "auc": [
            0.8847167065728011,
            0.8779769559015026,
            0.8923556341046748
        ]
    }
}