{
    "0.0001": {
        "tpr": [
            0.0,
            0.0,
            0.0
        ],
        "f1": [
            0.0,
            0.0,
            0.0
        ],
        "tpr_avg": 0.0,
        "tpr_std": 0.0,
        "f1_avg": 0.0,
        "f1_std": 0.0
    },
    "0.0003": {
        "tpr": [
            0.9213885974116824,
            0.9008743806470417,
            0.9347547103774135
        ],
        "f1": [
            0.9590425047783745,
            0.947794489673888,
            0.9662189662189663
        ],
        "tpr_avg": 0.9190058961453792,
        "tpr_std": 0.013933822989474475,
        "f1_avg": 0.9576853202237429,
        "f1_std": 0.0075827346178245734
    },
    "0.001": {
        "tpr": [
            0.9557537600559636,
            0.963509180996794,
            0.9749460421163157
        ],
        "f1": [
            0.9771433680007151,
            0.9811824765522972,
            0.9870808663940115
        ],
        "tpr_avg": 0.9647363277230244,
        "tpr_std": 0.007883118650500473,
        "f1_avg": 0.9818022369823413,
        "f1_std": 0.004080567429674323
    },
    "0.003": {
        "tpr": [
            0.9800921067972485,
            0.9800349752258817,
            0.9874584378463512
        ],
        "f1": [
            0.9892324438822041,
            0.9892033419628148,
            0.9929756126175008
        ],
        "tpr_avg": 0.9825285066231605,
        "tpr_std": 0.0034860658248858133,
        "f1_avg": 0.9904704661541732,
        "f1_std": 0.0017714458938900654
    },
    "0.01": {
        "tpr": [
            0.9949282966072053,
            0.9950743223549986,
            0.9953333722218981
        ],
        "f1": [
            0.995073317202577,
            0.9951468337827007,
            0.9955221050482067
        ],
        "tpr_avg": 0.9951119970613673,
        "tpr_std": 0.00016750343484969854,
        "f1_avg": 0.9952474186778281,
        "f1_std": 0.00019653773758422288
    },
    "0.03": {
        "tpr": [
            0.9979888072752711,
            0.998396968813757,
            0.9987750102082482
        ],
        "f1": [
            0.9920178475713106,
            0.9921221073362875,
            0.9922489604914304
        ],
        "tpr_avg": 0.9983869287657589,
        "tpr_std": 0.00032104450872978593,
        "f1_avg": 0.9921296384663428,
        "f1_std": 9.450161868633905e-05
    },
    "0.1": {
        "tpr": [
            0.9997376705141658,
            0.9995628096764791,
            0.9995333372221898
        ],
        "f1": [
            0.9764978860909052,
            0.9768011506857118,
            0.976367184717731
        ],
        "tpr_avg": 0.9996112724709448,
        "tpr_std": 9.018316689941988e-05,
        "f1_avg": 0.9765554071647826,
        "f1_std": 0.0001817748071954292
    },
    "auc": [
        0.9995847992108865,
        0.9995333250568869,
        0.9996293853639894
    ],
    "auc_avg": 0.9995825032105876,
    "auc_std": 3.925004767034942e-05,
    "epoch_time_avg": 0.027619220391909283
}