{
    "0.0001": {
        "tpr": [
            0.0,
            0.0,
            0.0
        ],
        "f1": [
            0.0,
            0.0,
            0.0
        ],
        "tpr_avg": 0.0,
        "tpr_std": 0.0,
        "f1_avg": 0.0,
        "f1_std": 0.0
    },
    "0.0003": {
        "tpr": [
            0.0,
            0.0,
            0.0
        ],
        "f1": [
            0.0,
            0.0,
            0.0
        ],
        "tpr_avg": 0.0,
        "tpr_std": 0.0,
        "f1_avg": 0.0,
        "f1_std": 0.0
    },
    "0.001": {
        "tpr": [
            0.0,
            0.0,
            0.0
        ],
        "f1": [
            0.0,
            0.0,
            0.0
        ],
        "tpr_avg": 0.0,
        "tpr_std": 0.0,
        "f1_avg": 0.0,
        "f1_std": 0.0
    },
    "0.003": {
        "tpr": [
            0.9199136724218385,
            0.9308715435771788,
            0.9489106373063032
        ],
        "f1": [
            0.957646415884871,
            0.9634996829997283,
            0.9730876071567252
        ],
        "tpr_avg": 0.9332319511017735,
        "tpr_std": 0.011955044566746483,
        "f1_avg": 0.9647445686804416,
        "f1_std": 0.00636500339052174
    },
    "0.01": {
        "tpr": [
            0.9643607092860476,
            0.972523626181309,
            0.9759990679249679
        ],
        "f1": [
            0.9794721407624634,
            0.9836849092786546,
            0.9854714428563024
        ],
        "tpr_avg": 0.9709611344641083,
        "tpr_std": 0.004878106410399712,
        "f1_avg": 0.9828761642991402,
        "f1_std": 0.0025150822033885565
    },
    "0.03": {
        "tpr": [
            0.9846010265982268,
            0.9871660249679151,
            0.9886403355470116
        ],
        "f1": [
            0.9851181791654509,
            0.9864179539492859,
            0.9872026060147753
        ],
        "tpr_avg": 0.9868024623710512,
        "tpr_std": 0.001668959260000485,
        "f1_avg": 0.986246246376504,
        "f1_std": 0.0008595818520106592
    },
    "0.1": {
        "tpr": [
            0.9953336444237051,
            0.994866409987166,
            0.9965047186298497
        ],
        "f1": [
            0.9743619025866499,
            0.9745978226705146,
            0.974950842096264
        ],
        "tpr_avg": 0.9955682576802403,
        "tpr_std": 0.0006891039289200266,
        "f1_avg": 0.9746368557844761,
        "f1_std": 0.0002420125678352084
    },
    "auc": [
        0.9969133081037228,
        0.997165746076283,
        0.997813909215818
    ],
    "auc_avg": 0.9972976544652746,
    "auc_std": 0.0003793155749430392
}