{
    "0.0001": {
        "tpr": [
            0.9473300687886207,
            0.86041970271058,
            0.8800093332555562
        ],
        "f1": [
            0.9729381829067505,
            0.9249737588319156,
            0.9361754941202023
        ],
        "tpr_avg": 0.8959197015849191,
        "tpr_std": 0.03722192721355477,
        "f1_avg": 0.9446958119529562,
        "f1_std": 0.020487286402156957
    },
    "0.0003": {
        "tpr": [
            0.9494287046752944,
            0.9245409501603031,
            0.9151840401329989
        ],
        "f1": [
            0.9740147120387536,
            0.9607329446505641,
            0.9556702757854021
        ],
        "tpr_avg": 0.9297178983228654,
        "tpr_std": 0.014451640197845603,
        "f1_avg": 0.96347264415824,
        "f1_std": 0.007735590923671708
    },
    "0.001": {
        "tpr": [
            0.9681706890521161,
            0.9660740308947828,
            0.9585545120457329
        ],
        "f1": [
            0.9836385981017812,
            0.9825112639317051,
            0.9787075640262061
        ],
        "tpr_avg": 0.9642664106642106,
        "tpr_std": 0.0041286263436324305,
        "f1_avg": 0.9816191420198974,
        "f1_std": 0.0021096106106366793
    },
    "0.003": {
        "tpr": [
            0.9802961408417862,
            0.9759836782279219,
            0.9737502187481771
        ],
        "f1": [
            0.9893510619521092,
            0.9871324342250717,
            0.9860011813349084
        ],
        "tpr_avg": 0.9766766792726284,
        "tpr_std": 0.0027169175978024574,
        "f1_avg": 0.9874948925040298,
        "f1_std": 0.0013913918787466708
    },
    "0.01": {
        "tpr": [
            0.9849889238661537,
            0.9857475954532207,
            0.9862334480545996
        ],
        "f1": [
            0.9901114838634066,
            0.9904385386924373,
            0.9906832298136646
        ],
        "tpr_avg": 0.9856566557913246,
        "tpr_std": 0.0005121279986396966,
        "f1_avg": 0.9904110841231696,
        "f1_std": 0.00023422022818900262
    },
    "0.03": {
        "tpr": [
            0.993937274105165,
            0.9936170212765958,
            0.9934958875342705
        ],
        "f1": [
            0.9898690818311127,
            0.9897945851781956,
            0.9898006625210671
        ],
        "tpr_avg": 0.9936833943053438,
        "tpr_std": 0.00018620698241539495,
        "f1_avg": 0.9898214431767918,
        "f1_std": 3.377686153982604e-05
    },
    "0.1": {
        "tpr": [
            0.9993004547044421,
            0.9991839113960944,
            0.9988041766318614
        ],
        "f1": [
            0.9764461279940758,
            0.9764447862371471,
            0.9760581445061992
        ],
        "tpr_avg": 0.9990961809107993,
        "tpr_std": 0.00021188905881567305,
        "f1_avg": 0.9763163529124741,
        "f1_std": 0.00018258173673026826
    },
    "auc": [
        0.9993628806766419,
        0.9993414871164958,
        0.999323514342715
    ],
    "auc_avg": 0.9993426273786176,
    "auc_std": 1.6091451353440766e-05,
    "epoch_time_avg": 0.02878260403474172
}