{
    "0.0001": {
        "tpr": [
            0.0,
            0.7173025317932563,
            0.0
        ],
        "f1": [
            0.0,
            0.8353828385080508,
            0.0
        ],
        "tpr_avg": 0.23910084393108544,
        "tpr_std": 0.3381396562621938,
        "f1_avg": 0.2784609461693503,
        "f1_std": 0.39380324666393945
    },
    "0.0003": {
        "tpr": [
            0.7526831544563696,
            0.8208493758021235,
            0.512233484795526
        ],
        "f1": [
            0.8588352745424293,
            0.9015537401890117,
            0.6774007164593043
        ],
        "tpr_avg": 0.6952553383513397,
        "tpr_std": 0.13237423614483765,
        "f1_avg": 0.8125965770635818,
        "f1_std": 0.0971756395063357
    },
    "0.001": {
        "tpr": [
            0.841693887074195,
            0.8574845408937114,
            0.8086915996737737
        ],
        "f1": [
            0.9138406003609766,
            0.9230431096737732,
            0.8939979392065944
        ],
        "tpr_avg": 0.83595667588056,
        "tpr_std": 0.020328542699586248,
        "f1_avg": 0.9102938830804481,
        "f1_std": 0.012119952818056364
    },
    "0.003": {
        "tpr": [
            0.9269132057862809,
            0.9421304398553261,
            0.8730630315740417
        ],
        "f1": [
            0.9613720923197918,
            0.96950414215392,
            0.9315349473226219
        ],
        "tpr_avg": 0.9140355590718828,
        "tpr_std": 0.02963052548019851,
        "f1_avg": 0.9541370605987779,
        "f1_std": 0.016323279940774305
    },
    "0.01": {
        "tpr": [
            0.9663439104059729,
            0.9729903161824758,
            0.9676103926366072
        ],
        "f1": [
            0.9804989198946528,
            0.9839247264253901,
            0.9811565951916829
        ],
        "tpr_avg": 0.9689815397416853,
        "tpr_std": 0.0028814013632612575,
        "f1_avg": 0.9818600805039086,
        "f1_std": 0.001484409261827433
    },
    "0.03": {
        "tpr": [
            0.9820345310312646,
            0.9855909462139774,
            0.9836886869392986
        ],
        "f1": [
            0.9838709677419355,
            0.9857347063799995,
            0.9854108309990662
        ],
        "tpr_avg": 0.9837713880615135,
        "tpr_std": 0.001453077617717921,
        "f1_avg": 0.9850055017070004,
        "f1_std": 0.0008130597780434497
    },
    "0.1": {
        "tpr": [
            0.9944003733084461,
            0.9950997549877494,
            0.9951648607712921
        ],
        "f1": [
            0.9739766332447797,
            0.9742418184933462,
            0.9743896874287018
        ],
        "tpr_avg": 0.9948883296891625,
        "tpr_std": 0.0003460594966900668,
        "f1_avg": 0.9742027130556092,
        "f1_std": 0.00017088078916668677
    },
    "auc": [
        0.9973547540141314,
        0.9980767283029928,
        0.9972603299956071
    ],
    "auc_avg": 0.9975639374375772,
    "auc_std": 0.0003646412186966651
}