{
    "0.0001": {
        "tpr": [
            0.0,
            0.0,
            0.0
        ],
        "f1": [
            0.0,
            0.0,
            0.0
        ],
        "tpr_avg": 0.0,
        "tpr_std": 0.0,
        "f1_avg": 0.0,
        "f1_std": 0.0
    },
    "0.0003": {
        "tpr": [
            0.0,
            0.0,
            0.9646794610044916
        ],
        "f1": [
            0.0,
            0.0,
            0.9819639278557115
        ],
        "tpr_avg": 0.32155982033483055,
        "tpr_std": 0.45475425903177313,
        "f1_avg": 0.32732130928523717,
        "f1_std": 0.4629022348449009
    },
    "0.001": {
        "tpr": [
            0.0,
            0.9810550859807636,
            0.9777168523595636
        ],
        "f1": [
            0.0,
            0.9902038655017208,
            0.9884996461429583
        ],
        "tpr_avg": 0.6529239794467757,
        "tpr_std": 0.4616889848901803,
        "f1_avg": 0.659567837214893,
        "f1_std": 0.46638540929661343
    },
    "0.003": {
        "tpr": [
            0.0,
            0.9910521713786068,
            0.9895584203464971
        ],
        "f1": [
            0.0,
            0.9947924285421725,
            0.9940523277958453
        ],
        "tpr_avg": 0.6602035305750347,
        "tpr_std": 0.46683479173460785,
        "f1_avg": 0.6629482521126726,
        "f1_std": 0.4687753020170143
    },
    "0.01": {
        "tpr": [
            0.0,
            0.9972311279510346,
            0.9971416904859126
        ],
        "f1": [
            0.0,
            0.9962438853948288,
            0.9962119004603998
        ],
        "tpr_avg": 0.6647909394789825,
        "tpr_std": 0.4700781827950014,
        "f1_avg": 0.6641519286184095,
        "f1_std": 0.4696263326457349
    },
    "0.03": {
        "tpr": [
            0.0,
            0.9987175750510056,
            0.9983666802776644
        ],
        "f1": [
            0.0,
            0.9922538983885213,
            0.9921020215926384
        ],
        "tpr_avg": 0.6656947517762233,
        "tpr_std": 0.4707172949790502,
        "f1_avg": 0.6614519733270532,
        "f1_std": 0.46771717987856
    },
    "0.1": {
        "tpr": [
            0.0,
            0.9998251238705916,
            0.9997666686110949
        ],
        "f1": [
            0.0,
            0.9768905469094845,
            0.9772354710418656
        ],
        "tpr_avg": 0.6665305974938955,
        "tpr_std": 0.4713083059604271,
        "f1_avg": 0.6513753393171168,
        "f1_std": 0.4605919410541403
    },
    "auc": [
        0.5,
        0.9995938224190929,
        0.9996935727529733
    ],
    "auc_avg": 0.8330957983906887,
    "auc_std": 0.2355343013472136,
    "epoch_time_avg": 76.16538846492767
}