{
    "0.0001": {
        "tpr": [
            0.6264719598927364,
            0.5321189157679976,
            0.5577495187540104
        ],
        "f1": [
            0.7703308125156804,
            0.6946050829401917,
            0.7160831304999062
        ],
        "tpr_avg": 0.5721134648049148,
        "tpr_std": 0.039836051038527026,
        "f1_avg": 0.7270063419852595,
        "f1_std": 0.031865173693760844
    },
    "0.0003": {
        "tpr": [
            0.8076541914422292,
            0.6573010784027981,
            0.64971125240623
        ],
        "f1": [
            0.89353606036665,
            0.7931628741251363,
            0.7876109323621964
        ],
        "tpr_avg": 0.704888840750419,
        "tpr_std": 0.07273210818601177,
        "f1_avg": 0.8247699556179943,
        "f1_std": 0.04867777649031841
    },
    "0.001": {
        "tpr": [
            0.8544945785239594,
            0.8332264645875838,
            0.8527970600244998
        ],
        "f1": [
            0.9213073538654933,
            0.9087961344056966,
            0.9203191640043438
        ],
        "tpr_avg": 0.8468393677120143,
        "tpr_std": 0.009650690506222874,
        "f1_avg": 0.9168075507585112,
        "f1_std": 0.005679273649803519
    },
    "0.003": {
        "tpr": [
            0.8934942287513117,
            0.8994170795686389,
            0.9119757335355538
        ],
        "f1": [
            0.943040408546246,
            0.9463338342175474,
            0.9532490892184808
        ],
        "tpr_avg": 0.9016290139518347,
        "tpr_std": 0.007705452401131921,
        "f1_avg": 0.9475411106607581,
        "f1_std": 0.004254207922724958
    },
    "0.01": {
        "tpr": [
            0.9252069488166026,
            0.9428737977266103,
            0.9432129732252231
        ],
        "f1": [
            0.9587845287179255,
            0.9682150125703339,
            0.9683929988471156
        ],
        "tpr_avg": 0.9370979065894787,
        "tpr_std": 0.008409316958863992,
        "f1_avg": 0.9651308467117916,
        "f1_std": 0.00448811273165999
    },
    "0.03": {
        "tpr": [
            0.9568905211612452,
            0.9691343631594287,
            0.9726418946508779
        ],
        "f1": [
            0.9708413425994382,
            0.9771945807740913,
            0.9789951120701044
        ],
        "tpr_avg": 0.9662222596571839,
        "tpr_std": 0.006752120743801703,
        "f1_avg": 0.9756770118145447,
        "f1_std": 0.00349745152984536
    },
    "0.1": {
        "tpr": [
            0.9865629007811589,
            0.9892742640629554,
            0.9908417429854751
        ],
        "f1": [
            0.9699114537066222,
            0.9712143756438137,
            0.972044979827749
        ],
        "tpr_avg": 0.9888929692765297,
        "tpr_std": 0.0017675146275633906,
        "f1_avg": 0.9710569363927283,
        "f1_std": 0.0008780940593957874
    },
    "auc": [
        0.9946375675054616,
        0.9959038556050674,
        0.9960272204483326
    ],
    "auc_avg": 0.9955228811862873,
    "auc_std": 0.0006280339461266856,
    "epoch_time_avg": 76.93789131111569
}