{
    "0.0001": {
        "tpr": [
            0.0,
            0.0,
            0.0
        ],
        "f1": [
            0.0,
            0.0,
            0.0
        ],
        "tpr_avg": 0.0,
        "tpr_std": 0.0,
        "f1_avg": 0.0,
        "f1_std": 0.0
    },
    "0.0003": {
        "tpr": [
            0.0,
            0.8378315359953367,
            0.873767718602345
        ],
        "f1": [
            0.0,
            0.9117031398667934,
            0.9326028079569156
        ],
        "tpr_avg": 0.5705330848658939,
        "tpr_std": 0.40369448266400343,
        "f1_avg": 0.6147686492745698,
        "f1_std": 0.43479080650333324
    },
    "0.001": {
        "tpr": [
            0.9597469977847732,
            0.913582046050714,
            0.945312955725369
        ],
        "f1": [
            0.9792270746903393,
            0.9546070563871419,
            0.9716546999835114
        ],
        "tpr_avg": 0.939547333186952,
        "tpr_std": 0.019282677798024315,
        "f1_avg": 0.9684962770203308,
        "f1_std": 0.01029621458022973
    },
    "0.003": {
        "tpr": [
            0.9756033578174187,
            0.9733896823083649,
            0.9758210348247098
        ],
        "f1": [
            0.9869375479153152,
            0.9858019953952416,
            0.9870486193061128
        ],
        "tpr_avg": 0.9749380249834978,
        "tpr_std": 0.0010984442330266187,
        "f1_avg": 0.9865960542055565,
        "f1_std": 0.0005633123817459712
    },
    "0.01": {
        "tpr": [
            0.9915180132913606,
            0.9914019236374235,
            0.9913084057632853
        ],
        "f1": [
            0.9933565974098031,
            0.9932981938705486,
            0.9932493643882053
        ],
        "tpr_avg": 0.9914094475640232,
        "tpr_std": 8.573714115468368e-05,
        "f1_avg": 0.9933013852228524,
        "f1_std": 4.383582079678246e-05
    },
    "0.03": {
        "tpr": [
            0.9962399440363764,
            0.996881375692218,
            0.9963250306247448
        ],
        "f1": [
            0.9910116268955319,
            0.9915637502174293,
            0.9910354231338304
        ],
        "tpr_avg": 0.9964821167844464,
        "tpr_std": 0.00028444763836400365,
        "f1_avg": 0.9912036000822638,
        "f1_std": 0.000254849831775541
    },
    "0.1": {
        "tpr": [
            0.9986300571295325,
            0.9990964733313903,
            0.9988916759027008
        ],
        "f1": [
            0.9769318505845451,
            0.9763871482283241,
            0.976129740206068
        ],
        "tpr_avg": 0.9988727354545412,
        "tpr_std": 0.00019088403769695154,
        "f1_avg": 0.9764829130063125,
        "f1_std": 0.00033438843116206257
    },
    "auc": [
        0.9992073520060559,
        0.9992810704150756,
        0.9992759658979763
    ],
    "auc_avg": 0.9992547961063692,
    "auc_std": 3.3612706075851096e-05,
    "epoch_time_avg": 75.65950412220425
}