{
    "0.0001": {
        "tpr": [
            0.0,
            0.0,
            0.0
        ],
        "f1": [
            0.0,
            0.0,
            0.0
        ],
        "tpr_avg": 0.0,
        "tpr_std": 0.0,
        "f1_avg": 0.0,
        "f1_std": 0.0
    },
    "0.0003": {
        "tpr": [
            0.9674128483152618,
            0.9574468085106383,
            0.0
        ],
        "f1": [
            0.9833782702734734,
            0.9782026085402895,
            0.0
        ],
        "tpr_avg": 0.6416198856086334,
        "tpr_std": 0.45371201489761004,
        "f1_avg": 0.6538602929379209,
        "f1_std": 0.46235387520761045
    },
    "0.001": {
        "tpr": [
            0.9813746065057712,
            0.9792771786651122,
            0.9836668027766435
        ],
        "f1": [
            0.9903666553909961,
            0.989297018770703,
            0.9915328982183808
        ],
        "tpr_avg": 0.9814395293158423,
        "tpr_std": 0.0017926444504483552,
        "f1_avg": 0.9903988574600265,
        "f1_std": 0.0009130779287933597
    },
    "0.003": {
        "tpr": [
            0.9940538649877579,
            0.9915476537452638,
            0.9923000641661319
        ],
        "f1": [
            0.9963044653160193,
            0.995042337559777,
            0.9954356603663175
        ],
        "tpr_avg": 0.9926338609663846,
        "tpr_std": 0.0010500282300634307,
        "f1_avg": 0.995594154414038,
        "f1_std": 0.0005273088220018381
    },
    "0.01": {
        "tpr": [
            0.9974932960242509,
            0.9977266103176916,
            0.9974625211456571
        ],
        "f1": [
            0.9964041868658193,
            0.9965067536096879,
            0.9964162927568324
        ],
        "tpr_avg": 0.9975608091625331,
        "tpr_std": 0.00011791039133458091,
        "f1_avg": 0.9964424110774465,
        "f1_std": 4.5764682458025954e-05
    },
    "0.03": {
        "tpr": [
            0.9988923866153667,
            0.9990673273098222,
            0.9986875109374088
        ],
        "f1": [
            0.9923122584007761,
            0.9927307480668424,
            0.992205157925239
        ],
        "tpr_avg": 0.9988824082875326,
        "tpr_std": 0.0001552198321909596,
        "f1_avg": 0.9924160547976192,
        "f1_std": 0.00022677671578869905
    },
    "0.1": {
        "tpr": [
            0.9997668182348141,
            0.9998542698921598,
            0.9998833343055474
        ],
        "f1": [
            0.9767210080444223,
            0.9791357460897363,
            0.9778791984596734
        ],
        "tpr_avg": 0.9998348074775071,
        "tpr_std": 4.951826513432909e-05,
        "f1_avg": 0.9779119841979439,
        "f1_std": 0.0009860852347700249
    },
    "auc": [
        0.999773143442652,
        0.9997916301440242,
        0.9996028388699556
    ],
    "auc_avg": 0.999722537485544,
    "auc_std": 8.497551985611961e-05,
    "epoch_time_avg": 73.66887168089549
}