{
    "0.0001": {
        "tpr": [
            0.0,
            0.0,
            0.0
        ],
        "f1": [
            0.0,
            0.0,
            0.0
        ],
        "tpr_avg": 0.0,
        "tpr_std": 0.0,
        "f1_avg": 0.0,
        "f1_std": 0.0
    },
    "0.0003": {
        "tpr": [
            0.0,
            0.0,
            0.0
        ],
        "f1": [
            0.0,
            0.0,
            0.0
        ],
        "tpr_avg": 0.0,
        "tpr_std": 0.0,
        "f1_avg": 0.0,
        "f1_std": 0.0
    },
    "0.001": {
        "tpr": [
            0.0,
            0.0,
            0.0
        ],
        "f1": [
            0.0,
            0.0,
            0.0
        ],
        "tpr_avg": 0.0,
        "tpr_std": 0.0,
        "f1_avg": 0.0,
        "f1_std": 0.0
    },
    "0.003": {
        "tpr": [
            0.0,
            0.0,
            0.0
        ],
        "f1": [
            0.0,
            0.0,
            0.0
        ],
        "tpr_avg": 0.0,
        "tpr_std": 0.0,
        "f1_avg": 0.0,
        "f1_std": 0.0
    },
    "0.01": {
        "tpr": [
            0.0,
            0.9764904911912262,
            0.9673773738785972
        ],
        "f1": [
            0.0,
            0.9857197538497777,
            0.9810362143321322
        ],
        "tpr_avg": 0.6479559550232744,
        "tpr_std": 0.45818915450890746,
        "f1_avg": 0.6555853227273033,
        "f1_std": 0.4635727705673261
    },
    "0.03": {
        "tpr": [
            0.0,
            0.9901995099754988,
            0.9902132121635792
        ],
        "f1": [
            0.0,
            0.9879518072289156,
            0.9879973262809147
        ],
        "tpr_avg": 0.6601375740463593,
        "tpr_std": 0.4667877551577354,
        "f1_avg": 0.6586497111699434,
        "f1_std": 0.4657356775655647
    },
    "0.1": {
        "tpr": [
            0.0,
            0.9956831174892078,
            0.9959221717348247
        ],
        "f1": [
            0.0,
            0.9750357040845473,
            0.9746586471309255
        ],
        "tpr_avg": 0.6638684297413442,
        "tpr_std": 0.4694258786305967,
        "f1_avg": 0.6498981170718242,
        "f1_std": 0.4595473914430107
    },
    "auc": [
        0.5,
        0.9957559616310303,
        0.996198216218557
    ],
    "auc_avg": 0.8306513926165291,
    "auc_std": 0.23380591164000053
}