{
    "0.0001": {
        "tpr": [
            0.0,
            0.0,
            0.0
        ],
        "f1": [
            0.0,
            0.0,
            0.0
        ],
        "tpr_avg": 0.0,
        "tpr_std": 0.0,
        "f1_avg": 0.0,
        "f1_std": 0.0
    },
    "0.0003": {
        "tpr": [
            0.0,
            0.0,
            0.0
        ],
        "f1": [
            0.0,
            0.0,
            0.0
        ],
        "tpr_avg": 0.0,
        "tpr_std": 0.0,
        "f1_avg": 0.0,
        "f1_std": 0.0
    },
    "0.001": {
        "tpr": [
            0.0,
            0.8777855559444638,
            0.0
        ],
        "f1": [
            0.0,
            0.9346833555921359,
            0.0
        ],
        "tpr_avg": 0.29259518531482126,
        "tpr_std": 0.41379207935728934,
        "f1_avg": 0.31156111853071194,
        "f1_std": 0.4406139593342643
    },
    "0.003": {
        "tpr": [
            0.938987400839944,
            0.9421304398553261,
            0.9232203192356985
        ],
        "f1": [
            0.9678350267540432,
            0.96950414215392,
            0.9593801077547067
        ],
        "tpr_avg": 0.9347793866436561,
        "tpr_std": 0.008273600710264596,
        "f1_avg": 0.96557309222089,
        "f1_std": 0.00443180016120739
    },
    "0.01": {
        "tpr": [
            0.968560429304713,
            0.9702485124256213,
            0.965163695677502
        ],
        "f1": [
            0.9816730712385456,
            0.9825141776937618,
            0.9798911757747811
        ],
        "tpr_avg": 0.9679908791359454,
        "tpr_std": 0.0021145733827489964,
        "f1_avg": 0.981359474902363,
        "f1_std": 0.0010935543770337567
    },
    "0.03": {
        "tpr": [
            0.9856509566028931,
            0.9852409287131023,
            0.9865431667249214
        ],
        "f1": [
            0.9856797036777787,
            0.9854421332088573,
            0.9861410353461829
        ],
        "tpr_avg": 0.985811684013639,
        "tpr_std": 0.0005436487440007557,
        "f1_avg": 0.985754290744273,
        "f1_std": 0.00029015911985867253
    },
    "0.1": {
        "tpr": [
            0.9952753149790013,
            0.9938746937346867,
            0.9944075498077595
        ],
        "f1": [
            0.9747222301562366,
            0.9735150424273592,
            0.9738981600342319
        ],
        "tpr_avg": 0.9945191861738159,
        "tpr_std": 0.0005772243793511961,
        "f1_avg": 0.9740451442059426,
        "f1_std": 0.0005036723890507577
    },
    "auc": [
        0.9972855196841752,
        0.9973360180620878,
        0.9970879432350522
    ],
    "auc_avg": 0.9972364936604384,
    "auc_std": 0.000107044984951081
}