{
    "0.0001": {
        "tpr": [
            0.31241250583294444,
            0.6657332866643332,
            0.5496912501456367
        ],
        "f1": [
            0.47608888888888884,
            0.7993275898297962,
            0.7094203443350123
        ],
        "tpr_avg": 0.5092790142143048,
        "tpr_std": 0.14704592287570753,
        "f1_avg": 0.6616122743512324,
        "f1_std": 0.1362229131807417
    },
    "0.0003": {
        "tpr": [
            0.35341810545963603,
            0.7191109555477774,
            0.641675404870092
        ],
        "f1": [
            0.5222150398620987,
            0.8365511859115742,
            0.7816768974204307
        ],
        "tpr_avg": 0.5714014886258352,
        "tpr_std": 0.15734597257768326,
        "f1_avg": 0.7134810410647011,
        "f1_std": 0.13708831532112856
    },
    "0.001": {
        "tpr": [
            0.7946803546430238,
            0.7808890444522226,
            0.8480717697774671
        ],
        "f1": [
            0.8853652196516767,
            0.8767356562745612,
            0.9175595613261062
        ],
        "tpr_avg": 0.8078803896242378,
        "tpr_std": 0.0289719443388573,
        "f1_avg": 0.8932201457507815,
        "f1_std": 0.01756744534512985
    },
    "0.003": {
        "tpr": [
            0.8468852076528232,
            0.8805856959514642,
            0.8807526505883724
        ],
        "f1": [
            0.9164010477482878,
            0.9358048417593998,
            0.9359002135627844
        ],
        "tpr_avg": 0.8694078513975532,
        "tpr_std": 0.015926059973132466,
        "f1_avg": 0.9293687010234907,
        "f1_std": 0.009169598229825568
    },
    "0.01": {
        "tpr": [
            0.9046313579094727,
            0.9222377785555944,
            0.9245601770942561
        ],
        "f1": [
            0.9475484954941193,
            0.9571640480731389,
            0.9584226576889399
        ],
        "tpr_avg": 0.9171431045197744,
        "tpr_std": 0.008897798835419603,
        "f1_avg": 0.9543784004187327,
        "f1_std": 0.004856729043343888
    },
    "0.03": {
        "tpr": [
            0.9428371441903873,
            0.9536810173842025,
            0.9612023767913317
        ],
        "f1": [
            0.9634618823389164,
            0.9691723974389376,
            0.97310686482661
        ],
        "tpr_avg": 0.9525735127886406,
        "tpr_std": 0.0075383626402374055,
        "f1_avg": 0.9685803815348213,
        "f1_std": 0.003959737695018375
    },
    "0.1": {
        "tpr": [
            0.9816262249183387,
            0.9847159024617897,
            0.9846790166608412
        ],
        "f1": [
            0.9673506926481577,
            0.9689733360121695,
            0.9690420225878577
        ],
        "tpr_avg": 0.9836737146803233,
        "tpr_std": 0.0014478722053762054,
        "f1_avg": 0.9684553504160616,
        "f1_std": 0.000781614162940108
    },
    "auc": [
        0.99284469116458,
        0.9939510311075697,
        0.9941190262313865
    ],
    "auc_avg": 0.9936382495011786,
    "auc_std": 0.000565306238892146
}