{
    "0.0001": {
        "tpr": [
            0.0,
            0.0,
            0.0
        ],
        "f1": [
            0.0,
            0.0,
            0.0
        ],
        "tpr_avg": 0.0,
        "tpr_std": 0.0,
        "f1_avg": 0.0,
        "f1_std": 0.0
    },
    "0.0003": {
        "tpr": [
            0.0,
            0.0,
            0.0
        ],
        "f1": [
            0.0,
            0.0,
            0.0
        ],
        "tpr_avg": 0.0,
        "tpr_std": 0.0,
        "f1_avg": 0.0,
        "f1_std": 0.0
    },
    "0.001": {
        "tpr": [
            0.0,
            0.0,
            0.0
        ],
        "f1": [
            0.0,
            0.0,
            0.0
        ],
        "tpr_avg": 0.0,
        "tpr_std": 0.0,
        "f1_avg": 0.0,
        "f1_std": 0.0
    },
    "0.003": {
        "tpr": [
            0.9414372375174989,
            0.9406136973515342,
            0.0
        ],
        "f1": [
            0.9691947396865429,
            0.9686993091018323,
            0.0
        ],
        "tpr_avg": 0.627350311623011,
        "tpr_std": 0.4436037869350817,
        "f1_avg": 0.6459646829294584,
        "f1_std": 0.4567660524871077
    },
    "0.01": {
        "tpr": [
            0.9727018198786748,
            0.9735153424337883,
            0.9750669928929279
        ],
        "f1": [
            0.9837767683322517,
            0.9841943854682708,
            0.9849938209851115
        ],
        "tpr_avg": 0.9737613850684635,
        "tpr_std": 0.0009811264208028946,
        "f1_avg": 0.984321658261878,
        "f1_std": 0.0005049442628995033
    },
    "0.03": {
        "tpr": [
            0.9872258516098926,
            0.9884494224711236,
            0.9894559012000466
        ],
        "f1": [
            0.9865065718532335,
            0.9870674589304439,
            0.9876435528419829
        ],
        "tpr_avg": 0.988377058427021,
        "tpr_std": 0.0009118507589131029,
        "f1_avg": 0.98707252787522,
        "f1_std": 0.00046418438351243706
    },
    "0.1": {
        "tpr": [
            0.9953336444237051,
            0.9950414187376035,
            0.9958639170453222
        ],
        "f1": [
            0.9745010136775077,
            0.9742403472698195,
            0.9750185364740774
        ],
        "tpr_avg": 0.9954129934022102,
        "tpr_std": 0.00034043899291196135,
        "f1_avg": 0.9745866324738016,
        "f1_std": 0.00032341154701609736
    },
    "auc": [
        0.9969596804374039,
        0.9967518655093854,
        0.9956760919759583
    ],
    "auc_avg": 0.9964625459742492,
    "auc_std": 0.0005625413641962428
}