{
    "0.0001": {
        "tpr": [
            0.05061434072987346,
            0.0,
            0.0
        ],
        "f1": [
            0.09635189387327632,
            0.0,
            0.0
        ],
        "tpr_avg": 0.01687144690995782,
        "f1_avg": 0.03211729795775877
    },
    "0.001": {
        "tpr": [
            0.10164129836787089,
            0.10853954169144216,
            0.058428506167199634
        ],
        "f1": [
            0.18446561550942298,
            0.19575977561458505,
            0.1103680372783363
        ],
        "tpr_avg": 0.08953644874217088,
        "f1_avg": 0.16353114280078143
    },
    "0.01": {
        "tpr": [
            0.32142857142857145,
            0.2694964094589032,
            0.23156692553677477
        ],
        "f1": [
            0.4850560398505604,
            0.4232758620689655,
            0.37488444329401327
        ],
        "tpr_avg": 0.2741639688080831,
        "f1_avg": 0.4277387817378464
    },
    "0.1": {
        "tpr": [
            0.5225105446543187,
            0.4609157023281343,
            0.5020100502512563
        ],
        "f1": [
            0.6691521841240018,
            0.6146386093321133,
            0.6516634050880626
        ],
        "tpr_avg": 0.4951454324112364,
        "f1_avg": 0.645151399514726
    },
    "epoch_time_avg": 59.7071811887953
}