{
    "0.0001": {
        "tpr": [
            0.0,
            0.0,
            0.0007309273640931932
        ],
        "f1": [
            0.0,
            0.0,
            0.001460786998995709
        ],
        "tpr_avg": 0.00024364245469773107,
        "f1_avg": 0.00048692899966523636
    },
    "0.001": {
        "tpr": [
            0.0,
            0.0,
            0.0219278209227958
        ],
        "f1": [
            0.0,
            0.0,
            0.04289927607471625
        ],
        "tpr_avg": 0.007309273640931933,
        "f1_avg": 0.014299758691572082
    },
    "0.01": {
        "tpr": [
            4.5846323124885384e-05,
            0.0,
            0.13864778437642758
        ],
        "f1": [
            9.142439202779301e-05,
            0.0,
            0.24271262345555594
        ],
        "tpr_avg": 0.046231210233184154,
        "f1_avg": 0.08093468261586124
    },
    "0.1": {
        "tpr": [
            0.18269759765266824,
            0.0951379042217445,
            0.4987208771128369
        ],
        "f1": [
            0.29911803340213916,
            0.16780283167278448,
            0.6487787484400072
        ],
        "tpr_avg": 0.2588521263290832,
        "f1_avg": 0.37189987117164364
    },
    "epoch_time_avg": 85.463981045617
}