{
    "auc": [
        0.9931991046941396,
        0.9930517743848026,
        0.9927286785878039
    ],
    "auc_avg": 0.9929931858889153,
    "auc_std": 0.00019646821501759356
}