{
    "0.0001": {
        "tpr": [
            0.0,
            0.5368685100921713,
            0.0
        ],
        "f1": [
            0.0,
            0.69865249572974,
            0.0
        ],
        "tpr_avg": 0.17895617003072375,
        "tpr_std": 0.25308224272779517,
        "f1_avg": 0.23288416524324665,
        "f1_std": 0.32934794494893643
    },
    "0.0003": {
        "tpr": [
            0.7712319178721418,
            0.8028234745070587,
            0.6509379005009903
        ],
        "f1": [
            0.8707850368809272,
            0.8905714100821847,
            0.7885117493472584
        ],
        "tpr_avg": 0.7416644309600636,
        "tpr_std": 0.06543691165038357,
        "f1_avg": 0.8499560654367903,
        "f1_std": 0.044192217458866145
    },
    "0.001": {
        "tpr": [
            0.90142323845077,
            0.8713102321782756,
            0.7878946755213795
        ],
        "f1": [
            0.9479236950254555,
            0.930997943028112,
            0.8811361933613473
        ],
        "tpr_avg": 0.853542715383475,
        "tpr_std": 0.04802046188861082,
        "f1_avg": 0.9200192771383048,
        "f1_std": 0.0283494964467134
    },
    "0.003": {
        "tpr": [
            0.9539780681287914,
            0.957181192392953,
            0.9197832925550506
        ],
        "f1": [
            0.9757479939146257,
            0.9774230058974205,
            0.9575184208132448
        ],
        "tpr_avg": 0.943647517692265,
        "tpr_std": 0.016925147607680414,
        "f1_avg": 0.9702298068750969,
        "f1_std": 0.009014281927242443
    },
    "0.01": {
        "tpr": [
            0.9764932337844143,
            0.9816240812040602,
            0.976698124198998
        ],
        "f1": [
            0.985721435510937,
            0.9883410178849372,
            0.9858293643793732
        ],
        "tpr_avg": 0.9782718130624909,
        "tpr_std": 0.0023718869127388347,
        "f1_avg": 0.9866306059250824,
        "f1_std": 0.0012102462461474712
    },
    "0.03": {
        "tpr": [
            0.9897923471768548,
            0.991599579978999,
            0.9924851450541768
        ],
        "f1": [
            0.9882359792673693,
            0.9886869274392904,
            0.9891717711266583
        ],
        "tpr_avg": 0.9912923574033435,
        "tpr_std": 0.0011205889479113942,
        "f1_avg": 0.9886982259444393,
        "f1_std": 0.0003821189545519941
    },
    "0.1": {
        "tpr": [
            0.9963252449836677,
            0.9964998249912496,
            0.9969125014563672
        ],
        "f1": [
            0.9747203834740926,
            0.9756125421211949,
            0.9752386379826187
        ],
        "tpr_avg": 0.9965791904770948,
        "tpr_std": 0.00024622713286647104,
        "f1_avg": 0.9751905211926354,
        "f1_std": 0.000365807947798245
    },
    "auc": [
        0.997962688966994,
        0.9983384194919289,
        0.9979730788538003
    ],
    "auc_avg": 0.9980913957709078,
    "auc_std": 0.0001747236417838649,
    "epoch_time_avg": 82.18471484714084
}