{
    "0.0001": {
        "tpr": [
            0.9313571178733823,
            0.9275429903818129,
            0.9003966633611387
        ],
        "f1": [
            0.9644441761492257,
            0.9623951009299161,
            0.9475735903496117
        ],
        "tpr_avg": 0.9197655905387779,
        "tpr_std": 0.013784130903325179,
        "f1_avg": 0.9581376224762512,
        "f1_std": 0.007516593128676487
    },
    "0.0003": {
        "tpr": [
            0.9755742100967705,
            0.9514718740891869,
            0.9422213148223765
        ],
        "f1": [
            0.987577823020861,
            0.9750742991980167,
            0.9701929574292365
        ],
        "tpr_avg": 0.9564224663361113,
        "tpr_std": 0.01405904639944579,
        "f1_avg": 0.9776150265493714,
        "f1_std": 0.007321195690830528
    },
    "0.001": {
        "tpr": [
            0.9867377871050483,
            0.9827747012532789,
            0.9878667677769352
        ],
        "f1": [
            0.9930915118001673,
            0.9910794327283414,
            0.9936922399882646
        ],
        "tpr_avg": 0.9857930853784208,
        "tpr_std": 0.002183518778570483,
        "f1_avg": 0.9926210615055912,
        "f1_std": 0.0011173429954217126
    },
    "0.003": {
        "tpr": [
            0.9904978430686721,
            0.9884581754590498,
            0.9947500437496354
        ],
        "f1": [
            0.9945126501704736,
            0.9934820500051265,
            0.9966977410210702
        ],
        "tpr_avg": 0.9912353540924523,
        "tpr_std": 0.002621048585225293,
        "f1_avg": 0.99489748039889,
        "f1_std": 0.0013407057609166576
    },
    "0.01": {
        "tpr": [
            0.995482103299522,
            0.9925386184785777,
            0.9981625153123724
        ],
        "f1": [
            0.9955836697809326,
            0.9947420692878425,
            0.9966944796353735
        ],
        "tpr_avg": 0.9953944123634907,
        "tpr_std": 0.0022967834282590503,
        "f1_avg": 0.9956734062347161,
        "f1_std": 0.0007995899009866621
    },
    "0.03": {
        "tpr": [
            0.9989798297773114,
            0.9993879335470708,
            0.9988041766318614
        ],
        "f1": [
            0.9936939157159217,
            0.9925893761760023,
            0.9931412496556123
        ],
        "tpr_avg": 0.9990573133187478,
        "tpr_std": 0.0002445346715823779,
        "f1_avg": 0.9931415138491788,
        "f1_std": 0.0004509264176189738
    },
    "0.1": {
        "tpr": [
            0.9999708522793518,
            0.999970853978432,
            0.9999125007291606
        ],
        "f1": [
            0.9772403577736,
            0.9769216532126027,
            0.9767932188902344
        ],
        "tpr_avg": 0.9999514023289815,
        "tpr_std": 2.7507585041079935e-05,
        "f1_avg": 0.976985076625479,
        "f1_std": 0.00018797196994943996
    },
    "auc": [
        0.9998682582236885,
        0.9998296169422822,
        0.9998675934710363
    ],
    "auc_avg": 0.9998551562123357,
    "auc_std": 1.8061030058649948e-05
}