{
    "0.0001": {
        "tpr": [
            0.8830884924798881,
            0.7600408044301953,
            0.0
        ],
        "f1": [
            0.9379005045970963,
            0.8636484069682718,
            0.0
        ],
        "tpr_avg": 0.5477097656366944,
        "tpr_std": 0.39053354436714366,
        "f1_avg": 0.6005163038551227,
        "f1_std": 0.4257097735135474
    },
    "0.0003": {
        "tpr": [
            0.9171330301970386,
            0.8949577382687263,
            0.0
        ],
        "f1": [
            0.95671739361783,
            0.9445093817286988,
            0.0
        ],
        "tpr_avg": 0.604030256155255,
        "tpr_std": 0.4272098224965211,
        "f1_avg": 0.6337422584488429,
        "f1_std": 0.44815116236708297
    },
    "0.001": {
        "tpr": [
            0.9623994403637636,
            0.9529874672107257,
            0.944058799510004
        ],
        "f1": [
            0.9806064565946958,
            0.9756949107022962,
            0.9709914504274786
        ],
        "tpr_avg": 0.9531485690281644,
        "tpr_std": 0.007488401791140519,
        "f1_avg": 0.9757642725748236,
        "f1_std": 0.00392561623195872
    },
    "0.003": {
        "tpr": [
            0.978139209513816,
            0.9782570679102303,
            0.9747418771510238
        ],
        "f1": [
            0.988235294117647,
            0.988295569983658,
            0.9864954615895505
        ],
        "tpr_avg": 0.9770460515250233,
        "tpr_std": 0.0016300076297875844,
        "f1_avg": 0.9876754418969519,
        "f1_std": 0.0008347348638528091
    },
    "0.01": {
        "tpr": [
            0.9920718199836773,
            0.9923637423491694,
            0.9910459079507671
        ],
        "f1": [
            0.9936357797629474,
            0.9937830185925687,
            0.9931314666510784
        ],
        "tpr_avg": 0.9918271567612046,
        "tpr_std": 0.000565135349408222,
        "f1_avg": 0.9935167550021982,
        "f1_std": 0.00027899241730255253
    },
    "0.03": {
        "tpr": [
            0.9967063075667483,
            0.9967064995628097,
            0.9966458612844893
        ],
        "f1": [
            0.9912168821380949,
            0.9913035916166623,
            0.9911963915357728
        ],
        "tpr_avg": 0.9966862228046823,
        "tpr_std": 2.8540012261694462e-05,
        "f1_avg": 0.9912389550968433,
        "f1_std": 4.646415081623211e-05
    },
    "0.1": {
        "tpr": [
            0.9989798297773114,
            0.9991256193529583,
            0.9990375080207665
        ],
        "f1": [
            0.976452656020741,
            0.9763183002719906,
            0.9768290770130184
        ],
        "tpr_avg": 0.9990476523836787,
        "tpr_std": 5.9949040392646006e-05,
        "f1_avg": 0.97653334443525,
        "f1_std": 0.00021618847482494588
    },
    "auc": [
        0.9994223727309682,
        0.9994124101068781,
        0.9992954178565365
    ],
    "auc_avg": 0.9993767335647942,
    "auc_std": 5.7642558217494115e-05,
    "epoch_time_avg": 0.025963410552342733
}