{
    "0.0001": {
        "tpr": [
            0.0,
            0.0,
            0.0
        ],
        "f1": [
            0.0,
            0.0,
            0.0
        ],
        "tpr_avg": 0.0,
        "tpr_std": 0.0,
        "f1_avg": 0.0,
        "f1_std": 0.0
    },
    "0.0003": {
        "tpr": [
            0.0,
            0.0,
            0.0
        ],
        "f1": [
            0.0,
            0.0,
            0.0
        ],
        "tpr_avg": 0.0,
        "tpr_std": 0.0,
        "f1_avg": 0.0,
        "f1_std": 0.0
    },
    "0.001": {
        "tpr": [
            0.828861409239384,
            0.8955781122389452,
            0.0
        ],
        "f1": [
            0.9061922071296473,
            0.9446803273644698,
            0.0
        ],
        "tpr_avg": 0.5748131738261097,
        "tpr_std": 0.4073658619454319,
        "f1_avg": 0.6169575114980391,
        "f1_std": 0.43653771283833903
    },
    "0.003": {
        "tpr": [
            0.9138474101726551,
            0.929704818574262,
            0.9160549924268904
        ],
        "f1": [
            0.9542865844373382,
            0.9628734555780443,
            0.9554914172869512
        ],
        "tpr_avg": 0.9198690737246026,
        "tpr_std": 0.007013071719439646,
        "f1_avg": 0.9575504857674445,
        "f1_std": 0.0037959110678284463
    },
    "0.01": {
        "tpr": [
            0.9650023331777882,
            0.9683234161708085,
            0.9669113363625772
        ],
        "f1": [
            0.9798625918028903,
            0.981521449900955,
            0.9807953672516694
        ],
        "tpr_avg": 0.966745695237058,
        "tpr_std": 0.0013608761389829551,
        "f1_avg": 0.9807264696518382,
        "f1_std": 0.0006789760461290872
    },
    "0.03": {
        "tpr": [
            0.9846593560429304,
            0.9851242562128106,
            0.9853198182453687
        ],
        "f1": [
            0.9851765392471549,
            0.985382932166302,
            0.9854920468449572
        ],
        "tpr_avg": 0.9850344768337033,
        "tpr_std": 0.000277005214026856,
        "f1_avg": 0.985350506086138,
        "f1_std": 0.00013083029484500404
    },
    "0.1": {
        "tpr": [
            0.9955669622025198,
            0.9935830124839575,
            0.993766748223232
        ],
        "f1": [
            0.9744233843343229,
            0.9734240155455222,
            0.9738261738261739
        ],
        "tpr_avg": 0.9943055743032364,
        "tpr_std": 0.0008950844577712973,
        "f1_avg": 0.9738911912353396,
        "f1_std": 0.0004105727232604159
    },
    "auc": [
        0.9973555901261911,
        0.9972756694841098,
        0.9969619955886532
    ],
    "auc_avg": 0.9971977517329846,
    "auc_std": 0.00016986768762819915
}