{
    "0.0001": {
        "tpr": [
            0.0,
            0.0,
            0.0,
            0.0,
            0.0
        ],
        "f1": [
            0.0,
            0.0,
            0.0,
            0.0,
            0.0
        ],
        "tpr_avg": 0.0,
        "tpr_std": 0.0,
        "f1_avg": 0.0,
        "f1_std": 0.0
    },
    "0.0003": {
        "tpr": [
            0.0,
            0.8582202111613876,
            0.0,
            0.0,
            0.8024937655860349
        ],
        "f1": [
            0.0,
            0.9234514471192858,
            0.0,
            0.0,
            0.890179806362379
        ],
        "tpr_avg": 0.3321427953494845,
        "tpr_std": 0.40717170631995114,
        "f1_avg": 0.362726250696333,
        "f1_std": 0.44437169084471856
    },
    "0.001": {
        "tpr": [
            0.8167748377433849,
            0.905982905982906,
            0.0,
            0.8738154613466335,
            0.8403990024937655
        ],
        "f1": [
            0.8986542158747596,
            0.9496706192358366,
            0.0,
            0.9319148936170213,
            0.9125372326022204
        ],
        "tpr_avg": 0.687394441513338,
        "tpr_std": 0.3450201484747639,
        "f1_avg": 0.7385553922659676,
        "f1_std": 0.36968173267125687
    },
    "0.003": {
        "tpr": [
            0.9156265601597604,
            0.9406737053795877,
            0.9324324324324325,
            0.9236907730673317,
            0.9027431421446384
        ],
        "f1": [
            0.9532224532224532,
            0.9664256198347106,
            0.9620449264136328,
            0.9576008273009308,
            0.9464052287581699
        ],
        "tpr_avg": 0.9230333226367501,
        "tpr_std": 0.013164422996294079,
        "f1_avg": 0.9571398111059795,
        "f1_std": 0.0069437149542516865
    },
    "0.01": {
        "tpr": [
            0.9555666500249625,
            0.9572649572649573,
            0.9604604604604604,
            0.9605985037406484,
            0.9456359102244389
        ],
        "f1": [
            0.967644084934277,
            0.9684638860630723,
            0.9699267121556736,
            0.9705215419501133,
            0.9626808834729628
        ],
        "tpr_avg": 0.9559052963430934,
        "tpr_std": 0.005480864278886187,
        "f1_avg": 0.9678474217152198,
        "f1_std": 0.002778087806884128
    },
    "0.03": {
        "tpr": [
            0.9695456814777833,
            0.9638009049773756,
            0.9714714714714715,
            0.972069825436409,
            0.9695760598503741
        ],
        "f1": [
            0.9561792220580996,
            0.9563482165128462,
            0.9571005917159763,
            0.9608084791718019,
            0.9571639586410635
        ],
        "tpr_avg": 0.9692927886426826,
        "tpr_std": 0.002924502548420429,
        "f1_avg": 0.9575200936199575,
        "f1_std": 0.0016904156889821851
    },
    "0.1": {
        "tpr": [
            0.9830254618072891,
            0.9808949220713926,
            0.9874874874874875,
            0.9790523690773068,
            0.9835411471321696
        ],
        "f1": [
            0.903211009174312,
            0.8988712278276895,
            0.9029748283752861,
            0.8990153423402795,
            0.9033440219880898
        ],
        "tpr_avg": 0.982800277515129,
        "tpr_std": 0.0028371369408310716,
        "f1_avg": 0.9014832859411314,
        "f1_std": 0.002077770836487523
    },
    "auc": [
        0.993437601915865,
        0.9941056388546379,
        0.9947102900001451,
        0.993096982200319,
        0.9942465488344221
    ],
    "auc_avg": 0.9939194123610777,
    "auc_std": 0.0005789160031497548
}