{
    "0.0001": {
        "tpr": [
            0.9891209203451294,
            0.9852702534015728,
            0.9896275931017245,
            0.9881175734834271,
            0.9909943714821764
        ],
        "f1": [
            0.9944681921046015,
            0.9925804828973842,
            0.9947242808692377,
            0.9939607448414695,
            0.9954142848168855
        ],
        "tpr_avg": 0.988626142362806,
        "tpr_std": 0.001917125505610203,
        "f1_avg": 0.9942295971059156,
        "f1_std": 0.0009483653077262537
    },
    "0.0003": {
        "tpr": [
            0.9911216706264849,
            0.9852702534015728,
            0.9912521869532617,
            0.9898686679174484,
            0.9913696060037523
        ],
        "f1": [
            0.9952910152571106,
            0.9925804828973842,
            0.9953570084075793,
            0.994658455350971,
            0.9954160125588697
        ],
        "tpr_avg": 0.989776476980504,
        "tpr_std": 0.0023168891240527767,
        "f1_avg": 0.994660594894383,
        "f1_std": 0.0010751695643596807
    },
    "0.001": {
        "tpr": [
            0.9918719519819933,
            0.9852702534015728,
            0.9925018745313672,
            0.9902439024390244,
            0.991869918699187
        ],
        "f1": [
            0.9949824385348721,
            0.9925804828973842,
            0.9954252052390801,
            0.9941608589188171,
            0.995293379353624
        ],
        "tpr_avg": 0.990351580210629,
        "tpr_std": 0.002648475954118804,
        "f1_avg": 0.9944884729887555,
        "f1_std": 0.0010504380698876967
    },
    "0.003": {
        "tpr": [
            0.992872327122671,
            0.9852702534015728,
            0.9945013746563359,
            0.9921200750469044,
            0.9953721075672295
        ],
        "f1": [
            0.9939287726106277,
            0.9925804828973842,
            0.9943149871931031,
            0.9931138099411544,
            0.9948743592949119
        ],
        "tpr_avg": 0.9920272275589428,
        "tpr_std": 0.0035690093813655083,
        "f1_avg": 0.9937624823874363,
        "f1_std": 0.0008230532173608346
    },
    "0.01": {
        "tpr": [
            0.9967487807927973,
            0.9930096117837973,
            0.9972506873281679,
            0.9966228893058161,
            0.9976235146966854
        ],
        "f1": [
            0.9890191699236925,
            0.9900435594275047,
            0.9909350552589097,
            0.9899981362986892,
            0.9890259780519561
        ],
        "tpr_avg": 0.9962510967814527,
        "tpr_std": 0.0016598708528966688,
        "f1_avg": 0.9898043797921504,
        "f1_std": 0.0007205052809781044
    },
    "0.03": {
        "tpr": [
            0.9987495310741528,
            0.9981275745849457,
            0.998875281179705,
            0.9994996873045654,
            0.9993746091307066
        ],
        "f1": [
            0.9750946160419973,
            0.9700351813660075,
            0.9750533699298566,
            0.9707829678673389,
            0.9727294862429997
        ],
        "tpr_avg": 0.998925336654815,
        "tpr_std": 0.00049021666625383,
        "f1_avg": 0.97273912428964,
        "f1_std": 0.002099620082462538
    },
    "0.1": {
        "tpr": [
            1.0,
            0.9998751716389964,
            1.0,
            1.0,
            1.0
        ],
        "f1": [
            0.909680354908429,
            0.9092973095697583,
            0.9095248920209138,
            0.9093494085532301,
            0.9091942912378462
        ],
        "tpr_avg": 0.9999750343277993,
        "tpr_std": 4.993134440143265e-05,
        "f1_avg": 0.9094092512580355,
        "f1_std": 0.00017273672248153688
    },
    "auc": [
        0.9999036772452108,
        0.9997866894181299,
        0.9999211309499166,
        0.999906603607886,
        0.9999296225245433
    ],
    "auc_avg": 0.9998895447491375,
    "auc_std": 5.2295061688250624e-05,
    "epoch_time_avg": 0.029643156561851503
}