{
    "0.0001": {
        "tpr": [
            0.0,
            0.0,
            0.8217639853001225
        ],
        "f1": [
            0.0,
            0.0,
            0.9021485062918255
        ],
        "tpr_avg": 0.2739213284333742,
        "tpr_std": 0.3873832576937326,
        "f1_avg": 0.30071616876394186,
        "f1_std": 0.42527688429084304
    },
    "0.0003": {
        "tpr": [
            0.8863821849131398,
            0.0,
            0.880184331797235
        ],
        "f1": [
            0.9397113809832823,
            0.0,
            0.9362164174474158
        ],
        "tpr_avg": 0.5888555055701249,
        "tpr_std": 0.41639140895396104,
        "f1_avg": 0.6253092661435661,
        "f1_std": 0.44216272452290917
    },
    "0.001": {
        "tpr": [
            0.9255858691850297,
            0.9542407461381521,
            0.9755002041649653
        ],
        "f1": [
            0.961122293012909,
            0.9763516535949662,
            0.9873649406624551
        ],
        "tpr_avg": 0.951775606496049,
        "tpr_std": 0.02045186045675073,
        "f1_avg": 0.9749462957567768,
        "f1_std": 0.01075950469444194
    },
    "0.003": {
        "tpr": [
            0.9789261979713186,
            0.9783445059749344,
            0.9860292830893076
        ],
        "f1": [
            0.9886373671661123,
            0.9883402526278597,
            0.9922660366005781
        ],
        "tpr_avg": 0.9810999956785201,
        "tpr_std": 0.0034936129511128028,
        "f1_avg": 0.9897478854648499,
        "f1_std": 0.0017847283862419438
    },
    "0.01": {
        "tpr": [
            0.9944619330768334,
            0.9935878752550277,
            0.9952458729510587
        ],
        "f1": [
            0.9948534021490326,
            0.994413896708137,
            0.9952313592813498
        ],
        "tpr_avg": 0.9944318937609733,
        "tpr_std": 0.0006772079249310175,
        "f1_avg": 0.994832886046173,
        "f1_std": 0.000334042859034915
    },
    "0.03": {
        "tpr": [
            0.9974350005829544,
            0.9978140483823958,
            0.9979000174998541
        ],
        "f1": [
            0.9916397409333932,
            0.9918013789906716,
            0.9919114023135128
        ],
        "tpr_avg": 0.9977163554884014,
        "tpr_std": 0.00020201998152571477,
        "f1_avg": 0.9917841740791925,
        "f1_std": 0.00011157055494579631
    },
    "0.1": {
        "tpr": [
            0.9996502273522211,
            0.9994462255902069,
            0.9994166715277373
        ],
        "f1": [
            0.9764541753267091,
            0.976325717132892,
            0.9763366717478952
        ],
        "tpr_avg": 0.9995043748233884,
        "tpr_std": 0.0001038366691083554,
        "f1_avg": 0.9763721880691655,
        "f1_std": 5.814598694732161e-05
    },
    "auc": [
        0.9994684077637983,
        0.9993822970422612,
        0.9996444636875723
    ],
    "auc_avg": 0.9994983894978772,
    "auc_std": 0.00010910855683585538,
    "epoch_time_avg": 0.026043134633700053
}