{
    "0.0001": {
        "tpr": [
            0.9955049445609829,
            0.9968482665466006,
            0.9980489269098004
        ],
        "f1": [
            0.9977474095209491,
            0.9983466105516308,
            0.9989484752891693
        ],
        "tpr_avg": 0.9968007126724613,
        "tpr_std": 0.0010391206461821338,
        "f1_avg": 0.9983474984539163,
        "f1_std": 0.000490333448567029
    },
    "0.0003": {
        "tpr": [
            0.9970032963739887,
            0.9981990094552003,
            0.9989494221822002
        ],
        "f1": [
            0.9982746980721627,
            0.9987986184111728,
            0.9991743601291
        ],
        "tpr_avg": 0.9980505760037964,
        "tpr_std": 0.000801405341662799,
        "f1_avg": 0.9987492255374785,
        "f1_std": 0.0003689423587788732
    },
    "0.001": {
        "tpr": [
            0.9992508240934972,
            0.9984991745460003,
            0.9995497523638001
        ],
        "f1": [
            0.9988766569310268,
            0.9982744391927376,
            0.9988751406074241
        ],
        "tpr_avg": 0.9990999170010992,
        "tpr_std": 0.0004419714551229257,
        "f1_avg": 0.9986754122437295,
        "f1_std": 0.0002835314392039831
    },
    "0.003": {
        "tpr": [
            0.9992508240934972,
            0.9989494221822002,
            0.9998499174546001
        ],
        "f1": [
            0.9975319721785956,
            0.9964817725877685,
            0.997828203399985
        ],
        "tpr_avg": 0.9993500545767658,
        "tpr_std": 0.00037426189628024433,
        "f1_avg": 0.997280649388783,
        "f1_std": 0.0005776915794960056
    },
    "0.01": {
        "tpr": [
            0.9997003296373989,
            0.9992495872730002,
            1.0
        ],
        "f1": [
            0.990351788629954,
            0.9946220495966537,
            0.9903388822829964
        ],
        "tpr_avg": 0.9996499723034663,
        "tpr_std": 0.0003084171536749345,
        "f1_avg": 0.9917709068365347,
        "f1_std": 0.0020160692650770004
    },
    "0.03": {
        "tpr": [
            0.9998501648186995,
            0.9998499174546001,
            1.0
        ],
        "f1": [
            0.9709712622771917,
            0.9718453683442743,
            0.9722039833661633
        ],
        "tpr_avg": 0.9999000274244332,
        "tpr_std": 7.069135824765332e-05,
        "f1_avg": 0.9716735379958763,
        "f1_std": 0.0005177158630444316
    },
    "0.1": {
        "tpr": [
            1.0,
            1.0,
            1.0
        ],
        "f1": [
            0.9105047748976808,
            0.9090661027355208,
            0.9091281211625052
        ],
        "tpr_avg": 1.0,
        "tpr_std": 0.0,
        "f1_avg": 0.9095663329319023,
        "f1_std": 0.000664061525097437
    },
    "auc": [
        0.9999822797354248,
        0.9999785853577344,
        0.9999975805842947
    ],
    "auc_avg": 0.9999861485591511,
    "auc_std": 8.223158589775847e-06,
    "epoch_time_avg": 0.02952633674144745
}