{
    "0.0001": {
        "tpr": [
            0.4170174383644017,
            0.5367096194186395,
            0.7410848067126161
        ],
        "f1": [
            0.5885847655421176,
            0.6985179407176286,
            0.8512908777969019
        ],
        "tpr_avg": 0.5649372881652192,
        "tpr_std": 0.13379714936969395,
        "f1_avg": 0.712797861352216,
        "f1_std": 0.10772360451328955
    },
    "0.0003": {
        "tpr": [
            0.7254960914010824,
            0.6973329337728499,
            0.8291878933173509
        ],
        "f1": [
            0.8406201010276955,
            0.8215357458075905,
            0.9064701064701065
        ],
        "tpr_avg": 0.7506723061637611,
        "tpr_std": 0.056696936610090246,
        "f1_avg": 0.8562086511017974,
        "f1_std": 0.036384186815585855
    },
    "0.001": {
        "tpr": [
            0.8686109440769694,
            0.887623614024573,
            0.9106982319448607
        ],
        "f1": [
            0.9287895836682206,
            0.9395717684377479,
            0.9525152797367183
        ],
        "tpr_avg": 0.8889775966821344,
        "tpr_std": 0.017208716818256573,
        "f1_avg": 0.940292210614229,
        "f1_std": 0.009699362218926963
    },
    "0.003": {
        "tpr": [
            0.9464822609741431,
            0.9328738387773449,
            0.9475576865448008
        ],
        "f1": [
            0.9695103172158916,
            0.962436234348431,
            0.9702362687941086
        ],
        "tpr_avg": 0.9423045954320962,
        "tpr_std": 0.006682989019411362,
        "f1_avg": 0.9673942734528104,
        "f1_std": 0.0035183675422839505
    },
    "0.01": {
        "tpr": [
            0.9636199639206253,
            0.9604435121366497,
            0.9700329637398861
        ],
        "f1": [
            0.9716537820221313,
            0.9700363196125907,
            0.975
        ],
        "tpr_avg": 0.9646988132657204,
        "tpr_std": 0.003988511204677962,
        "f1_avg": 0.9722300338782407,
        "f1_std": 0.0020669753100186323
    },
    "0.03": {
        "tpr": [
            0.9732411304870715,
            0.9754270302667066,
            0.9802217560683248
        ],
        "f1": [
            0.957267484844004,
            0.9587628865979381,
            0.9617759482505145
        ],
        "tpr_avg": 0.976296638940701,
        "tpr_std": 0.0029154128136311235,
        "f1_avg": 0.9592687732308188,
        "f1_std": 0.0018750113841354962
    },
    "0.1": {
        "tpr": [
            0.9813589897775106,
            0.9880131854959544,
            0.9910098891219659
        ],
        "f1": [
            0.9066666666666666,
            0.9035352151274322,
            0.9122758620689654
        ],
        "tpr_avg": 0.9867940214651436,
        "tpr_std": 0.0040331737081128385,
        "f1_avg": 0.9074925812876881,
        "f1_std": 0.003615828946917168
    },
    "auc": [
        0.9927286013647164,
        0.9942918260422315,
        0.9952574005604191
    ],
    "auc_avg": 0.9940926093224557,
    "auc_std": 0.0010419442784606562
}