{
    "0.0001": {
        "tpr": [
            0.00011665888940737284,
            0.0009917162524792906,
            0.00029127344751252475
        ],
        "f1": [
            0.0002332905633967106,
            0.0019814674514831866,
            0.0005823772639916138
        ],
        "tpr_avg": 0.0004665495297997294,
        "tpr_std": 0.0003781292776578382,
        "f1_avg": 0.0009323784262905036,
        "f1_std": 0.0007553834426823062
    },
    "0.0003": {
        "tpr": [
            0.0006416238917405507,
            0.0012833975032084937,
            0.0010485844110450892
        ],
        "f1": [
            0.0012823501981813943,
            0.0025632063381102175,
            0.0020947282671942282
        ],
        "tpr_avg": 0.0009912019353313778,
        "tpr_std": 0.00026512626360965897,
        "f1_avg": 0.00198009493449528,
        "f1_std": 0.0005291526015070965
    },
    "0.001": {
        "tpr": [
            0.0014582361175921605,
            0.005658616264146541,
            0.002155423511592683
        ],
        "f1": [
            0.0029108691855388017,
            0.011248333043427842,
            0.004299825682742591
        ],
        "tpr_avg": 0.0030907586311104615,
        "tpr_std": 0.001837922229628619,
        "f1_avg": 0.006153009303903078,
        "f1_std": 0.0036472860271444412
    },
    "0.003": {
        "tpr": [
            0.004491367242183854,
            0.010092171275230427,
            0.005883723639753
        ],
        "f1": [
            0.008930124673818497,
            0.019955014706730494,
            0.011682378115782778
        ],
        "tpr_avg": 0.006822420719055761,
        "tpr_std": 0.002380912375423385,
        "f1_avg": 0.013522505832110591,
        "f1_std": 0.004685196727904385
    },
    "0.01": {
        "tpr": [
            0.013474101726551562,
            0.02327616380819041,
            0.02097168822090178
        ],
        "f1": [
            0.02646502835538752,
            0.04528173409748624,
            0.04089050431621989
        ],
        "tpr_avg": 0.01924065125188125,
        "tpr_std": 0.00418469210370069,
        "f1_avg": 0.03754575558969788,
        "f1_std": 0.008037728193914028
    },
    "0.03": {
        "tpr": [
            0.037680821278581425,
            0.04911912262279781,
            0.06174997087265525
        ],
        "f1": [
            0.07163450876025726,
            0.09239040983156854,
            0.1147682979644868
        ],
        "tpr_avg": 0.049516638258011496,
        "tpr_std": 0.009830208697535555,
        "f1_avg": 0.09293107218543754,
        "f1_std": 0.01761344523584934
    },
    "0.1": {
        "tpr": [
            0.11992533831077928,
            0.14706568661766423,
            0.17255039030641967
        ],
        "f1": [
            0.2053638315936673,
            0.24611930098603926,
            0.28279549360320794
        ],
        "tpr_avg": 0.14651380507828773,
        "tpr_std": 0.021487631392828322,
        "f1_avg": 0.2447595420609715,
        "f1_std": 0.03162596273781675
    },
    "auc": [
        0.5311437499971656,
        0.6096017081715659,
        0.6222602395159762
    ],
    "auc_avg": 0.5876685658949026,
    "auc_std": 0.04030178418841318
}