{
    "0.0001": {
        "tpr": [
            0.0,
            0.831291564578229,
            0.0
        ],
        "f1": [
            0.0,
            0.9078746177370032,
            0.0
        ],
        "tpr_avg": 0.277097188192743,
        "tpr_std": 0.391874601637627,
        "f1_avg": 0.30262487257900106,
        "f1_std": 0.42797619911265306
    },
    "0.0003": {
        "tpr": [
            0.0,
            0.8734103371835259,
            0.0
        ],
        "f1": [
            0.0,
            0.9323701581766097,
            0.0
        ],
        "tpr_avg": 0.2911367790611753,
        "tpr_std": 0.41172958145393346,
        "f1_avg": 0.31079005272553656,
        "f1_std": 0.43952350761510317
    },
    "0.001": {
        "tpr": [
            0.8765165655622958,
            0.9110955547777388,
            0.8486543166724921
        ],
        "f1": [
            0.9339631436651232,
            0.9532470703125,
            0.9179005733728185
        ],
        "tpr_avg": 0.8787554790041755,
        "tpr_std": 0.02554064217515815,
        "f1_avg": 0.9350369291168139,
        "f1_std": 0.014450108947084686
    },
    "0.003": {
        "tpr": [
            0.9405039664022399,
            0.9445222261113055,
            0.9272981475008738
        ],
        "f1": [
            0.9686411149825783,
            0.9707707527655365,
            0.9615802827111272
        ],
        "tpr_avg": 0.937441446671473,
        "tpr_std": 0.007357603383375369,
        "f1_avg": 0.966997383486414,
        "f1_std": 0.0039278980705427825
    },
    "0.01": {
        "tpr": [
            0.9665772281847876,
            0.965231594913079,
            0.9691832692531749
        ],
        "f1": [
            0.9806485974671558,
            0.9799520270070182,
            0.9819684226058728
        ],
        "tpr_avg": 0.9669973641170139,
        "tpr_std": 0.0016403898263733518,
        "f1_avg": 0.9808563490266823,
        "f1_std": 0.0008361950871394737
    },
    "0.03": {
        "tpr": [
            0.9856509566028931,
            0.9848909112122273,
            0.9869509495514389
        ],
        "f1": [
            0.9857084524295632,
            0.9853507645616902,
            0.9863476261170786
        ],
        "tpr_avg": 0.9858309391221866,
        "tpr_std": 0.0008505820635282015,
        "f1_avg": 0.9858022810361106,
        "f1_std": 0.000412339743179343
    },
    "0.1": {
        "tpr": [
            0.9953336444237051,
            0.9943413837358535,
            0.9951648607712921
        ],
        "f1": [
            0.974334085134325,
            0.974,
            0.9745008556759841
        ],
        "tpr_avg": 0.9949466296436169,
        "tpr_std": 0.0004334850531669574,
        "f1_avg": 0.9742783136034364,
        "f1_std": 0.00020824176619916739
    },
    "auc": [
        0.9977187213879619,
        0.9974855255172167,
        0.997381118528927
    ],
    "auc_avg": 0.9975284551447019,
    "auc_std": 0.0001411291070713944,
    "epoch_time_avg": 62.80010732014974
}