{
    "0.0001": {
        "tpr": [
            0.0,
            0.8416754171041886,
            0.0
        ],
        "f1": [
            0.0,
            0.9140323091542605,
            0.0
        ],
        "tpr_avg": 0.28055847236806286,
        "tpr_std": 0.39676959666159173,
        "f1_avg": 0.3046774363847535,
        "f1_std": 0.43087896268438436
    },
    "0.0003": {
        "tpr": [
            0.0,
            0.8754521059386302,
            0.0
        ],
        "f1": [
            0.0,
            0.9335323940157382,
            0.0
        ],
        "tpr_avg": 0.29181736864621005,
        "tpr_std": 0.4126920804754995,
        "f1_avg": 0.3111774646719127,
        "f1_std": 0.44007139084389363
    },
    "0.001": {
        "tpr": [
            0.8878908072795147,
            0.9110955547777388,
            0.8540720027962251
        ],
        "f1": [
            0.9404133073857845,
            0.9532470703125,
            0.921061724517041
        ],
        "tpr_avg": 0.8843527882844929,
        "tpr_std": 0.023413807236385857,
        "f1_avg": 0.9382407007384419,
        "f1_std": 0.01322911651689497
    },
    "0.003": {
        "tpr": [
            0.9459286047596827,
            0.9437055186092638,
            0.9319002679715717
        ],
        "f1": [
            0.9715141530627528,
            0.9703386018054764,
            0.9640521891101937
        ],
        "tpr_avg": 0.9405114637801727,
        "tpr_std": 0.006156300184829472,
        "f1_avg": 0.968634981326141,
        "f1_std": 0.003275868186250367
    },
    "0.01": {
        "tpr": [
            0.9675688287447504,
            0.964473223661183,
            0.9684842129791448
        ],
        "f1": [
            0.9811320754716982,
            0.9795301715199811,
            0.9816077702004546
        ],
        "tpr_avg": 0.9668420884616927,
        "tpr_std": 0.0017162211214302198,
        "f1_avg": 0.9807566723973778,
        "f1_std": 0.0008887443090987583
    },
    "0.03": {
        "tpr": [
            0.9858842743817079,
            0.9851242562128106,
            0.9870092042409414
        ],
        "f1": [
            0.9857692756328006,
            0.985382932166302,
            0.9865207138490203
        ],
        "tpr_avg": 0.9860059116118199,
        "tpr_std": 0.0007743186161611285,
        "f1_avg": 0.9858909738827076,
        "f1_std": 0.00047240140940033563
    },
    "0.1": {
        "tpr": [
            0.9951003266448903,
            0.9941080387352701,
            0.9952231154607946
        ],
        "f1": [
            0.9741056898963656,
            0.973660153125357,
            0.9745023101933719
        ],
        "tpr_avg": 0.9948104936136516,
        "tpr_std": 0.0004992336897348052,
        "f1_avg": 0.9740893844050316,
        "f1_std": 0.0003440024550179517
    },
    "auc": [
        0.9977364710549909,
        0.9974675810797706,
        0.997453967050682
    ],
    "auc_avg": 0.9975526730618145,
    "auc_std": 0.00013008359406871,
    "epoch_time_avg": 63.31420384513007
}