{
    "0.0001": {
        "tpr": [
            0.8550775329369243,
            0.8786068201690469,
            0.8940092165898618
        ],
        "f1": [
            0.9218634613873831,
            0.9353667618220181,
            0.9440243921218374
        ],
        "tpr_avg": 0.8758978565652776,
        "tpr_std": 0.016008807177467627,
        "f1_avg": 0.9337515384437461,
        "f1_std": 0.009118970068876854
    },
    "0.0003": {
        "tpr": [
            0.9116241109945202,
            0.8886039055668902,
            0.910925742285481
        ],
        "f1": [
            0.9537110447032994,
            0.9409586123885065,
            0.953328652971521
        ],
        "tpr_avg": 0.9037179196156305,
        "tpr_std": 0.010691024123459212,
        "f1_avg": 0.9493327700211088,
        "f1_std": 0.005923481121822902
    },
    "0.001": {
        "tpr": [
            0.9626617698495977,
            0.9421160011658408,
            0.9523420638161348
        ],
        "f1": [
            0.980742676426482,
            0.9699770439166379,
            0.9753562147145802
        ],
        "tpr_avg": 0.9523732782771912,
        "tpr_std": 0.008387803981915081,
        "f1_avg": 0.9753586450192334,
        "f1_std": 0.0043950514038737605
    },
    "0.003": {
        "tpr": [
            0.9800046636353037,
            0.9725444476828913,
            0.9807209939917167
        ],
        "f1": [
            0.9891878374203799,
            0.9853677263129919,
            0.9895526780459093
        ],
        "tpr_avg": 0.9777567017699705,
        "tpr_std": 0.003697204060375519,
        "f1_avg": 0.9880360805930937,
        "f1_std": 0.0018926811835088045
    },
    "0.01": {
        "tpr": [
            0.9913139792468229,
            0.991664237831536,
            0.99209589920084
        ],
        "f1": [
            0.9932537017026373,
            0.9934304651230693,
            0.9936463886657415
        ],
        "tpr_avg": 0.9916913720930663,
        "tpr_std": 0.00031979358419051434,
        "f1_avg": 0.9934435184971493,
        "f1_std": 0.00016057927570551695
    },
    "0.03": {
        "tpr": [
            0.9966480121254518,
            0.9968230836490819,
            0.996150032083066
        ],
        "f1": [
            0.9912163729128014,
            0.9914339135854363,
            0.9909476005338594
        ],
        "tpr_avg": 0.9965403759525332,
        "tpr_std": 0.0002851184103953415,
        "f1_avg": 0.9911992956773656,
        "f1_std": 0.0001989033601376913
    },
    "0.1": {
        "tpr": [
            0.9990089774979597,
            0.9993004954823667,
            0.9990666744443796
        ],
        "f1": [
            0.9761891199088578,
            0.9772824444887838,
            0.9769411764705883
        ],
        "tpr_avg": 0.9991253824749019,
        "tpr_std": 0.00012604406225348054,
        "f1_avg": 0.9768042469560766,
        "f1_std": 0.0004567288971413026
    },
    "auc": [
        0.9994440482680298,
        0.9994308388805057,
        0.9994868277150429
    ],
    "auc_avg": 0.999453904954526,
    "auc_std": 2.3896346997340844e-05
}