{
    "0.0001": {
        "tpr": [
            5.829544129649061e-05,
            0.0003788982803847275,
            0.00034999708335763867
        ],
        "f1": [
            0.00011658068840896504,
            0.0007574874723225731,
            0.0006997492565164149
        ],
        "tpr_avg": 0.00026239693501295224,
        "tpr_std": 0.00014480304923209268,
        "f1_avg": 0.0005246058057493177,
        "f1_std": 0.000289478609084881
    },
    "0.0003": {
        "tpr": [
            0.00017488632388947185,
            0.0006120664529291752,
            0.0010791576736860525
        ],
        "f1": [
            0.00034967072673232704,
            0.0012232415902140672,
            0.0021557374661345294
        ],
        "tpr_avg": 0.0006220368168348998,
        "tpr_std": 0.0003692345457231234,
        "f1_avg": 0.0012428832610269745,
        "f1_std": 0.0007374544565453822
    },
    "0.001": {
        "tpr": [
            0.0006412498542613967,
            0.004371903235208394,
            0.0028583095140873828
        ],
        "f1": [
            0.001281080766319222,
            0.00870170553428472,
            0.005697674418604652
        ],
        "tpr_avg": 0.0026238208678523913,
        "tpr_std": 0.0015320318439037432,
        "f1_avg": 0.005226820239736197,
        "f1_std": 0.003047698118258452
    },
    "0.003": {
        "tpr": [
            0.0034394310364929464,
            0.009793063246866802,
            0.007583270139415505
        ],
        "f1": [
            0.006845540246555476,
            0.019369343402317406,
            0.015031508354049834
        ],
        "tpr_avg": 0.006938588140925084,
        "tpr_std": 0.0026336124399207825,
        "f1_avg": 0.01374879733430757,
        "f1_std": 0.005192650064671172
    },
    "0.01": {
        "tpr": [
            0.012416928996152501,
            0.021772078111337804,
            0.02263314472379397
        ],
        "f1": [
            0.02441400653332569,
            0.042417875699156754,
            0.04405836597967411
        ],
        "tpr_avg": 0.018940717277094756,
        "tpr_std": 0.004626389454617306,
        "f1_avg": 0.03696341607071885,
        "f1_std": 0.008899009753638464
    },
    "0.03": {
        "tpr": [
            0.03716334382651277,
            0.05220052462838822,
            0.06684944292130898
        ],
        "f1": [
            0.07068607068607069,
            0.09788489916379733,
            0.12365460872380026
        ],
        "tpr_avg": 0.05207110379206999,
        "tpr_std": 0.012119644719247345,
        "f1_avg": 0.09740852619122276,
        "f1_std": 0.02162693850841816
    },
    "0.1": {
        "tpr": [
            0.11285997435000583,
            0.14785776741474788,
            0.1728985591786735
        ],
        "f1": [
            0.1944556046605062,
            0.2473126142595978,
            0.28322981366459626
        ],
        "tpr_avg": 0.1445387669811424,
        "tpr_std": 0.0246227501844126,
        "f1_avg": 0.24166601086156678,
        "f1_std": 0.03646119529514867
    },
    "auc": [
        0.5294266254404937,
        0.6108805372809631,
        0.6194723741711506
    ],
    "auc_avg": 0.5865931789642024,
    "auc_std": 0.04057475443853558,
    "epoch_time_avg": 73.89842119481828
}