{
    "pretrained": {
        "fpr_0.003": {
            "f1": [
                0.63274637080107,
                0.667263740227418,
                0.6695396443827463,
                0.7063927914791966,
                0.7000372389458317
            ],
            "tpr": [
                0.4771649420890718,
                0.5261864542935151,
                0.5200461873573881,
                0.5630062980641459,
                0.5574678683127826
            ],
            "f1_mean": 0.6751959571672524,
            "f1_std": 0.026409138850202674,
            "tpr_mean": 0.5287743500233807,
            "tpr_std": 0.03079465302175845
        },
        "fpr_0.01": {
            "f1": [
                0.7258264857021561,
                0.8013564077957346,
                0.7543705133297499,
                0.7882277548732728,
                0.7898771102998081
            ],
            "tpr": [
                0.5773092907573271,
                0.6770418509680283,
                0.6152838442625872,
                0.6563603065455993,
                0.6615760648195836
            ],
            "f1_mean": 0.7719316544001443,
            "f1_std": 0.027883682134297184,
            "tpr_mean": 0.6375142714706251,
            "tpr_std": 0.03637417785924276
        },
        "fpr_0.03": {
            "f1": [
                0.7855149144028543,
                0.8469376227149876,
                0.8201461133093617,
                0.8262268428570474,
                0.8374392337371476
            ],
            "tpr": [
                0.6635360615522882,
                0.7509442559029996,
                0.7122669701740137,
                0.7196700525300321,
                0.7364723081284679
            ],
            "f1_mean": 0.8232529454042797,
            "f1_std": 0.020999381760260297,
            "tpr_mean": 0.7165779296575604,
            "tpr_std": 0.02972680958991735
        },
        "fpr_0.1": {
            "f1": [
                0.8885127447877597,
                0.8781253786352554,
                0.869282114461049,
                0.844409712046802,
                0.8822716161508578
            ],
            "tpr": [
                0.8612445844567337,
                0.8408813629213783,
                0.828057897523787,
                0.7807348870574093,
                0.8502201669441152
            ],
            "f1_mean": 0.8725203132163448,
            "f1_std": 0.015381510745887055,
            "tpr_mean": 0.8322277797806847,
            "tpr_std": 0.027962443990705767
        }
    },
    "non_pretrained": {
        "fpr_0.003": {
            "f1": [
                0.7175289752777898,
                0.7449216244076982,
                0.7252754540878827,
                0.7195599044314016,
                0.6901335099624569
            ],
            "tpr": [
                0.5686398127549359,
                0.6097558390628413,
                0.5762576842665705,
                0.5726853483239199,
                0.5363747005393189
            ],
            "f1_mean": 0.7194838936334459,
            "f1_std": 0.01758347419876789,
            "tpr_mean": 0.5727426769895173,
            "tpr_std": 0.023331506318321482
        },
        "fpr_0.01": {
            "f1": [
                0.8025425505287367,
                0.8330014899183359,
                0.7873854167905616,
                0.7924525882732879,
                0.7675960900570783
            ],
            "tpr": [
                0.6820620786336861,
                0.7223127341343353,
                0.6577472994339288,
                0.6661649181507957,
                0.6310117950020585
            ],
            "f1_mean": 0.7965956271136001,
            "f1_std": 0.02146494183165781,
            "tpr_mean": 0.6718597650709609,
            "tpr_std": 0.030165340760191818
        },
        "fpr_0.03": {
            "f1": [
                0.8648093475039674,
                0.8661723300626664,
                0.8396957468108148,
                0.8453488163945706,
                0.8417074998875297
            ],
            "tpr": [
                0.7800430374371229,
                0.7793988652020883,
                0.7407345599890154,
                0.7485168618718099,
                0.7448225895702993
            ],
            "f1_mean": 0.8515467481319098,
            "f1_std": 0.01153668570313697,
            "tpr_mean": 0.7587031828140672,
            "tpr_std": 0.017337843431093593
        },
        "fpr_0.1": {
            "f1": [
                0.9049545669541722,
                0.880330233730865,
                0.9020683734356618,
                0.8664028897123034,
                0.9001224082908248
            ],
            "tpr": [
                0.8889566747268722,
                0.8451191774007606,
                0.8876298490018705,
                0.8185559604447322,
                0.8812502599523369
            ],
            "f1_mean": 0.8907756944247656,
            "f1_std": 0.014960396680582515,
            "tpr_mean": 0.8643023843053145,
            "tpr_std": 0.027928357837443605
        }
    },
    "full_data": {
        "fpr_0.003": {
            "f1": [
                0.8160094779578814,
                0.8196641807169589,
                0.8063067578815507,
                0.8307404525867927,
                0.8156537901628239
            ],
            "tpr": [
                0.7002215487657805,
                0.7020839057561559,
                0.6849918373847544,
                0.718953266587063,
                0.6978613376488715
            ],
            "f1_mean": 0.8176749318612015,
            "f1_std": 0.007883642215899968,
            "tpr_mean": 0.7008223792285251,
            "tpr_std": 0.010863289972533002
        },
        "fpr_0.01": {
            "f1": [
                0.8838805735889036,
                0.8656254767053371,
                0.8654313806763592,
                0.8859024633072419,
                0.8675288720835886
            ],
            "tpr": [
                0.8025191960459581,
                0.7698416872338919,
                0.7714731535589107,
                0.8036052810487653,
                0.7725971344521674
            ],
            "f1_mean": 0.8736737532722861,
            "f1_std": 0.009210771483715572,
            "tpr_mean": 0.7840072904679387,
            "tpr_std": 0.015586740815697244
        },
        "fpr_0.03": {
            "f1": [
                0.9227496559338747,
                0.8885612576128811,
                0.9050002320298813,
                0.91261682334066,
                0.898636968860493
            ],
            "tpr": [
                0.8737452648515287,
                0.8157404070248465,
                0.8443013312050307,
                0.8552534966320603,
                0.8330819369789503
            ],
            "f1_mean": 0.9055129875555581,
            "f1_std": 0.011683072532679084,
            "tpr_mean": 0.8444244873384832,
            "tpr_std": 0.01963884169588828
        },
        "fpr_0.1": {
            "f1": [
                0.924508250009909,
                0.910244374600663,
                0.9264842476048443,
                0.9174074328735801,
                0.9106724242157697
            ],
            "tpr": [
                0.9209250409895098,
                0.8972637661475421,
                0.9253710888029447,
                0.911200247031549,
                0.8893036228090997
            ],
            "f1_mean": 0.9178633458609532,
            "f1_std": 0.006759299251416331,
            "tpr_mean": 0.9088127531561291,
            "tpr_std": 0.013715475863259934
        }
    }
}