{
    "0.0001": {
        "tpr": [
            0.2690917570246007,
            0.13803555814631302,
            0.34320130665577786
        ],
        "f1": [
            0.42406008130268025,
            0.24257945552795346,
            0.5110088157380466
        ],
        "tpr_avg": 0.2501095406088972,
        "tpr_std": 0.08482723420930999,
        "f1_avg": 0.3925494508562268,
        "f1_std": 0.11182805321578809
    },
    "0.0003": {
        "tpr": [
            0.33222571994870004,
            0.34928592247158263,
            0.4637461354488713
        ],
        "f1": [
            0.49870925399256183,
            0.5176897490172362,
            0.6335923490735206
        ],
        "tpr_avg": 0.38175259262305133,
        "tpr_std": 0.05839502505281092,
        "f1_avg": 0.5499971173611061,
        "f1_std": 0.05961647910678506
    },
    "0.001": {
        "tpr": [
            0.6929287629707357,
            0.6257067910230254,
            0.6405238289680919
        ],
        "f1": [
            0.8183899340757699,
            0.769545112377675,
            0.7806551374793381
        ],
        "tpr_avg": 0.653053127653951,
        "tpr_std": 0.028837890263844312,
        "f1_avg": 0.7895300613109276,
        "f1_std": 0.020904981167847014
    },
    "0.003": {
        "tpr": [
            0.853853328669698,
            0.7598659283007869,
            0.8113807384938458
        ],
        "f1": [
            0.9204568663493111,
            0.8628495780241601,
            0.8951636258326093
        ],
        "tpr_avg": 0.808366665154777,
        "tpr_std": 0.038429340662194215,
        "f1_avg": 0.8928233567353602,
        "f1_std": 0.023576224770305156
    },
    "0.01": {
        "tpr": [
            0.9200478022618631,
            0.9225590206936753,
            0.928658927842268
        ],
        "f1": [
            0.9559937004058392,
            0.957339664584814,
            0.9606275456328255
        ],
        "tpr_avg": 0.9237552502659354,
        "tpr_std": 0.003615807409375128,
        "f1_avg": 0.9579869702078262,
        "f1_std": 0.0019463442354156046
    },
    "0.03": {
        "tpr": [
            0.962924099335432,
            0.9634508889536578,
            0.9636294697544188
        ],
        "f1": [
            0.9739817503722157,
            0.974255441430024,
            0.9743430947536053
        ],
        "tpr_avg": 0.963334819347836,
        "tpr_std": 0.00029943387922554257,
        "f1_avg": 0.9741934288519483,
        "f1_std": 0.00015389739085972334
    },
    "0.1": {
        "tpr": [
            0.9887198321091291,
            0.9883415913727777,
            0.9831709735752202
        ],
        "f1": [
            0.9709329784036752,
            0.9707709484412127,
            0.9682738018297499
        ],
        "tpr_avg": 0.9867441323523757,
        "tpr_std": 0.002531319056504086,
        "f1_avg": 0.9699925762248792,
        "f1_std": 0.0012171558358726293
    },
    "auc": [
        0.9939763865100223,
        0.9933191799950046,
        0.9904560358545246
    ],
    "auc_avg": 0.9925838674531838,
    "auc_std": 0.0015283390952348728
}