{
    "0.0001": {
        "tpr": [
            0.851230033811356,
            0.8437673130193906,
            0.6896008862715373
        ],
        "f1": [
            0.9196227543967377,
            0.9152499486027865,
            0.816274415073504
        ],
        "tpr_avg": 0.7948660777007612,
        "tpr_std": 0.07449605557959915,
        "f1_avg": 0.8837157060243427,
        "f1_std": 0.04772159644901993
    },
    "0.0003": {
        "tpr": [
            0.9324355835373673,
            0.9160810613792097,
            0.9316929535582053
        ],
        "f1": [
            0.9649784320231667,
            0.9561446223142004,
            0.9645805351402744
        ],
        "tpr_avg": 0.9267365328249274,
        "tpr_std": 0.0075406533147275075,
        "f1_avg": 0.9619011964925472,
        "f1_std": 0.004073752584981117
    },
    "0.001": {
        "tpr": [
            0.966013757724146,
            0.9600816445545998,
            0.9666773563452961
        ],
        "f1": [
            0.9824800640322532,
            0.9794012225411604,
            0.9828232678769915
        ],
        "tpr_avg": 0.9642575862080139,
        "tpr_std": 0.0029652383043118906,
        "f1_avg": 0.9815681848168016,
        "f1_std": 0.0015386663809503433
    },
    "0.003": {
        "tpr": [
            0.9780226186312231,
            0.975185887155562,
            0.9790385119967348
        ],
        "f1": [
            0.9881757005492482,
            0.9867233138608603,
            0.9886945769298711
        ],
        "tpr_avg": 0.9774156725945066,
        "tpr_std": 0.0016303306740903325,
        "f1_avg": 0.9878645304466599,
        "f1_std": 0.0008343019622694728
    },
    "0.01": {
        "tpr": [
            0.9900606272589484,
            0.9892695728240268,
            0.9904084429025393
        ],
        "f1": [
            0.9926501746131478,
            0.9922351392849308,
            0.9927962944021508
        ],
        "tpr_avg": 0.9899128809951714,
        "tpr_std": 0.0004765347016239582,
        "f1_avg": 0.9925605361000764,
        "f1_std": 0.0002376973757599807
    },
    "0.03": {
        "tpr": [
            0.9972601142590649,
            0.9974340282840064,
            0.9965598670592694
        ],
        "f1": [
            0.9917101449275362,
            0.991837858996477,
            0.9911563442356761
        ],
        "tpr_avg": 0.9970846698674469,
        "tpr_std": 0.00037782272088119734,
        "f1_avg": 0.9915681160532298,
        "f1_std": 0.0002957980652967387
    },
    "0.1": {
        "tpr": [
            0.9991255683805527,
            0.9992418719930019,
            0.9988338532404303
        ],
        "f1": [
            0.9775141516832304,
            0.9764777956659875,
            0.9764863478310436
        ],
        "tpr_avg": 0.9990670978713282,
        "tpr_std": 0.00017162735980263662,
        "f1_avg": 0.9768260983934205,
        "f1_std": 0.0004865396743640935
    },
    "auc": [
        0.9995248533299886,
        0.9994805527167375,
        0.9994488636227696
    ],
    "auc_avg": 0.9994847565564986,
    "auc_std": 3.116475682947095e-05
}