{
    "0.0001": {
        "tpr": [
            0.6291413905739618,
            0.0,
            0.59250189493324
        ],
        "f1": [
            0.772359470103831,
            0.0,
            0.7441145242192363
        ],
        "tpr_avg": 0.4072144285024006,
        "tpr_std": 0.28833233862518687,
        "f1_avg": 0.5054913314410224,
        "f1_std": 0.35762229503907156
    },
    "0.0003": {
        "tpr": [
            0.7673238450769949,
            0.0,
            0.699842574776981
        ],
        "f1": [
            0.8682881753077457,
            0.0,
            0.8233639731101661
        ],
        "tpr_avg": 0.4890554732846586,
        "tpr_std": 0.3469100483051161,
        "f1_avg": 0.5638840494726373,
        "f1_std": 0.39914781048547
    },
    "0.001": {
        "tpr": [
            0.882816145590294,
            0.8907734452410095,
            0.8510874001515947
        ],
        "f1": [
            0.9375290364543004,
            0.9419995069033531,
            0.9193223327875047
        ],
        "tpr_avg": 0.8748923303276328,
        "tpr_std": 0.017143233455163488,
        "f1_avg": 0.9329502920483862,
        "f1_std": 0.009807725924703253
    },
    "0.003": {
        "tpr": [
            0.9279631357909472,
            0.9439295914204114,
            0.9096845664975803
        ],
        "f1": [
            0.9619372978202376,
            0.9704578139980824,
            0.952009030722763
        ],
        "tpr_avg": 0.927192431236313,
        "tpr_std": 0.013991090548970353,
        "f1_avg": 0.9614680475136943,
        "f1_std": 0.007538989674687604
    },
    "0.01": {
        "tpr": [
            0.962435837610826,
            0.9643294282217171,
            0.960235554778147
        ],
        "f1": [
            0.9785025945144552,
            0.9795447144844734,
            0.9773307222123316
        ],
        "tpr_avg": 0.9623336068702301,
        "tpr_std": 0.0016728794111220526,
        "f1_avg": 0.9784593437370868,
        "f1_std": 0.0009043758133221466
    },
    "0.03": {
        "tpr": [
            0.983084461035931,
            0.9833887043189369,
            0.9847239228033351
        ],
        "f1": [
            0.9844051165235675,
            0.984507658643326,
            0.9851834568045267
        ],
        "tpr_avg": 0.983732362719401,
        "tpr_std": 0.0007120554958953404,
        "f1_avg": 0.9846987439904734,
        "f1_std": 0.00034529080078654276
    },
    "0.1": {
        "tpr": [
            0.9943420438637424,
            0.9946377571836568,
            0.9955104658620488
        ],
        "f1": [
            0.9740864546727237,
            0.9741686884544027,
            0.974765928294131
        ],
        "tpr_avg": 0.994830088969816,
        "tpr_std": 0.0004960148710855466,
        "f1_avg": 0.9743403571404192,
        "f1_std": 0.0003027911313827155
    },
    "auc": [
        0.9974247465134978,
        0.9972843280216591,
        0.9975439104411786
    ],
    "auc_avg": 0.9974176616587785,
    "auc_std": 0.00010609242670330951,
    "epoch_time_avg": 60.925517850451996
}