{
    "pretrained": {
        "fpr_0.0001": {
            "f1": [
                0.15988258317025442,
                0.2548255382331106,
                0.18807206860005782
            ],
            "tpr": [
                0.08688716367116878,
                0.14601722854408167,
                0.10379666064022121
            ],
            "f1_mean": 0.20092673000114095,
            "f1_std": 0.03981183173228159,
            "tpr_mean": 0.11223368428515722,
            "tpr_std": 0.024866023257417325
        },
        "fpr_0.0003": {
            "f1": [
                0.32532051282051283,
                0.2892223738062756,
                0.30280609943156184
            ],
            "tpr": [
                0.19429969158779112,
                0.1690949696905243,
                0.1784536849941508
            ],
            "f1_mean": 0.30578299535278336,
            "f1_std": 0.01488657878912274,
            "tpr_mean": 0.18061611542415543,
            "tpr_std": 0.01040277464599703
        },
        "fpr_0.001": {
            "f1": [
                0.47422178988326846,
                0.38659351962969307,
                0.3502498027872732
            ],
            "tpr": [
                0.31107093480804,
                0.23981707965542912,
                0.21248537700733808
            ],
            "f1_mean": 0.4036883707667449,
            "f1_std": 0.05203485272828124,
            "tpr_mean": 0.25445779715693573,
            "tpr_std": 0.04155751844081546
        },
        "fpr_0.003": {
            "f1": [
                0.5291409846297885,
                0.48780879050368947,
                0.48318584070796455
            ],
            "tpr": [
                0.36062958630224395,
                0.3234074231628204,
                0.3193661597362544
            ],
            "f1_mean": 0.5000452052804808,
            "f1_std": 0.020660206487531335,
            "tpr_mean": 0.33446772306710626,
            "tpr_std": 0.01857265496137198
        },
        "fpr_0.01": {
            "f1": [
                0.5649213075060532,
                0.5355570998378503,
                0.57226738934056
            ],
            "tpr": [
                0.3970009571413379,
                0.36881846219291714,
                0.40423269169414017
            ],
            "f1_mean": 0.5575819322281544,
            "f1_std": 0.015860037010162004,
            "tpr_mean": 0.39001737034279843,
            "tpr_std": 0.015277865824363362
        },
        "fpr_0.03": {
            "f1": [
                0.6139140434095156,
                0.6261575723037469,
                0.6182287188306106
            ],
            "tpr": [
                0.454216739338509,
                0.4674040199936191,
                0.45878974795278105
            ],
            "f1_mean": 0.6194334448479577,
            "f1_std": 0.005070471610453606,
            "tpr_mean": 0.4601368357616364,
            "tpr_std": 0.005467301402747992
        },
        "fpr_0.1": {
            "f1": [
                0.758079240460106,
                0.722549142356329,
                0.6850109550199767
            ],
            "tpr": [
                0.6623418058066575,
                0.6137402956503244,
                0.5652451345315325
            ],
            "f1_mean": 0.721879779278804,
            "f1_std": 0.029833757384180534,
            "tpr_mean": 0.6137757453295047,
            "tpr_std": 0.0396395579834693
        },
        "auc": [
            0.9106463664371154,
            0.8690397503045775,
            0.8855118463314339
        ]
    },
    "non_pretrained": {
        "fpr_0.0001": {
            "f1": [
                0.001487778958554729,
                0.060037136373014235,
                0.04531753455981707
            ],
            "tpr": [
                0.0007444432627884718,
                0.030947569924492182,
                0.023184090183983836
            ],
            "f1_mean": 0.03561414996379534,
            "f1_std": 0.024867965576557387,
            "tpr_mean": 0.01829203445708816,
            "tpr_std": 0.012806414329338218
        },
        "fpr_0.0003": {
            "f1": [
                0.17944250871080136,
                0.2711397058823529,
                0.16648796178964811
            ],
            "tpr": [
                0.0985855578007019,
                0.1568648303732851,
                0.09082207806019356
            ],
            "f1_mean": 0.20569005879426747,
            "f1_std": 0.04658109272690863,
            "tpr_mean": 0.11542415541139352,
            "tpr_std": 0.029473887430437835
        },
        "fpr_0.001": {
            "f1": [
                0.3359561488816197,
                0.31223098995695836,
                0.29464528404457735
            ],
            "tpr": [
                0.20206317132829948,
                0.18515367435924704,
                0.17292353504200786
            ],
            "f1_mean": 0.31427747429438513,
            "f1_std": 0.016927058456873024,
            "tpr_mean": 0.1867134602431848,
            "tpr_std": 0.011947225611751584
        },
        "fpr_0.003": {
            "f1": [
                0.3733931498576482,
                0.3700181550963949,
                0.3836391699536958
            ],
            "tpr": [
                0.230139317239179,
                0.22758694033818994,
                0.23790279697968733
            ],
            "f1_mean": 0.375683491635913,
            "f1_std": 0.005791790772674233,
            "tpr_mean": 0.23187635151901875,
            "tpr_std": 0.0043868888466266015
        },
        "fpr_0.01": {
            "f1": [
                0.44055254070054267,
                0.47134682034335457,
                0.5083759339362957
            ],
            "tpr": [
                0.28490907157290224,
                0.3109645857704988,
                0.34372008933319154
            ],
            "f1_mean": 0.47342509832673096,
            "f1_std": 0.027727755012322174,
            "tpr_mean": 0.31319791555886417,
            "tpr_std": 0.02406137671259296
        },
        "fpr_0.03": {
            "f1": [
                0.5467560846959536,
                0.5868991793669402,
                0.5702424197494254
            ],
            "tpr": [
                0.3858343081995108,
                0.42592789535254705,
                0.40901839838349463
            ],
            "f1_mean": 0.5679658946041064,
            "f1_std": 0.01646721869845059,
            "tpr_mean": 0.40692686731185085,
            "tpr_std": 0.016434816891126122
        },
        "fpr_0.1": {
            "f1": [
                0.730891224578643,
                0.6966019417475728,
                0.6859424302917123
            ],
            "tpr": [
                0.6249069445921515,
                0.5799213017122195,
                0.5664149739444858
            ],
            "f1_mean": 0.7044785322059761,
            "f1_std": 0.019176879045685175,
            "tpr_mean": 0.5904144067496189,
            "tpr_std": 0.02500542071306764
        },
        "auc": [
            0.8854995093647477,
            0.8717538032536427,
            0.8767713014172485
        ]
    }
}