{
    "0.0001": {
        "tpr": [
            0.307223537631487
        ],
        "f1": [
            0.4700397885860206
        ],
        "tpr_avg": 0.307223537631487,
        "f1_avg": 0.4700397885860206
    },
    "0.0003": {
        "tpr": [
            0.40383495710903233
        ],
        "f1": [
            0.575283384019906
        ],
        "tpr_avg": 0.40383495710903233,
        "f1_avg": 0.575283384019906
    },
    "0.001": {
        "tpr": [
            0.6036952218297559
        ],
        "f1": [
            0.7526616337591948
        ],
        "tpr_avg": 0.6036952218297559,
        "f1_avg": 0.7526616337591948
    },
    "0.003": {
        "tpr": [
            0.7068664363622249
        ],
        "f1": [
            0.8275846398545785
        ],
        "tpr_avg": 0.7068664363622249,
        "f1_avg": 0.8275846398545785
    },
    "0.01": {
        "tpr": [
            0.8653107169196134
        ],
        "f1": [
            0.9254239398908237
        ],
        "tpr_avg": 0.8653107169196134,
        "f1_avg": 0.9254239398908237
    },
    "0.03": {
        "tpr": [
            0.901331366688662
        ],
        "f1": [
            0.9410167568334245
        ],
        "tpr_avg": 0.901331366688662,
        "f1_avg": 0.9410167568334245
    },
    "0.1": {
        "tpr": [
            0.9526840818227691
        ],
        "f1": [
            0.9524807419911908
        ],
        "tpr_avg": 0.9526840818227691,
        "f1_avg": 0.9524807419911908
    },
    "epoch_time_avg": 1778.3455302715302
}