{
    "0.0001": {
        "tpr": [
            0.29732562201606955
        ],
        "f1": [
            0.4583532790808999
        ],
        "tpr_avg": 0.29732562201606955,
        "f1_avg": 0.4583532790808999
    },
    "0.0003": {
        "tpr": [
            0.36812483018282033
        ],
        "f1": [
            0.5380992907801418
        ],
        "tpr_avg": 0.36812483018282033,
        "f1_avg": 0.5380992907801418
    },
    "0.001": {
        "tpr": [
            0.5956216279160036
        ],
        "f1": [
            0.7463702911063012
        ],
        "tpr_avg": 0.5956216279160036,
        "f1_avg": 0.7463702911063012
    },
    "0.003": {
        "tpr": [
            0.641229670457633
        ],
        "f1": [
            0.7807367848956733
        ],
        "tpr_avg": 0.641229670457633,
        "f1_avg": 0.7807367848956733
    },
    "0.01": {
        "tpr": [
            0.7176959205061523
        ],
        "f1": [
            0.8333333333333334
        ],
        "tpr_avg": 0.7176959205061523,
        "f1_avg": 0.8333333333333334
    },
    "0.03": {
        "tpr": [
            0.8589838139968171
        ],
        "f1": [
            0.9170776180017405
        ],
        "tpr_avg": 0.8589838139968171,
        "f1_avg": 0.9170776180017405
    },
    "0.1": {
        "tpr": [
            0.9394868610022125
        ],
        "f1": [
            0.9455426205172279
        ],
        "tpr_avg": 0.9394868610022125,
        "f1_avg": 0.9455426205172279
    },
    "epoch_time_avg": 3548.8659942150116
}