{
    "0.0001": {
        "tpr": [
            0.0
        ],
        "f1": [
            0.0
        ]
    },
    "0.0003": {
        "tpr": [
            0.0
        ],
        "f1": [
            0.0
        ]
    },
    "0.001": {
        "tpr": [
            0.6177055315167816
        ],
        "f1": [
            0.7634602876346028
        ]
    },
    "0.003": {
        "tpr": [
            0.657583908314817
        ],
        "f1": [
            0.7927347917009328
        ]
    },
    "0.01": {
        "tpr": [
            0.6730986629244143
        ],
        "f1": [
            0.8026869348952886
        ]
    },
    "0.03": {
        "tpr": [
            0.6730986629244143
        ],
        "f1": [
            0.8026869348952886
        ]
    },
    "0.1": {
        "tpr": [
            0.6730986629244143
        ],
        "f1": [
            0.8026869348952886
        ]
    }
}