{
    "pretrained": {
        "fpr_0.0003": {
            "f1": [
                0.6783945865442693,
                0.7781493403316115,
                0.7388921679626019,
                0.767548676935256,
                0.7638562245140481
            ],
            "tpr": [
                0.5313579678238183,
                0.6500904085014305,
                0.6025845975637537,
                0.6411612199828463,
                0.635091881799187
            ],
            "f1_mean": 0.7453681992575574,
            "f1_std": 0.03587697774120698,
            "tpr_mean": 0.6120572151342072,
            "tpr_std": 0.0434194927754904
        },
        "fpr_0.001": {
            "f1": [
                0.6783945865442693,
                0.7781493403316115,
                0.7388921679626019,
                0.767548676935256,
                0.7638562245140481
            ],
            "tpr": [
                0.5313579678238183,
                0.6500904085014305,
                0.6025845975637537,
                0.6411612199828463,
                0.635091881799187
            ],
            "f1_mean": 0.7453681992575574,
            "f1_std": 0.03587697774120698,
            "tpr_mean": 0.6120572151342072,
            "tpr_std": 0.0434194927754904
        },
        "fpr_0.003": {
            "f1": [
                0.6783945865442693,
                0.7781493403316115,
                0.7388921679626019,
                0.767548676935256,
                0.7638562245140481
            ],
            "tpr": [
                0.5313579678238183,
                0.6500904085014305,
                0.6025845975637537,
                0.6411612199828463,
                0.635091881799187
            ],
            "f1_mean": 0.7453681992575574,
            "f1_std": 0.03587697774120698,
            "tpr_mean": 0.6120572151342072,
            "tpr_std": 0.0434194927754904
        },
        "fpr_0.01": {
            "f1": [
                0.8015502470248093,
                0.8491593893011178,
                0.8182951030837851,
                0.8367782287897214,
                0.8413563848788971
            ],
            "tpr": [
                0.6858722003445653,
                0.7483144504793644,
                0.7019921359037099,
                0.7296022087067668,
                0.7329758200100296
            ],
            "f1_mean": 0.829427870615666,
            "f1_std": 0.017243842132435207,
            "tpr_mean": 0.7197513630888872,
            "tpr_std": 0.0225874442998471
        },
        "fpr_0.03": {
            "f1": [
                0.874498493223392,
                0.8897121177868605,
                0.8709635416693036,
                0.8898657085347949,
                0.8668774403735704
            ],
            "tpr": [
                0.798501844956831,
                0.818247973395549,
                0.7886824681386083,
                0.8199449540150981,
                0.7808506971536038
            ],
            "f1_mean": 0.8783834603175842,
            "f1_std": 0.009619949700491476,
            "tpr_mean": 0.8012455875319381,
            "tpr_std": 0.015620877553328643
        },
        "fpr_0.1": {
            "f1": [
                0.9050545294283963,
                0.9084796168614787,
                0.8930746187296537,
                0.9091934319206226,
                0.8998694494271162
            ],
            "tpr": [
                0.8871527643961628,
                0.8935010148335847,
                0.8629096348935718,
                0.8969030183125848,
                0.8771858115434834
            ],
            "f1_mean": 0.9031343292734535,
            "f1_std": 0.006013804279467824,
            "tpr_mean": 0.8835304487958775,
            "tpr_std": 0.01230310010328707
        }
    },
    "non_pretrained": {
        "fpr_0.0003": {
            "f1": [
                0.7711640461965715,
                0.774109443488125,
                0.7438811752305559,
                0.7521479156714691,
                0.7315926032068037
            ],
            "tpr": [
                0.6361875514959511,
                0.6447655636140507,
                0.5988904005099182,
                0.610810855859129,
                0.586706083022805
            ],
            "f1_mean": 0.7545790367587051,
            "f1_std": 0.016156918292316302,
            "tpr_mean": 0.6154720909003707,
            "tpr_std": 0.02196087716299535
        },
        "fpr_0.001": {
            "f1": [
                0.7711640461965715,
                0.774109443488125,
                0.7438811752305559,
                0.7521479156714691,
                0.7315926032068037
            ],
            "tpr": [
                0.6361875514959511,
                0.6447655636140507,
                0.5988904005099182,
                0.610810855859129,
                0.586706083022805
            ],
            "f1_mean": 0.7545790367587051,
            "f1_std": 0.016156918292316302,
            "tpr_mean": 0.6154720909003707,
            "tpr_std": 0.02196087716299535
        },
        "fpr_0.003": {
            "f1": [
                0.7711640461965715,
                0.774109443488125,
                0.7438811752305559,
                0.7521479156714691,
                0.7315926032068037
            ],
            "tpr": [
                0.6361875514959511,
                0.6447655636140507,
                0.5988904005099182,
                0.610810855859129,
                0.586706083022805
            ],
            "f1_mean": 0.7545790367587051,
            "f1_std": 0.016156918292316302,
            "tpr_mean": 0.6154720909003707,
            "tpr_std": 0.02196087716299535
        },
        "fpr_0.01": {
            "f1": [
                0.833699961655496,
                0.8435605402484602,
                0.805350343239707,
                0.8218898233762988,
                0.8107236532787071
            ],
            "tpr": [
                0.7244277967033323,
                0.7377142076021095,
                0.6840631453672975,
                0.7067066406737614,
                0.6903819964918211
            ],
            "f1_mean": 0.8230448643597338,
            "f1_std": 0.014146847672871374,
            "tpr_mean": 0.7086587573676644,
            "tpr_std": 0.02017759483817693
        },
        "fpr_0.03": {
            "f1": [
                0.8870328514835449,
                0.8774198416326343,
                0.8654208209724761,
                0.8807044699880797,
                0.8600437125823455
            ],
            "tpr": [
                0.8151713839766593,
                0.7971675226701217,
                0.7796351898576896,
                0.8049216203922752,
                0.7724595551938104
            ],
            "f1_mean": 0.8741243393318161,
            "f1_std": 0.009947898494946622,
            "tpr_mean": 0.7938710544181112,
            "tpr_std": 0.01579745479122207
        },
        "fpr_0.1": {
            "f1": [
                0.9137610312864072,
                0.8939897986186953,
                0.8978246805621569,
                0.9268230934251481,
                0.9168825796107822
            ],
            "tpr": [
                0.9020474684922308,
                0.8667066609717855,
                0.8777132182562013,
                0.9278171424642654,
                0.9069923746418481
            ],
            "f1_mean": 0.909856236700638,
            "f1_std": 0.012239226634714986,
            "tpr_mean": 0.8962553729652661,
            "tpr_std": 0.02173437255240155
        }
    },
    "full_data": {
        "fpr_0.0003": {
            "f1": [
                0.8408089781155496,
                0.8288499994448878,
                0.8295588830271512,
                0.8034262693149432,
                0.8332412586750826
            ],