{
    "0.0001": {
        "tpr": [
            0.0,
            0.0,
            0.0
        ],
        "f1": [
            0.0,
            0.0,
            0.0
        ],
        "tpr_avg": 0.0,
        "tpr_std": 0.0,
        "f1_avg": 0.0,
        "f1_std": 0.0
    },
    "0.0003": {
        "tpr": [
            0.0,
            0.0,
            0.0
        ],
        "f1": [
            0.0,
            0.0,
            0.0
        ],
        "tpr_avg": 0.0,
        "tpr_std": 0.0,
        "f1_avg": 0.0,
        "f1_std": 0.0
    },
    "0.001": {
        "tpr": [
            0.0,
            0.8730684326710817,
            0.8557940417546329
        ],
        "f1": [
            0.0,
            0.9320021084617531,
            0.9220611000537073
        ],
        "tpr_avg": 0.5762874914752382,
        "tpr_std": 0.4075578124785903,
        "f1_avg": 0.6180210695051535,
        "f1_std": 0.43702573354915275
    },
    "0.003": {
        "tpr": [
            0.9394274409403003,
            0.9432438712675729,
            0.9434083978418953
        ],
        "f1": [
            0.9680997781375548,
            0.9700970873786408,
            0.9701776075747067
        ],
        "tpr_avg": 0.9420265700165894,
        "tpr_std": 0.0018390887625531018,
        "f1_avg": 0.9694581576969674,
        "f1_std": 0.0009610817329329835
    },
    "0.01": {
        "tpr": [
            0.9702664959851042,
            0.9708376902521204,
            0.9716748768472906
        ],
        "f1": [
            0.9825584821165517,
            0.9828564707266152,
            0.9832067410396392
        ],
        "tpr_avg": 0.970926354361505,
        "tpr_std": 0.0005783771298284945,
        "f1_avg": 0.9828738979609355,
        "f1_std": 0.0002649373375129573
    },
    "0.03": {
        "tpr": [
            0.989468171767718,
            0.9900081329150692,
            0.9907928688716866
        ],
        "f1": [
            0.9877439591078068,
            0.9879993043074962,
            0.9881850617067321
        ],
        "tpr_avg": 0.9900897245181578,
        "tpr_std": 0.0005438740642138133,
        "f1_avg": 0.9879761083740117,
        "f1_std": 0.00018082480322555893
    },
    "0.1": {
        "tpr": [
            0.9954032351914349,
            0.9958173579644476,
            0.9965399953084683
        ],
        "f1": [
            0.9744246981089086,
            0.9750853242320819,
            0.9747605116732635
        ],
        "tpr_avg": 0.9959201961547836,
        "tpr_std": 0.0004697429516683224,
        "f1_avg": 0.974756844671418,
        "f1_std": 0.0002697119498423554
    },
    "auc": [
        0.9975773647715926,
        0.9977250203429651,
        0.9978844351091062
    ],
    "auc_avg": 0.9977289400745546,
    "auc_std": 0.0001253915767159558,
    "epoch_time_avg": 65.45881466865539
}