{
    "0.0001": {
        "tpr": [
            0.7,
            0.85,
            0.875
        ],
        "f1": [
            0.8235294117647058,
            0.9189189189189189,
            0.9333333333333333
        ],
        "tpr_avg": 0.8083333333333332,
        "tpr_std": 0.07728015412913089,
        "f1_avg": 0.891927221338986,
        "f1_std": 0.04872124178526405
    },
    "0.0003": {
        "tpr": [
            0.7,
            0.85,
            0.875
        ],
        "f1": [
            0.8235294117647058,
            0.9189189189189189,
            0.9333333333333333
        ],
        "tpr_avg": 0.8083333333333332,
        "tpr_std": 0.07728015412913089,
        "f1_avg": 0.891927221338986,
        "f1_std": 0.04872124178526405
    },
    "0.001": {
        "tpr": [
            0.7,
            0.85,
            0.875
        ],
        "f1": [
            0.8235294117647058,
            0.9189189189189189,
            0.9333333333333333
        ],
        "tpr_avg": 0.8083333333333332,
        "tpr_std": 0.07728015412913089,
        "f1_avg": 0.891927221338986,
        "f1_std": 0.04872124178526405
    },
    "0.003": {
        "tpr": [
            0.7,
            0.85,
            0.875
        ],
        "f1": [
            0.8235294117647058,
            0.9189189189189189,
            0.9333333333333333
        ],
        "tpr_avg": 0.8083333333333332,
        "tpr_std": 0.07728015412913089,
        "f1_avg": 0.891927221338986,
        "f1_std": 0.04872124178526405
    },
    "0.01": {
        "tpr": [
            0.7,
            0.85,
            0.875
        ],
        "f1": [
            0.8235294117647058,
            0.9189189189189189,
            0.9333333333333333
        ],
        "tpr_avg": 0.8083333333333332,
        "tpr_std": 0.07728015412913089,
        "f1_avg": 0.891927221338986,
        "f1_std": 0.04872124178526405
    },
    "0.03": {
        "tpr": [
            0.7,
            0.85,
            0.875
        ],
        "f1": [
            0.8235294117647058,
            0.9189189189189189,
            0.9333333333333333
        ],
        "tpr_avg": 0.8083333333333332,
        "tpr_std": 0.07728015412913089,
        "f1_avg": 0.891927221338986,
        "f1_std": 0.04872124178526405
    },
    "0.1": {
        "tpr": [
            0.85,
            0.85,
            0.875
        ],
        "f1": [
            0.8947368421052632,
            0.9189189189189189,
            0.9333333333333333
        ],
        "tpr_avg": 0.8583333333333334,
        "tpr_std": 0.011785113019775802,
        "f1_avg": 0.9156630314525053,
        "f1_std": 0.015924255841850973
    },
    "auc": [
        0.9576923076923076,
        0.9576923076923076,
        0.95
    ],
    "auc_avg": 0.955128205128205,
    "auc_std": 0.0036261886214694616,
    "epoch_time_avg": 0.00029245994091033935
}