{
    "0.0001": {
        "tpr": [
            0.16666666666666666,
            0.25,
            0.25
        ],
        "f1": [
            0.2857142857142857,
            0.4,
            0.4
        ],
        "tpr_avg": 0.2222222222222222,
        "tpr_std": 0.03928371006591931,
        "f1_avg": 0.36190476190476195,
        "f1_std": 0.05387480237611793
    },
    "0.0003": {
        "tpr": [
            0.16666666666666666,
            0.25,
            0.25
        ],
        "f1": [
            0.2857142857142857,
            0.4,
            0.4
        ],
        "tpr_avg": 0.2222222222222222,
        "tpr_std": 0.03928371006591931,
        "f1_avg": 0.36190476190476195,
        "f1_std": 0.05387480237611793
    },
    "0.001": {
        "tpr": [
            0.16666666666666666,
            0.25,
            0.25
        ],
        "f1": [
            0.2857142857142857,
            0.4,
            0.4
        ],
        "tpr_avg": 0.2222222222222222,
        "tpr_std": 0.03928371006591931,
        "f1_avg": 0.36190476190476195,
        "f1_std": 0.05387480237611793
    },
    "0.003": {
        "tpr": [
            0.16666666666666666,
            0.25,
            0.25
        ],
        "f1": [
            0.2857142857142857,
            0.4,
            0.4
        ],
        "tpr_avg": 0.2222222222222222,
        "tpr_std": 0.03928371006591931,
        "f1_avg": 0.36190476190476195,
        "f1_std": 0.05387480237611793
    },
    "0.01": {
        "tpr": [
            0.16666666666666666,
            0.25,
            0.25
        ],
        "f1": [
            0.2857142857142857,
            0.4,
            0.4
        ],
        "tpr_avg": 0.2222222222222222,
        "tpr_std": 0.03928371006591931,
        "f1_avg": 0.36190476190476195,
        "f1_std": 0.05387480237611793
    },
    "0.03": {
        "tpr": [
            0.16666666666666666,
            0.25,
            0.25
        ],
        "f1": [
            0.2857142857142857,
            0.4,
            0.4
        ],
        "tpr_avg": 0.2222222222222222,
        "tpr_std": 0.03928371006591931,
        "f1_avg": 0.36190476190476195,
        "f1_std": 0.05387480237611793
    },
    "0.1": {
        "tpr": [
            0.16666666666666666,
            0.25,
            0.25
        ],
        "f1": [
            0.2857142857142857,
            0.4,
            0.4
        ],
        "tpr_avg": 0.2222222222222222,
        "tpr_std": 0.03928371006591931,
        "f1_avg": 0.36190476190476195,
        "f1_std": 0.05387480237611793
    },
    "auc": [
        0.7333333333333334,
        0.7333333333333334,
        0.6875
    ],
    "auc_avg": 0.7180555555555556,
    "auc_std": 0.021606040536255647
}