{
    "pretrained": {
        "fpr_0.0001": {
            "f1": [
                0.06979369803961818,
                0.07827508685877786,
                0.1391252721155749
            ],
            "tpr": [
                0.03615867276401149,
                0.04073168137828353,
                0.07476337339147081
            ],
            "f1_mean": 0.09573135233799031,
            "f1_std": 0.03087887837258155,
            "tpr_mean": 0.05055124251125528,
            "tpr_std": 0.0172220510444617
        },
        "fpr_0.0003": {
            "f1": [
                0.3702997747357477,
                0.24484463935802928,
                0.2372786055664886
            ],
            "tpr": [
                0.22726789322556631,
                0.13952993725406784,
                0.13463788152717218
            ],
            "f1_mean": 0.28414100655342184,
            "f1_std": 0.06100170062031335,
            "tpr_mean": 0.16714523733560213,
            "tpr_std": 0.042560023228032894
        },
        "fpr_0.001": {
            "f1": [
                0.48734228080045006,
                0.4233539956441615,
                0.3810424909685188
            ],
            "tpr": [
                0.3224502818249495,
                0.2687440178666383,
                0.2355631181537807
            ],
            "f1_mean": 0.43057958913771016,
            "f1_std": 0.04369643944746299,
            "tpr_mean": 0.27558580594845616,
            "tpr_std": 0.03579992877853714
        },
        "fpr_0.003": {
            "f1": [
                0.5431927059187143,
                0.4884149763489136,
                0.4269981645252794
            ],
            "tpr": [
                0.37381686695735405,
                0.32393916835052644,
                0.27214718706795704
            ],
            "f1_mean": 0.4862019489309691,
            "f1_std": 0.04746202678754243,
            "tpr_mean": 0.32330107412527914,
            "tpr_std": 0.041508925348518605
        },
        "fpr_0.01": {
            "f1": [
                0.6106512343418065,
                0.5492235906065938,
                0.531929715922285
            ],
            "tpr": [
                0.4432627884717643,
                0.3817930447729448,
                0.3654152929915984
            ],
            "f1_mean": 0.563934846956895,
            "f1_std": 0.03377953190046674,
            "tpr_mean": 0.3968237087454358,
            "tpr_std": 0.033511180052076824
        },
        "fpr_0.03": {
            "f1": [
                0.6540582036429617,
                0.6134157739593069,
                0.5819973525518459
            ],
            "tpr": [
                0.49835158991811124,
                0.45368499415080293,
                0.420823141550569
            ],
            "f1_mean": 0.6164904433847048,
            "f1_std": 0.02949894641113588,
            "tpr_mean": 0.45761990853982776,
            "tpr_std": 0.031772920755536276
        },
        "fpr_0.1": {
            "f1": [
                0.7931136484647695,
                0.7409921026653505,
                0.6281603012372244
            ],
            "tpr": [
                0.7128575986387323,
                0.6386259704349676,
                0.4967563543549931
            ],
            "f1_mean": 0.7207553507891148,
            "f1_std": 0.0688454611685622,
            "tpr_mean": 0.616079974476231,
            "tpr_std": 0.08965183915411741
        },
        "auc": [
            0.9181810177012951,
            0.8983159236610558,
            0.8381773964660761
        ]
    },
    "non_pretrained": {
        "fpr_0.0001": {
            "f1": [
                0.0,
                0.06661869024365169,
                0.09963621665319322
            ],
            "tpr": [
                0.0,
                0.03445708816335212,
                0.052430075507816656
            ],
            "f1_mean": 0.055418302298948306,
            "f1_std": 0.041440161154966626,
            "tpr_mean": 0.02896238789038959,
            "tpr_std": 0.021754263992086853
        },
        "fpr_0.0003": {
            "f1": [
                0.297737556561086,
                0.19533723496114364,
                0.18260869565217389
            ],
            "tpr": [
                0.17494416675529087,
                0.10826332021695204,
                0.10049984047644368
            ],
            "f1_mean": 0.22522782905813452,
            "f1_std": 0.051534773794977236,
            "tpr_mean": 0.12790244248289553,
            "tpr_std": 0.033414176345880224
        },
        "fpr_0.001": {
            "f1": [
                0.34167400881057264,
                0.2686292548298069,
                0.2890646304881374
            ],
            "tpr": [
                0.20621078379240668,
                0.15526959481016697,
                0.1690949696905243
            ],
            "f1_mean": 0.299789298042839,
            "f1_std": 0.030769550875790613,
            "tpr_mean": 0.17685844943103265,
            "tpr_std": 0.021508988772015413
        },
        "fpr_0.003": {
            "f1": [
                0.4036914740496148,
                0.33856186112090236,
                0.4428477039973571
            ],
            "tpr": [
                0.25353610549824523,
                0.2042965011166649,
                0.2851217696479847
            ],
            "f1_mean": 0.39503367972262476,
            "f1_std": 0.04301241919933899,
            "tpr_mean": 0.24765145875429825,
            "tpr_std": 0.03325810987579594
        },
        "fpr_0.01": {
            "f1": [
                0.47576950896086145,
                0.40889261744966443,
                0.5251944012441679
            ],
            "tpr": [
                0.31479315112198236,
                0.2591726044879294,
                0.359140699776667
            ],
            "f1_mean": 0.4699521758848979,
            "f1_std": 0.047657858754063386,
            "tpr_mean": 0.31103548512885965,
            "tpr_std": 0.04089820745217272
        },
        "fpr_0.03": {
            "f1": [
                0.5723591679620993,
                0.5057720616719609,
                0.5795094645356117
            ],
            "tpr": [
                0.4111453791343188,
                0.34712325853451026,
                0.4183771136871211
            ],
            "f1_mean": 0.5525468980565572,
            "f1_std": 0.033203370053621756,
            "tpr_mean": 0.39221525045198335,
            "tpr_std": 0.03202124604565585
        },
        "fpr_0.1": {
            "f1": [
                0.7083175085453854,
                0.6761385753211366,
                0.7070156537169656
            ],
            "tpr": [
                0.5950228650430713,
                0.5541848346272467,
                0.5932149314048708
            ],
            "f1_mean": 0.6971572458611627,
            "f1_std": 0.014871944278880405,
            "tpr_mean": 0.5808075436917296,
            "tpr_std": 0.01883956182185263
        },
        "auc": [
            0.8797280677432209,
            0.8622191217482825,
            0.8740980727332813
        ]
    }
}