{
    "0.0001": {
        "tpr": [
            0.3324535186119629,
            0.34396044999805364
        ],
        "f1": [
            0.4989950187887791,
            0.5118461449342524
        ],
        "tpr_avg": 0.3382069843050083,
        "f1_avg": 0.5054205818615157
    },
    "0.0003": {
        "tpr": [
            0.6320692465939526,
            0.6334228658180544
        ],
        "f1": [
            0.7745065398335315,
            0.7755218758936231
        ],
        "tpr_avg": 0.6327460562060034,
        "f1_avg": 0.7750142078635773
    },
    "0.001": {
        "tpr": [
            0.7438186546597834,
            0.7115496905290202
        ],
        "f1": [
            0.8528639458809917,
            0.8312414733969985
        ],
        "tpr_avg": 0.7276841725944018,
        "f1_avg": 0.8420527096389951
    },
    "0.003": {
        "tpr": [
            0.7905523425066956,
            0.8027949706099887
        ],
        "f1": [
            0.8823376510852141,
            0.8899005372284191
        ],
        "tpr_avg": 0.7966736565583421,
        "f1_avg": 0.8861190941568167
    },
    "0.01": {
        "tpr": [
            0.8495904980010092,
            0.8695550624781034
        ],
        "f1": [
            0.9163143132247665,
            0.9278504672897196
        ],
        "tpr_avg": 0.8595727802395563,
        "f1_avg": 0.922082390257243
    },
    "0.03": {
        "tpr": [
            0.9180996002018399,
            0.912452800809685
        ],
        "f1": [
            0.9502249718785153,
            0.9470707070707071
        ],
        "tpr_avg": 0.9152762005057624,
        "f1_avg": 0.9486478394746112
    },
    "0.1": {
        "tpr": [
            0.9703062531537476,
            0.9583868581883296
        ],
        "f1": [
            0.9616464704750914,
            0.9552817926084005
        ],
        "tpr_avg": 0.9643465556710387,
        "f1_avg": 0.9584641315417459
    },
    "epoch_time_avg": 90.43743511041005
}