{
    "0.0001": {
        "tpr": [
            0.3606334665993867,
            0.3983417026742964
        ],
        "f1": [
            0.5300813008130082,
            0.5697185647078473
        ],
        "tpr_avg": 0.37948758463684157,
        "f1_avg": 0.5498999327604277
    },
    "0.0003": {
        "tpr": [
            0.4747894266972014,
            0.5903694188173927
        ],
        "f1": [
            0.6438233591241644,
            0.7423760340692153
        ],
        "tpr_avg": 0.5325794227572971,
        "f1_avg": 0.6930996965966898
    },
    "0.001": {
        "tpr": [
            0.6150293055932927,
            0.6419479154501927
        ],
        "f1": [
            0.7614127823161941,
            0.781712172923777
        ],
        "tpr_avg": 0.6284886105217427,
        "f1_avg": 0.7715624776199856
    },
    "0.003": {
        "tpr": [
            0.6966191825486162,
            0.7184008719685469
        ],
        "f1": [
            0.8205093037077676,
            0.8354269935039949
        ],
        "tpr_avg": 0.7075100272585815,
        "f1_avg": 0.8279681486058812
    },
    "0.01": {
        "tpr": [
            0.786554360905174,
            0.8206625403869361
        ],
        "f1": [
            0.8781798483206934,
            0.8991533917642293
        ],
        "tpr_avg": 0.803608450646055,
        "f1_avg": 0.8886666200424613
    },
    "0.03": {
        "tpr": [
            0.8792066141365524,
            0.8922496009965355
        ],
        "f1": [
            0.9286431748764938,
            0.9359139258079664
        ],
        "tpr_avg": 0.885728107566544,
        "f1_avg": 0.9322785503422302
    },
    "0.1": {
        "tpr": [
            0.9459302099910725,
            0.9526645645996341
        ],
        "f1": [
            0.9489505860363693,
            0.9522938635744582
        ],
        "tpr_avg": 0.9492973872953533,
        "f1_avg": 0.9506222248054137
    },
    "epoch_time_avg": 199.61248258749643
}