{
    "0.0001": {
        "tpr": [
            0.29934402049450765,
            0.37634785316672503
        ],
        "f1": [
            0.46074799856613696,
            0.5468635103795464
        ],
        "tpr_avg": 0.33784593683061637,
        "f1_avg": 0.5038057544728417
    },
    "0.0003": {
        "tpr": [
            0.5539339362651865,
            0.6125189769940441
        ],
        "f1": [
            0.7128905762169992,
            0.7596495039467014
        ],
        "tpr_avg": 0.5832264566296153,
        "f1_avg": 0.7362700400818503
    },
    "0.001": {
        "tpr": [
            0.7596165042890968,
            0.708240881311067
        ],
        "f1": [
            0.8631602161208513,
            0.8289782435357101
        ],
        "tpr_avg": 0.7339286928000819,
        "f1_avg": 0.8460692298282807
    },
    "0.003": {
        "tpr": [
            0.8368590614447076,
            0.7796333060843162
        ],
        "f1": [
            0.9104921978926921,
            0.8754644402675176
        ],
        "tpr_avg": 0.8082461837645118,
        "f1_avg": 0.8929783190801048
    },
    "0.01": {
        "tpr": [
            0.8731126033458836,
            0.8570594417844214
        ],
        "f1": [
            0.9298883836295989,
            0.9206548328419997
        ],
        "tpr_avg": 0.8650860225651524,
        "f1_avg": 0.9252716082357992
    },
    "0.03": {
        "tpr": [
            0.9150331871288282,
            0.911246058624314
        ],
        "f1": [
            0.9485755673587639,
            0.9464108835836584
        ],
        "tpr_avg": 0.9131396228765711,
        "f1_avg": 0.9474932254712112
    },
    "0.1": {
        "tpr": [
            0.9675503629235725,
            0.9703764257075013
        ],
        "f1": [
            0.9602265066738573,
            0.9614687391522352
        ],
        "tpr_avg": 0.9689633943155369,
        "f1_avg": 0.9608476229130463
    },
    "epoch_time_avg": 128.70529747009277
}