{
    "auc": [
        0.9734972024418292,
        0.9732284636147085,
        0.9700378992573567
    ],
    "auc_avg": 0.9722545217712981,
    "auc_std": 0.0015712238682599352,
    "epoch_time_avg": 0.029761870487531025
}