{
    "auc": [
        0.9614127649551067,
        0.9590066470042936,
        0.9597337499667159
    ],
    "auc_avg": 0.960051053975372,
    "auc_std": 0.001007591939142781
}