{
    "0.0001": {
        "tpr": [
            0.9100425730448475,
            0.8017304162903837,
            0.7734445643613452
        ],
        "f1": [
            0.9528883732291158,
            0.8899560212132972,
            0.8722511883419135
        ],
        "tpr_avg": 0.828405851232192,
        "tpr_std": 0.05886956268494799,
        "f1_avg": 0.9050318609281088,
        "f1_std": 0.034602982568590145
    },
    "0.0003": {
        "tpr": [
            0.923805913570887,
            0.8734232528330469,
            0.92949858530467
        ],
        "f1": [
            0.9603649756733408,
            0.9323775908447747,
            0.9634030202711896
        ],
        "tpr_avg": 0.9089092505695348,
        "tpr_std": 0.025199783787202924,
        "f1_avg": 0.9520485289297683,
        "f1_std": 0.01396464064706216
    },
    "0.001": {
        "tpr": [
            0.9538111623024436,
            0.9436595100067002,
            0.9570340985328005
        ],
        "f1": [
            0.9761847916915363,
            0.9707949351914288,
            0.9778122159471905
        ],
        "tpr_avg": 0.9515015902806482,
        "tpr_std": 0.005699151793820941,
        "f1_avg": 0.9749306476100519,
        "f1_std": 0.0029989126178375214
    },
    "0.003": {
        "tpr": [
            0.9769930600104975,
            0.9748594400908905,
            0.9708601930986203
        ],
        "f1": [
            0.9876488621624808,
            0.9865566037735849,
            0.98450070989115
        ],
        "tpr_avg": 0.9742375644000028,
        "tpr_std": 0.0025420544409181342,
        "f1_avg": 0.9862353919424053,
        "f1_std": 0.001305143277253157
    },
    "0.01": {
        "tpr": [
            0.9836414533154487,
            0.9787048096250764,
            0.9838112183881224
        ],
        "f1": [
            0.9893680984294114,
            0.9879578303509726,
            0.9894536120278694
        ],
        "tpr_avg": 0.9820524937762158,
        "tpr_std": 0.0023681845264277015,
        "f1_avg": 0.9889265136027512,
        "f1_std": 0.0006858515755795761
    },
    "0.03": {
        "tpr": [
            0.9900857292820902,
            0.9918722871209252,
            0.9921827144648951
        ],
        "f1": [
            0.98792516511973,
            0.9888045072385904,
            0.9890093914459338
        ],
        "tpr_avg": 0.9913802436226368,
        "tpr_std": 0.0009240911994609715,
        "f1_avg": 0.9885796879347514,
        "f1_std": 0.0004703151221201215
    },
    "0.1": {
        "tpr": [
            0.9981046247156937,
            0.9980190520581467,
            0.998745734037278
        ],
        "f1": [
            0.9756716311551343,
            0.9758035803295498,
            0.9760129983039494
        ],
        "tpr_avg": 0.9982898036037061,
        "tpr_std": 0.0003242787793680715,
        "f1_avg": 0.9758294032628779,
        "f1_std": 0.00014055366824758188
    },
    "auc": [
        0.9990226694931583,
        0.9990154730624508,
        0.9991771982313231
    ],
    "auc_avg": 0.9990717802623107,
    "auc_std": 7.459963492651686e-05
}