{
    "0.0001": {
        "tpr": [
            0.4746473948012589,
            0.0,
            0.5565845419069253
        ],
        "f1": [
            0.6437435775827998,
            0.0,
            0.7151356407857812
        ],
        "tpr_avg": 0.34374397890272806,
        "tpr_std": 0.24535466341993348,
        "f1_avg": 0.45295973945619367,
        "f1_std": 0.3216142625861626
    },
    "0.0003": {
        "tpr": [
            0.4746473948012589,
            0.6978102189781021,
            0.7445395771448541
        ],
        "f1": [
            0.6437435775827998,
            0.8219554974722288,
            0.8535087133604862
        ],
        "tpr_avg": 0.638999063641405,
        "tpr_std": 0.1177695815751389,
        "f1_avg": 0.7730692628051715,
        "f1_std": 0.09234988179707196
    },
    "0.001": {
        "tpr": [
            0.9147919337918172,
            0.9050510948905109,
            0.925039315044557
        ],
        "f1": [
            0.9552674821982838,
            0.9499264525619024,
            0.9608276112405093
        ],
        "tpr_avg": 0.9149607812422951,
        "tpr_std": 0.008161030095431314,
        "f1_avg": 0.9553405153335652,
        "f1_std": 0.004450679012853221
    },
    "0.003": {
        "tpr": [
            0.9439328593076116,
            0.9520583941605839,
            0.953520880656998
        ],
        "f1": [
            0.9704595841572292,
            0.9747406809553703,
            0.9755094744368966
        ],
        "tpr_avg": 0.9498373780417312,
        "tpr_std": 0.0042175998545163984,
        "f1_avg": 0.9735699131831653,
        "f1_std": 0.002221616654825194
    },
    "0.01": {
        "tpr": [
            0.9723744026110269,
            0.9755912408759124,
            0.974663637952123
        ],
        "f1": [
            0.9836684157773716,
            0.9853730462990269,
            0.9848453638583997
        ],
        "tpr_avg": 0.9742097604796873,
        "tpr_std": 0.0013519160909849985,
        "f1_avg": 0.984628941978266,
        "f1_std": 0.0007125401165268305
    },
    "0.03": {
        "tpr": [
            0.9832148269029024,
            0.9861605839416059,
            0.9855553614071874
        ],
        "f1": [
            0.9847069810880225,
            0.986131791772503,
            0.9858137434821871
        ],
        "tpr_avg": 0.9849769240838985,
        "tpr_std": 0.0012702528450398928,
        "f1_avg": 0.9855508387809042,
        "f1_std": 0.0006106611352296562
    },
    "0.1": {
        "tpr": [
            0.9961533978319151,
            0.9956204379562044,
            0.9962723513308871
        ],
        "f1": [
            0.9748474305595164,
            0.9745084590763603,
            0.974838286837831
        ],
        "tpr_avg": 0.9960153957063355,
        "tpr_std": 0.0002834680487826041,
        "f1_avg": 0.9747313921579025,
        "f1_std": 0.00015768168578080523
    },
    "auc": [
        0.9980220228596312,
        0.9979880647549025,
        0.9981626020075454
    ],
    "auc_avg": 0.9980575632073597,
    "auc_std": 7.555638237998211e-05,
    "epoch_time_avg": 83.43541165192921
}