{
    "0.0001": {
        "tpr": [
            0.6492493890375888,
            0.6712559544556757,
            0.7023809523809523
        ],
        "f1": [
            0.7873271239062941,
            0.80329521359797,
            0.8251748251748251
        ],
        "tpr_avg": 0.6742954319580722,
        "f1_avg": 0.8052657208930297
    },
    "0.0003": {
        "tpr": [
            0.7533457465378797,
            0.8393168351341931,
            0.8228946751114239
        ],
        "f1": [
            0.8592666334826614,
            0.9125821121778677,
            0.9027858199832722
        ],
        "tpr_avg": 0.8051857522611655,
        "f1_avg": 0.8915448552146005
    },
    "0.001": {
        "tpr": [
            0.8623879902246014,
            0.8816079934936679,
            0.8758503401360545
        ],
        "f1": [
            0.9258784944557239,
            0.9368479535773813,
            0.9335833724019378
        ],
        "tpr_avg": 0.8732821079514412,
        "f1_avg": 0.9321032734783476
    },
    "0.003": {
        "tpr": [
            0.9282555568485977,
            0.9469617752991751,
            0.9350222847759794
        ],
        "f1": [
            0.9620963121551126,
            0.9720623751453533,
            0.965717746820109
        ],
        "tpr_avg": 0.936746538974584,
        "f1_avg": 0.9666254780401916
    },
    "0.01": {
        "tpr": [
            0.9576399394856279,
            0.9650865574532358,
            0.9597701149425287
        ],
        "f1": [
            0.9760118606375093,
            0.9798867523888167,
            0.9770454613295124
        ],
        "tpr_avg": 0.9608322039604641,
        "f1_avg": 0.9776480247852795
    },
    "0.03": {
        "tpr": [
            0.98225299662516,
            0.9840246311142093,
            0.9836969270466808
        ],
        "f1": [
            0.9839993005158695,
            0.9849401093150366,
            0.9845630099195868
        ],
        "tpr_avg": 0.98332485159535,
        "f1_avg": 0.9845008065834976
    },
    "0.1": {
        "tpr": [
            0.9931339462353078,
            0.9944812362030905,
            0.9936077879427633
        ],
        "f1": [
            0.9737284993011381,
            0.9741371952086949,
            0.9731204411004537
        ],
        "tpr_avg": 0.9937409901270539,
        "f1_avg": 0.9736620452034289
    },
    "epoch_time_avg": 89.55663390159607
}