{
    "auc": [
        0.9999699315490531,
        0.9999722144415143,
        0.9999146848749337
    ],
    "auc_avg": 0.9999522769551671,
    "auc_std": 2.6597948187761268e-05,
    "epoch_time_avg": 0.029349058969815572
}