{
    "auc": [
        0.9984535030157741,
        0.9983977302544872,
        0.9992042827205279
    ],
    "auc_avg": 0.9986851719969296,
    "auc_std": 0.00036777221912604054
}