{
    "pretrained": {
        "fpr_0.0001": {
            "f1": [
                0.16652042507555814,
                0.12670584719593586
            ],
            "tpr": [
                0.09082207806019356,
                0.06763798787620973
            ],
            "f1_mean": 0.146613136135747,
            "f1_std": 0.01990728893981114,
            "tpr_mean": 0.07923003296820164,
            "tpr_std": 0.011592045091991916
        },
        "fpr_0.0003": {
            "f1": [
                0.20891258807846125,
                0.3717105263157895
            ],
            "tpr": [
                0.11666489418270765,
                0.2283313836009784
            ],
            "f1_mean": 0.29031155719712537,
            "f1_std": 0.08139896911866412,
            "tpr_mean": 0.172498138891843,
            "tpr_std": 0.05583324470913538
        },
        "fpr_0.001": {
            "f1": [
                0.4088257671823485,
                0.4350212022948367
            ],
            "tpr": [
                0.2571519727746464,
                0.27820908220780605
            ],
            "f1_mean": 0.4219234847385926,
            "f1_std": 0.013097717556244115,
            "tpr_mean": 0.26768052749122623,
            "tpr_std": 0.010528554716579819
        },
        "fpr_0.003": {
            "f1": [
                0.49792861695347357,
                0.5038882717029043
            ],
            "tpr": [
                0.332340742316282,
                0.33765819419334253
            ],
            "f1_mean": 0.5009084443281889,
            "f1_std": 0.0029798273747153603,
            "tpr_mean": 0.3349994682548123,
            "tpr_std": 0.002658725938530254
        },
        "fpr_0.01": {
            "f1": [
                0.6024611303514849,
                0.5881039231742724
            ],
            "tpr": [
                0.43475486546846753,
                0.4200786982877805
            ],
            "f1_mean": 0.5952825267628786,
            "f1_std": 0.007178603588606225,
            "tpr_mean": 0.42741678187812404,
            "tpr_std": 0.007338083590343519
        },
        "fpr_0.03": {
            "f1": [
                0.7215114352005304,
                0.6719460129458752
            ],
            "tpr": [
                0.5787514622992662,
                0.5188769541635648
            ],
            "f1_mean": 0.6967287240732027,
            "f1_std": 0.024782711127327606,
            "tpr_mean": 0.5488142082314156,
            "tpr_std": 0.029937254067850694
        },
        "fpr_0.1": {
            "f1": [
                0.8387867751664484,
                0.8382578992314261
            ],
            "tpr": [
                0.7837924066787195,
                0.7829416143783898
            ],
            "f1_mean": 0.8385223371989372,
            "f1_std": 0.000264437967511133,
            "tpr_mean": 0.7833670105285546,
            "tpr_std": 0.00042539615016484733
        }
    },
    "non_pretrained": {
        "fpr_0.0001": {
            "f1": [
                0.11732906196816499,
                0.0033973882577768336
            ],
            "tpr": [
                0.06232053599914921,
                0.001701584600659364
            ],
            "f1_mean": 0.06036322511297091,
            "f1_std": 0.056965836855194074,
            "tpr_mean": 0.03201106029990429,
            "tpr_std": 0.03030947569924492
        },
        "fpr_0.0003": {
            "f1": [
                0.3823529411764706,
                0.17147856517935262
            ],
            "tpr": [
                0.2364139104541104,
                0.09379985111134745
            ],
            "f1_mean": 0.2769157531779116,
            "f1_std": 0.105437187998559,
            "tpr_mean": 0.16510688078272892,
            "tpr_std": 0.07130702967138147
        },
        "fpr_0.001": {
            "f1": [
                0.4132524026302479,
                0.3409431467606875
            ],
            "tpr": [
                0.26066149101350633,
                0.20567903860470063
            ],
            "f1_mean": 0.3770977746954677,
            "f1_std": 0.03615462793478019,
            "tpr_mean": 0.23317026480910347,
            "tpr_std": 0.02749122620440285
        },
        "fpr_0.003": {
            "f1": [
                0.4344793223716991,
                0.4266043561712426
            ],
            "tpr": [
                0.27820908220780605,
                0.2718281399553334
            ],
            "f1_mean": 0.4305418392714708,
            "f1_std": 0.003937483100228262,
            "tpr_mean": 0.2750186110815697,
            "tpr_std": 0.0031904711262363272
        },
        "fpr_0.01": {
            "f1": [
                0.49571700507614214,
                0.48344794498640653
            ],
            "tpr": [
                0.332340742316282,
                0.3214931404870786
            ],
            "f1_mean": 0.48958247503127433,
            "f1_std": 0.006134530044867803,
            "tpr_mean": 0.3269169414016803,
            "tpr_std": 0.005423800914601706
        },
        "fpr_0.03": {
            "f1": [
                0.621739441149146,
                0.5733520751646075
            ],
            "tpr": [
                0.4626183133042646,
                0.4121025204721897
            ],
            "f1_mean": 0.5975457581568768,
            "f1_std": 0.02419368299226926,
            "tpr_mean": 0.43736041688822713,
            "tpr_std": 0.025257896416037456
        },
        "fpr_0.1": {
            "f1": [
                0.7915901687888659,
                0.8118777292576419
            ],
            "tpr": [
                0.7107306178879081,
                0.7414654897373179
            ],
            "f1_mean": 0.8017339490232539,
            "f1_std": 0.010143780234388,
            "tpr_mean": 0.7260980538126129,
            "tpr_std": 0.015367435924704853
        }
    },
    "full_data": {
        "fpr_0.0001": {
            "f1": [
                0.347306441690834,
                0.3838088690271571
            ],
            "tpr": [
                0.21014569818143145,
                0.23747740082952248
            ],
            "f1_mean": 0.36555765535899554,
            "f1_std": 0.018251213668161542,
            "tpr_mean": 0.22381154950547696,
            "tpr_std": 0.01366585132404552
        },
        "fpr_0.0003": {
            "f1": [
                0.530353933901086,
                0.5463678516228747
            ],
            "tpr": [
                0.3609486334148676,
                0.37594384770817824
            ],
            "f1_mean": 0.5383608927619803,
            "f1_std": 0.008006958860894364,
            "tpr_mean": 0.3684462405615229,
            "tpr_std": 0.007497607146655316
        },
        "fpr_0.001": {
            "f1": [
                0.5653963414634147,
                0.5951634572324227
            ],
            "tpr": [
                0.39444858024034885,
                0.42401361267680526
            ],
            "f1_mean": 0.5802798993479187,
            "f1_std": 0.014883557884504017,
            "tpr_mean": 0.409231096458577,
            "tpr_std": 0.014782516218228209
        },
        "fpr_0.003": {
            "f1": [
                0.6147968554845346,
                0.644474800488892
            ],
            "tpr": [
                0.4449643730724237,
                0.47665638625970436
            ],
            "f1_mean": 0.6296358279867134,
            "f1_std": 0.014838972502178749,
            "tpr_mean": 0.46081037966606403,
            "tpr_std": 0.015846006593640327
        },
        "fpr_0.01": {
            "f1": [
                0.7339963954342167,
                0.7076860179885528
            ],
            "tpr": [
                0.584707008401574,
                0.5522705519515049
            ],
            "f1_mean": 0.7208412067113847,