{
    "0.0001": {
        "tpr": [
            0.0,
            0.0,
            0.0
        ],
        "f1": [
            0.0,
            0.0,
            0.0
        ],
        "tpr_avg": 0.0,
        "tpr_std": 0.0,
        "f1_avg": 0.0,
        "f1_std": 0.0
    },
    "0.0003": {
        "tpr": [
            0.0,
            0.7817640882044102,
            0.4916695794011418
        ],
        "f1": [
            0.0,
            0.8774594860042559,
            0.6591690096844737
        ],
        "tpr_avg": 0.42447788920185064,
        "tpr_std": 0.3226709519261548,
        "f1_avg": 0.5122094985629099,
        "f1_std": 0.3729893750287712
    },
    "0.001": {
        "tpr": [
            0.7974801679888007,
            0.8887527709718819,
            0.7635442153093324
        ],
        "f1": [
            0.8871009602906826,
            0.9408676856569399,
            0.8656913576169876
        ],
        "tpr_avg": 0.8165923847566715,
        "tpr_std": 0.052872508452641714,
        "f1_avg": 0.8978866678548701,
        "f1_std": 0.031624027680839537
    },
    "0.003": {
        "tpr": [
            0.9245216985534298,
            0.9392719635981799,
            0.9031224513573343
        ],
        "f1": [
            0.9600823793082561,
            0.9679862927225179,
            0.9483987397913926
        ],
        "tpr_avg": 0.9223053711696481,
        "tpr_std": 0.014840954351991375,
        "f1_avg": 0.9588224706073888,
        "f1_std": 0.00804605845153597
    },
    "0.01": {
        "tpr": [
            0.964652356509566,
            0.9671566911678917,
            0.9600955376907842
        ],
        "f1": [
            0.9796232673853809,
            0.980918853356211,
            0.9772599246938837
        ],
        "tpr_avg": 0.9639681951227473,
        "tpr_std": 0.002923015532998683,
        "f1_avg": 0.9792673484784918,
        "f1_std": 0.001514804374654999
    },
    "0.03": {
        "tpr": [
            0.9861175921605226,
            0.9873993699684984,
            0.9885238261680065
        ],
        "f1": [
            0.9858875670632145,
            0.9866223660050712,
            0.9871149762950467
        ],
        "tpr_avg": 0.9873469294323426,
        "tpr_std": 0.0009830405322492019,
        "f1_avg": 0.9865416364544441,
        "f1_std": 0.0005043287954335097
    },
    "0.1": {
        "tpr": [
            0.9956252916472235,
            0.9959164624897912,
            0.9967959920773622
        ],
        "f1": [
            0.975399297122775,
            0.9745126580472072,
            0.9750690942245775
        ],
        "tpr_avg": 0.996112582071459,
        "tpr_std": 0.0004976491682681335,
        "f1_avg": 0.9749936831315199,
        "f1_std": 0.00036587551370925416
    },
    "auc": [
        0.9974852229239138,
        0.9976532360364325,
        0.9976602535129977
    ],
    "auc_avg": 0.997599570824448,
    "auc_std": 8.090691363852165e-05,
    "epoch_time_avg": 21.977023217413162
}