{
    "0.0001": {
        "tpr": [
            0.9377113209746998,
            0.9514718740891869,
            0.9698127515604037
        ],
        "f1": [
            0.9678399518652226,
            0.9751179879323736,
            0.9846604874292991
        ],
        "tpr_avg": 0.9529986488747634,
        "tpr_std": 0.013149746318125837,
        "f1_avg": 0.9758728090756318,
        "f1_std": 0.0068876662900348
    },
    "0.0003": {
        "tpr": [
            0.9725136994287047,
            0.9716409210142816,
            0.9760251997900018
        ],
        "f1": [
            0.9860070629608286,
            0.9855582326942691,
            0.9878088378545916
        ],
        "tpr_avg": 0.9733932734109961,
        "tpr_std": 0.001894854944061345,
        "f1_avg": 0.9864580445032298,
        "f1_std": 0.0009725719032912876
    },
    "0.001": {
        "tpr": [
            0.9795965955462282,
            0.980238997376858,
            0.9789126757277022
        ],
        "f1": [
            0.9894600482835776,
            0.989787810118014,
            0.9891107345465262
        ],
        "tpr_avg": 0.9795827562169294,
        "tpr_std": 0.0005415569680907213,
        "f1_avg": 0.9894528643160392,
        "f1_std": 0.0002764616180938051
    },
    "0.003": {
        "tpr": [
            0.9848431852629125,
            0.9863305158845818,
            0.9829668086099282
        ],
        "f1": [
            0.9916501577518527,
            0.9924046920821116,
            0.9906962388112351
        ],
        "tpr_avg": 0.9847135032524741,
        "tpr_std": 0.001376285998684561,
        "f1_avg": 0.9915836962150665,
        "f1_std": 0.0006990545980565876
    },
    "0.01": {
        "tpr": [
            0.9928005129998834,
            0.9877586709414165,
            0.9920375663536137
        ],
        "f1": [
            0.9940028891191104,
            0.9928080737062588,
            0.9936169901990856
        ],
        "tpr_avg": 0.9908655834316379,
        "tpr_std": 0.002218888732779515,
        "f1_avg": 0.9934759843414849,
        "f1_std": 0.0004978674231862713
    },
    "0.03": {
        "tpr": [
            0.998105398157864,
            0.9984844068784611,
            0.99851251239573
        ],
        "f1": [
            0.9919325637646105,
            0.9927984582614869,
            0.9922181807642704
        ],
        "tpr_avg": 0.9983674391440184,
        "tpr_std": 0.00018564587946552896,
        "f1_avg": 0.9923164009301226,
        "f1_std": 0.00036025798225277765
    },
    "0.1": {
        "tpr": [
            0.9997959659554623,
            0.9999417079568639,
            0.9998833343055474
        ],
        "f1": [
            0.9769581315864426,
            0.9766567979959008,
            0.9775585274744075
        ],
        "tpr_avg": 0.9998736694059578,
        "tpr_std": 5.9890124150779945e-05,
        "f1_avg": 0.977057819018917,
        "f1_std": 0.0003748174677955575
    },
    "auc": [
        0.9997261059140169,
        0.9997836296577194,
        0.9997508560340903
    ],
    "auc_avg": 0.9997535305352755,
    "auc_std": 2.355999419679921e-05
}