{
    "0.0001": {
        "tpr": [
            0.004905556574362736,
            0.0,
            0.0
        ],
        "f1": [
            0.00976321912496008,
            0.0,
            0.0
        ],
        "tpr_avg": 0.0016351855247875788,
        "f1_avg": 0.0032544063749866937
    },
    "0.001": {
        "tpr": [
            0.07179534201357052,
            0.11210721309975757,
            0.07099132023755139
        ],
        "f1": [
            0.1339262806807492,
            0.20154592549954772,
            0.13252601057479108
        ],
        "tpr_avg": 0.08496462511695983,
        "f1_avg": 0.15599940558502934
    },
    "0.01": {
        "tpr": [
            0.1430405281496424,
            0.260668709692174,
            0.09607126541799908
        ],
        "f1": [
            0.24943038733661113,
            0.41226896227438775,
            0.17468953773310628
        ],
        "tpr_avg": 0.16659350108660517,
        "f1_avg": 0.2787962957813684
    },
    "0.1": {
        "tpr": [
            0.47505960022006233,
            0.47559804235466313,
            0.28501598903608955
        ],
        "f1": [
            0.6274486057706863,
            0.6280692217087976,
            0.4306471095772217
        ],
        "tpr_avg": 0.41189121053693833,
        "f1_avg": 0.5620549790189019
    },
    "epoch_time_avg": 31.62086600727505
}