{
    "0.0001": {
        "tpr": [
            0.3035464302379841,
            0.0,
            0.0
        ],
        "f1": [
            0.46572400214784315,
            0.0,
            0.0
        ],
        "tpr_avg": 0.10118214341266137,
        "tpr_std": 0.14309315948416523,
        "f1_avg": 0.15524133404928106,
        "f1_std": 0.21954440005338538
    },
    "0.0003": {
        "tpr": [
            0.48740083994400374,
            0.1726169641815424,
            0.4831643947337761
        ],
        "f1": [
            0.6553211512822523,
            0.29438392279759235,
            0.6514806378132119
        ],
        "tpr_avg": 0.38106073295310744,
        "tpr_std": 0.1474021492873042,
        "f1_avg": 0.5337285706310189,
        "f1_std": 0.16924948590922748
    },
    "0.001": {
        "tpr": [
            0.7276014932337844,
            0.5467273363668184,
            0.770884306186648
        ],
        "f1": [
            0.8420981570242355,
            0.7067340321242742,
            0.8703916861249055
        ],
        "tpr_avg": 0.6817377119290836,
        "tpr_std": 0.09708828149808152,
        "f1_avg": 0.8064079584244718,
        "f1_std": 0.07142035020597196
    },
    "0.003": {
        "tpr": [
            0.811770881941204,
            0.7809473807023685,
            0.841139461726669
        ],
        "f1": [
            0.8954157953997105,
            0.8763132916571205,
            0.9130228587688514
        ],
        "tpr_avg": 0.8112859081234137,
        "tpr_std": 0.024575706896743186,
        "f1_avg": 0.8949173152752273,
        "f1_std": 0.014990762515819472
    },
    "0.01": {
        "tpr": [
            0.9239384041063929,
            0.8917862559794656,
            0.9122684376092275
        ],
        "f1": [
            0.9580838323353295,
            0.940420165482452,
            0.9517442567156923
        ],
        "tpr_avg": 0.9093310325650287,
        "tpr_std": 0.013289379684275033,
        "f1_avg": 0.950082751511158,
        "f1_std": 0.00730624077214731
    },
    "0.03": {
        "tpr": [
            0.9612109192720485,
            0.9551977598879944,
            0.9515903530234184
        ],
        "f1": [
            0.9731597129949507,
            0.96996623422783,
            0.9681434286560971
        ],
        "tpr_avg": 0.9559996773944871,
        "tpr_std": 0.0039683016939646935,
        "f1_avg": 0.9704231252929594,
        "f1_std": 0.0020732163781755778
    },
    "0.1": {
        "tpr": [
            0.9874591693887074,
            0.9865243262163108,
            0.9860188745193988
        ],
        "f1": [
            0.9704769548268746,
            0.9699176966533797,
            0.9697212753158211
        ],
        "tpr_avg": 0.986667456708139,
        "tpr_std": 0.0005966445513074767,
        "f1_avg": 0.9700386422653584,
        "f1_std": 0.0003201393047296731
    },
    "auc": [
        0.9941847414254015,
        0.9926591485248581,
        0.9932251016696549
    ],
    "auc_avg": 0.9933563305399714,
    "auc_std": 0.0006296952632559522,
    "epoch_time_avg": 70.28501900037129
}