{
    "0.0001": {
        "tpr": [
            0.3781333799696864,
            0.4333721946954241,
            0.35425538120515665
        ],
        "f1": [
            0.5487500528742439,
            0.6046766978446523,
            0.5231624060474231
        ],
        "tpr_avg": 0.388586985290089,
        "tpr_std": 0.03313433206770589,
        "f1_avg": 0.5588630522554398,
        "f1_std": 0.03403771936312229
    },
    "0.0003": {
        "tpr": [
            0.6016381019004314,
            0.5630428446517051,
            0.4883625969783585
        ],
        "f1": [
            0.751223773042418,
            0.7203908114558473,
            0.6561899909864012
        ],
        "tpr_avg": 0.5510145145101649,
        "tpr_std": 0.0470201768629387,
        "f1_avg": 0.7092681918282221,
        "f1_std": 0.039586524925393926
    },
    "0.001": {
        "tpr": [
            0.7863472076483619,
            0.7073447974351501,
            0.7471562736977192
        ],
        "f1": [
            0.8801670418583407,
            0.8283641948971756,
            0.8550543233365042
        ],
        "tpr_avg": 0.7469494262604104,
        "tpr_std": 0.03225293055698853,
        "f1_avg": 0.8545285200306735,
        "f1_std": 0.021151691660602313
    },
    "0.003": {
        "tpr": [
            0.8910749679375073,
            0.8571844943165258,
            0.8861342822143149
        ],
        "f1": [
            0.9416892557910301,
            0.9223917577506312,
            0.9389186767000943
        ],
        "tpr_avg": 0.878131248156116,
        "tpr_std": 0.014948299037373894,
        "f1_avg": 0.9343332300805852,
        "f1_std": 0.008519315237743613
    },
    "0.01": {
        "tpr": [
            0.9384983094322024,
            0.9220635383270184,
            0.9435629703085807
        ],
        "f1": [
            0.9658917054147292,
            0.9570715474209651,
            0.9685783146958877
        ],
        "tpr_avg": 0.9347082726892672,
        "tpr_std": 0.00917713382151732,
        "f1_avg": 0.9638471891771939,
        "f1_std": 0.004915042099783504
    },
    "0.03": {
        "tpr": [
            0.9699778477323073,
            0.9670067035849607,
            0.9698419179840168
        ],
        "f1": [
            0.9776576523642346,
            0.9760962621909063,
            0.9775830895647444
        ],
        "tpr_avg": 0.9689421564337616,
        "tpr_std": 0.0013696964436366403,
        "f1_avg": 0.9771123347066283,
        "f1_std": 0.0007191163191359269
    },
    "0.1": {
        "tpr": [
            0.9909642065990439,
            0.9899446225590207,
            0.9913667386105116
        ],
        "f1": [
            0.9721074527856806,
            0.9717056703095497,
            0.9722400995409105
        ],
        "tpr_avg": 0.9907585225895255,
        "tpr_std": 0.0005985164714000355,
        "f1_avg": 0.9720177408787136,
        "f1_std": 0.00022721475967605077
    },
    "auc": [
        0.9957379258696135,
        0.994702977824258,
        0.995500336490009
    ],
    "auc_avg": 0.9953137467279601,
    "auc_std": 0.00044263692316419125
}