{
    "pretrained": {
        "fpr_0.0001": {
            "f1": [
                0.8434278476639758,
                0.8569332682205417
            ],
            "tpr": [
                0.7547246258643315,
                0.7756935568516454
            ],
            "f1_mean": 0.8501805579422588,
            "f1_std": 0.006752710278282947,
            "tpr_mean": 0.7652090913579885,
            "tpr_std": 0.010484465493656947
        },
        "fpr_0.0003": {
            "f1": [
                0.8434278476639758,
                0.8569332682205417
            ],
            "tpr": [
                0.7547246258643315,
                0.7756935568516454
            ],
            "f1_mean": 0.8501805579422588,
            "f1_std": 0.006752710278282947,
            "tpr_mean": 0.7652090913579885,
            "tpr_std": 0.010484465493656947
        },
        "fpr_0.001": {
            "f1": [
                0.8434278476639758,
                0.8569332682205417
            ],
            "tpr": [
                0.7547246258643315,
                0.7756935568516454
            ],
            "f1_mean": 0.8501805579422588,
            "f1_std": 0.006752710278282947,
            "tpr_mean": 0.7652090913579885,
            "tpr_std": 0.010484465493656947
        },
        "fpr_0.003": {
            "f1": [
                0.8434278476639758,
                0.8569332682205417
            ],
            "tpr": [
                0.7547246258643315,
                0.7756935568516454
            ],
            "f1_mean": 0.8501805579422588,
            "f1_std": 0.006752710278282947,
            "tpr_mean": 0.7652090913579885,
            "tpr_std": 0.010484465493656947
        },
        "fpr_0.01": {
            "f1": [
                0.8434278476639758,
                0.8569332682205417
            ],
            "tpr": [
                0.7547246258643315,
                0.7756935568516454
            ],
            "f1_mean": 0.8501805579422588,
            "f1_std": 0.006752710278282947,
            "tpr_mean": 0.7652090913579885,
            "tpr_std": 0.010484465493656947
        },
        "fpr_0.03": {
            "f1": [
                0.8434278476639758,
                0.8569332682205417
            ],
            "tpr": [
                0.7547246258643315,
                0.7756935568516454
            ],
            "f1_mean": 0.8501805579422588,
            "f1_std": 0.006752710278282947,
            "tpr_mean": 0.7652090913579885,
            "tpr_std": 0.010484465493656947
        },
        "fpr_0.1": {
            "f1": [
                0.8504452991667222,
                0.863410900065821
            ],
            "tpr": [
                0.7725555082172731,
                0.7925746843026261
            ],
            "f1_mean": 0.8569280996162716,
            "f1_std": 0.0064828004495494085,
            "tpr_mean": 0.7825650962599496,
            "tpr_std": 0.010009588042676487
        }
    },
    "non_pretrained": {
        "fpr_0.0001": {
            "f1": [
                0.8150223821694073,
                0.8150934435365609
            ],
            "tpr": [
                0.7274597772529767,
                0.7260497340690355
            ],
            "f1_mean": 0.815057912852984,
            "f1_std": 3.5530683576812105e-05,
            "tpr_mean": 0.7267547556610061,
            "tpr_std": 0.0007050215919706115
        },
        "fpr_0.0003": {
            "f1": [
                0.8150223821694073,
                0.8150934435365609
            ],
            "tpr": [
                0.7274597772529767,
                0.7260497340690355
            ],
            "f1_mean": 0.815057912852984,
            "f1_std": 3.5530683576812105e-05,
            "tpr_mean": 0.7267547556610061,
            "tpr_std": 0.0007050215919706115
        },
        "fpr_0.001": {
            "f1": [
                0.8150223821694073,
                0.8150934435365609
            ],
            "tpr": [
                0.7274597772529767,
                0.7260497340690355
            ],
            "f1_mean": 0.815057912852984,
            "f1_std": 3.5530683576812105e-05,
            "tpr_mean": 0.7267547556610061,
            "tpr_std": 0.0007050215919706115
        },
        "fpr_0.003": {
            "f1": [
                0.8150223821694073,
                0.8150934435365609
            ],
            "tpr": [
                0.7274597772529767,
                0.7260497340690355
            ],
            "f1_mean": 0.815057912852984,
            "f1_std": 3.5530683576812105e-05,
            "tpr_mean": 0.7267547556610061,
            "tpr_std": 0.0007050215919706115
        },
        "fpr_0.01": {
            "f1": [
                0.8150223821694073,
                0.8150934435365609
            ],
            "tpr": [
                0.7274597772529767,
                0.7260497340690355
            ],
            "f1_mean": 0.815057912852984,
            "f1_std": 3.5530683576812105e-05,
            "tpr_mean": 0.7267547556610061,
            "tpr_std": 0.0007050215919706115
        },
        "fpr_0.03": {
            "f1": [
                0.8150223821694073,
                0.8150934435365609
            ],
            "tpr": [
                0.7274597772529767,
                0.7260497340690355
            ],
            "f1_mean": 0.815057912852984,
            "f1_std": 3.5530683576812105e-05,
            "tpr_mean": 0.7267547556610061,
            "tpr_std": 0.0007050215919706115
        },
        "fpr_0.1": {
            "f1": [
                0.8249227860955466,
                0.8272243375608376
            ],
            "tpr": [
                0.7479254635274861,
                0.7502531654415845
            ],
            "f1_mean": 0.826073561828192,
            "f1_std": 0.0011507757326454926,
            "tpr_mean": 0.7490893144845353,
            "tpr_std": 0.001163850957049184
        }
    },
    "full_data": {
        "fpr_0.0001": {
            "f1": [
                0.821492603814123,
                0.817991820901781
            ],
            "tpr": [
                0.7353499076820146,
                0.7305085794515939
            ],
            "f1_mean": 0.8197422123579521,
            "f1_std": 0.0017503914561710077,
            "tpr_mean": 0.7329292435668042,
            "tpr_std": 0.002420664115210358
        },
        "fpr_0.0003": {
            "f1": [
                0.821492603814123,
                0.817991820901781
            ],
            "tpr": [
                0.7353499076820146,
                0.7305085794515939
            ],
            "f1_mean": 0.8197422123579521,
            "f1_std": 0.0017503914561710077,
            "tpr_mean": 0.7329292435668042,
            "tpr_std": 0.002420664115210358
        },
        "fpr_0.001": {
            "f1": [
                0.821492603814123,
                0.817991820901781
            ],
            "tpr": [
                0.7353499076820146,
                0.7305085794515939
            ],
            "f1_mean": 0.8197422123579521,
            "f1_std": 0.0017503914561710077,
            "tpr_mean": 0.7329292435668042,
            "tpr_std": 0.002420664115210358
        },
        "fpr_0.003": {
            "f1": [
                0.821492603814123,
                0.817991820901781
            ],
            "tpr": [
                0.7353499076820146,
                0.7305085794515939
            ],
            "f1_mean": 0.8197422123579521,
            "f1_std": 0.0017503914561710077,
            "tpr_mean": 0.7329292435668042,
            "tpr_std": 0.002420664115210358
        },
        "fpr_0.01": {
            "f1": [
                0.821492603814123,
                0.817991820901781
            ],
            "tpr": [
                0.7353499076820146,
                0.7305085794515939
            ],
            "f1_mean": 0.8197422123579521,
            "f1_std": 0.0017503914561710077,