{
    "0.0001": {
        "tpr": [
            0.0,
            0.0,
            0.0
        ],
        "f1": [
            0.0,
            0.0,
            0.0
        ],
        "tpr_avg": 0.0,
        "tpr_std": 0.0,
        "f1_avg": 0.0,
        "f1_std": 0.0
    },
    "0.0003": {
        "tpr": [
            0.0,
            0.8150157507875394,
            0.5863917045322149
        ],
        "f1": [
            0.0,
            0.8980234613530451,
            0.7392501744207395
        ],
        "tpr_avg": 0.4671358184399181,
        "tpr_std": 0.3432483486570507,
        "f1_avg": 0.5457578785912616,
        "f1_std": 0.39131486528893644
    },
    "0.001": {
        "tpr": [
            0.8452519832011199,
            0.8676933846692335,
            0.8402073866946289
        ],
        "f1": [
            0.9159055715324084,
            0.928928303772171,
            0.9129347722885084
        ],
        "tpr_avg": 0.8510509181883275,
        "tpr_std": 0.011946847740565616,
        "f1_avg": 0.9192562158643627,
        "f1_std": 0.006945904088461966
    },
    "0.003": {
        "tpr": [
            0.9424288380774615,
            0.949830824874577,
            0.9268321099848538
        ],
        "f1": [
            0.969662415603901,
            0.9735709160487922,
            0.9613293051359517
        ],
        "tpr_avg": 0.9396972576456308,
        "tpr_std": 0.009585800971101826,
        "f1_avg": 0.9681875455962149,
        "f1_std": 0.005105271170729499
    },
    "0.01": {
        "tpr": [
            0.975443303779748,
            0.9770738536926846,
            0.9670278457415822
        ],
        "f1": [
            0.9851836578397007,
            0.9860183086568747,
            0.9808555896951074
        ],
        "tpr_avg": 0.9731816677380051,
        "tpr_std": 0.004402031131753215,
        "f1_avg": 0.9840191853972277,
        "f1_std": 0.0022628026606411823
    },
    "0.03": {
        "tpr": [
            0.9896173588427438,
            0.9873410337183526,
            0.9854363276243737
        ],
        "f1": [
            0.9877448839984864,
            0.9865928300786944,
            0.9855798642468028
        ],
        "tpr_avg": 0.9874649067284901,
        "tpr_std": 0.0017091447967188603,
        "f1_avg": 0.9866391927746611,
        "f1_std": 0.0008844733860620138
    },
    "0.1": {
        "tpr": [
            0.9959752683154456,
            0.994516392486291,
            0.994582313876267
        ],
        "f1": [
            0.9746560876762372,
            0.9739766332447796,
            0.9740137490372821
        ],
        "tpr_avg": 0.9950246582260012,
        "tpr_std": 0.00067272137076662,
        "f1_avg": 0.9742154899860996,
        "f1_std": 0.00031191787266224936
    },
    "auc": [
        0.9978993109643031,
        0.9978687499701517,
        0.9974655910221043
    ],
    "auc_avg": 0.9977445506521864,
    "auc_std": 0.000197648425244627
}