{
    "0.0001": {
        "tpr": [
            0.0,
            0.0,
            0.7018899842501313
        ],
        "f1": [
            0.0,
            0.0,
            0.8248217713188922
        ],
        "tpr_avg": 0.23396332808337708,
        "tpr_std": 0.3308741116734579,
        "f1_avg": 0.27494059043963076,
        "f1_std": 0.3888247118465923
    },
    "0.0003": {
        "tpr": [
            0.8651626442812173,
            0.7570096181871174,
            0.8651636236364697
        ],
        "f1": [
            0.9276494671375441,
            0.8616451307910495,
            0.9276499929635827
        ],
        "tpr_avg": 0.8291119620349349,
        "tpr_std": 0.05098405627580351,
        "f1_avg": 0.9056481969640587,
        "f1_std": 0.031114866484675752
    },
    "0.001": {
        "tpr": [
            0.9522268858575259,
            0.936461672981638,
            0.9318964008633261
        ],
        "f1": [
            0.9752959264400758,
            0.966955579631636,
            0.9645148144234978
        ],
        "tpr_avg": 0.9401949865674967,
        "tpr_std": 0.008709587735081124,
        "f1_avg": 0.9689221068317365,
        "f1_std": 0.004615807332782405
    },
    "0.003": {
        "tpr": [
            0.9698612568497144,
            0.9627222384144565,
            0.9490754243714635
        ],
        "f1": [
            0.9839866333486124,
            0.9802938121382995,
            0.9731588785046729
        ],
        "tpr_avg": 0.960552973211878,
        "tpr_std": 0.008623301440199292,
        "f1_avg": 0.9791464413305282,
        "f1_std": 0.004494249182233374
    },
    "0.01": {
        "tpr": [
            0.983356651509852,
            0.9835033517924803,
            0.9821501487487604
        ],
        "f1": [
            0.989224295914029,
            0.9892990119909701,
            0.9886090071046915
        ],
        "tpr_avg": 0.9830033840170308,
        "tpr_std": 0.0006062936914819774,
        "f1_avg": 0.9890441050032303,
        "f1_std": 0.0003091690573381053
    },
    "0.03": {
        "tpr": [
            0.9924507403521045,
            0.9920139900903526,
            0.9927083940967159
        ],
        "f1": [
            0.9890777051561365,
            0.9889442563886508,
            0.9892029354065247
        ],
        "tpr_avg": 0.9923910415130578,
        "tpr_std": 0.0002866149502392565,
        "f1_avg": 0.9890749656504374,
        "f1_std": 0.00010562303170760685
    },
    "0.1": {
        "tpr": [
            0.9977264777894369,
            0.9977849023608277,
            0.997433354722044
        ],
        "f1": [
            0.9754637941352484,
            0.9756472918477563,
            0.9753579373680907
        ],
        "tpr_avg": 0.9976482449574361,
        "tpr_std": 0.00015381096100028339,
        "f1_avg": 0.975489674450365,
        "f1_std": 0.00011953757222046592
    },
    "auc": [
        0.9989218685012833,
        0.998783404002523,
        0.9987854199554917
    ],
    "auc_avg": 0.998830230819766,
    "auc_std": 6.480285241659439e-05,
    "epoch_time_avg": 0.027502963717778522
}