{
    "0.0001": {
        "tpr": [
            0.07041995231982395,
            0.07629328088551433,
            0.0
        ],
        "f1": [
            0.13157443892410486,
            0.1417704304959415,
            0.0
        ],
        "tpr_avg": 0.0489044110684461,
        "f1_avg": 0.09111495647334879
    },
    "0.001": {
        "tpr": [
            0.16600953603521,
            0.16502767232310295,
            0.1745089081772499
        ],
        "f1": [
            0.28465862190951613,
            0.28321362690843443,
            0.2970682012598181
        ],
        "tpr_avg": 0.16851537217852094,
        "f1_avg": 0.2883134833592562
    },
    "0.01": {
        "tpr": [
            0.3390335595085274,
            0.37369071033252527,
            0.31142074006395615
        ],
        "f1": [
            0.5049160180253995,
            0.5425327046948668,
            0.473550762391025
        ],
        "tpr_avg": 0.3413816699683363,
        "f1_avg": 0.5069998283704304
    },
    "0.1": {
        "tpr": [
            0.570786722904823,
            0.5851438503407583,
            0.5238921882137962
        ],
        "f1": [
            0.7090582908562802,
            0.7206106010251788,
            0.6705452419236954
        ],
        "tpr_avg": 0.5599409204864592,
        "f1_avg": 0.7000713779350515
    },
    "epoch_time_avg": 95.72575947973463
}