{
    "0.0001": {
        "tpr": [
            0.0,
            0.06609339980789462,
            0.0
        ],
        "f1": [
            0.0,
            0.12399176248498373,
            0.0
        ],
        "tpr_avg": 0.022031133269298207,
        "f1_avg": 0.041330587494994575
    },
    "0.001": {
        "tpr": [
            0.15220979277461946,
            0.15711476009696748,
            0.10269529465509365
        ],
        "f1": [
            0.26412092283214,
            0.2714771200505809,
            0.18620061293796075
        ],
        "tpr_avg": 0.1373399491755602,
        "f1_avg": 0.24059955194022722
    },
    "0.01": {
        "tpr": [
            0.3498532917660004,
            0.33668755431551023,
            0.29972590223846507
        ],
        "f1": [
            0.5168653481441343,
            0.5023030468456787,
            0.45985631680392497
        ],
        "tpr_avg": 0.32875558277332523,
        "f1_avg": 0.49300823726457926
    },
    "0.1": {
        "tpr": [
            0.6105813313772236,
            0.6034396011526323,
            0.5329374143444495
        ],
        "f1": [
            0.7401973044324024,
            0.7348632540522475,
            0.6782163827684438
        ],
        "tpr_avg": 0.5823194489581018,
        "f1_avg": 0.7177589804176979
    },
    "epoch_time_avg": 96.14511561393738
}