{
    "0.0001": {
        "tpr": [
            0.07445442875481387,
            0.0,
            0.0
        ],
        "f1": [
            0.13859020310633213,
            0.0,
            0.0
        ],
        "tpr_avg": 0.02481814291827129,
        "f1_avg": 0.04619673436877738
    },
    "0.001": {
        "tpr": [
            0.12085090775719787,
            0.12976261263321592,
            0.13462768387391502
        ],
        "f1": [
            0.215570821066405,
            0.22964222114294963,
            0.2372308311531495
        ],
        "tpr_avg": 0.12841373475477627,
        "f1_avg": 0.2274812911208347
    },
    "0.01": {
        "tpr": [
            0.3421969558041445,
            0.35104971870283125,
            0.3935587026039287
        ],
        "f1": [
            0.5084295494022683,
            0.5181784424264929,
            0.5632743796789696
        ],
        "tpr_avg": 0.3622684590369682,
        "f1_avg": 0.5299607905025769
    },
    "0.1": {
        "tpr": [
            0.6089308637447277,
            0.7195261400539724,
            0.8655550479671082
        ],
        "f1": [
            0.7389357144844084,
            0.8183851836437416,
            0.9090778236253719
        ],
        "tpr_avg": 0.7313373505886028,
        "f1_avg": 0.8221329072511739
    },
    "epoch_time_avg": 48.21912778748406
}