{
    "0.0001": {
        "tpr": [
            0.0,
            0.0610163289575996,
            0.027866605756052994
        ],
        "f1": [
            0.0,
            0.11501487261283787,
            0.05422222222222222
        ],
        "tpr_avg": 0.029627644904550863,
        "f1_avg": 0.05641236494502003
    },
    "0.001": {
        "tpr": [
            0.21043462314322392,
            0.164295842290628,
            0.17313841936957514
        ],
        "f1": [
            0.34759560772434683,
            0.2821348623492911,
            0.2950794145126129
        ],
        "tpr_avg": 0.18262296160114233,
        "f1_avg": 0.30826996152875025
    },
    "0.01": {
        "tpr": [
            0.4059233449477352,
            0.3152815258656177,
            0.3611238008222933
        ],
        "f1": [
            0.5758511918311598,
            0.4780000693457231,
            0.5291341745038322
        ],
        "tpr_avg": 0.36077622387854874,
        "f1_avg": 0.5276618118935716
    },
    "0.1": {
        "tpr": [
            0.645562075921511,
            0.628596258518959,
            0.5842850616719963
        ],
        "f1": [
            0.7663546315445737,
            0.7539499670836076,
            0.7200157626593858
        ],
        "tpr_avg": 0.6194811320374888,
        "f1_avg": 0.7467734537625224
    },
    "epoch_time_avg": 96.494649304284
}