{
    "pretrained": {
        "fpr_0.0001": {
            "f1": [
                0.12277899780395289,
                0.0008504305304560433,
                0.057432083462452224
            ],
            "tpr": [
                0.0654046580878443,
                0.000425396150164841,
                0.02956503243645645
            ],
            "f1_mean": 0.06035383726562038,
            "f1_std": 0.04981998503483421,
            "tpr_mean": 0.031798362224821866,
            "tpr_std": 0.02657463630292476
        },
        "fpr_0.0003": {
            "f1": [
                0.14771048744460857,
                0.002124269782262347,
                0.22144478063540093
            ],
            "tpr": [
                0.0797617781559077,
                0.0010634903754121025,
                0.12453472296075721
            ],
            "f1_mean": 0.12375984595409062,
            "f1_std": 0.0911248101637745,
            "tpr_mean": 0.06845333049735901,
            "tpr_std": 0.05103722210550974
        },
        "fpr_0.001": {
            "f1": [
                0.18074618209936208,
                0.004242231413723619,
                0.25706083896657095
            ],
            "tpr": [
                0.09943635010103159,
                0.002126980750824205,
                0.14761246410719983
            ],
            "f1_mean": 0.14734975082655222,
            "f1_std": 0.10587981645104287,
            "tpr_mean": 0.0830585983196852,
            "tpr_std": 0.060512695813457786
        },
        "fpr_0.003": {
            "f1": [
                0.29347334117860047,
                0.007399577167019027,
                0.28005838350665935
            ],
            "tpr": [
                0.1723917898543018,
                0.0037222163139423586,
                0.16324577262575773
            ],
            "f1_mean": 0.19364376728409294,
            "f1_std": 0.13180835592280324,
            "tpr_mean": 0.11311992626466731,
            "tpr_std": 0.0774459235623301
        },
        "fpr_0.01": {
            "f1": [
                0.4127542053728346,
                0.01860173476852336,
                0.36711149375807145
            ],
            "tpr": [
                0.26225672657662447,
                0.009465064341167713,
                0.22673614803786027
            ],
            "f1_mean": 0.26615581129980975,
            "f1_std": 0.17603613243939556,
            "tpr_mean": 0.16615264631855084,
            "tpr_std": 0.11173980679647844
        },
        "fpr_0.03": {
            "f1": [
                0.5575168287210173,
                0.4105818361628482,
                0.506274206041828
            ],
            "tpr": [
                0.39636286291609063,
                0.26491545251515475,
                0.3475486546846751
            ],
            "f1_mean": 0.4914576236418979,
            "f1_std": 0.06089401363586703,
            "tpr_mean": 0.33627565670530685,
            "tpr_std": 0.05425197869116633
        },
        "fpr_0.1": {
            "f1": [
                0.6711829077644607,
                0.6384199639687729,
                0.5955953200275292
            ],
            "tpr": [
                0.5479102414123153,
                0.5087737955971499,
                0.4601722854408168
            ],
            "f1_mean": 0.6350660639202542,
            "f1_std": 0.03094950014807634,
            "tpr_mean": 0.5056187741500939,
            "tpr_std": 0.035888278957181254
        },
        "auc": [
            0.8656738643865349,
            0.8525881560974272,
            0.8621513647621579
        ]
    },
    "non_pretrained": {
        "fpr_0.0001": {
            "f1": [
                0.041245703572544534,
                0.045520681770941596,
                0.04612987012987013
            ],
            "tpr": [
                0.02105710943315963,
                0.023290439221525044,
                0.023609486334148676
            ],
            "f1_mean": 0.04429875182445209,
            "f1_std": 0.0021731091912312083,
            "tpr_mean": 0.022652344996277784,
            "tpr_std": 0.001135496995855717
        },
        "fpr_0.0003": {
            "f1": [
                0.14148799525738562,
                0.10840707964601769,
                0.08588582476849496
            ],
            "tpr": [
                0.07614591087950653,
                0.057322131234712324,
                0.04487929384239073
            ],
            "f1_mean": 0.11192696655729943,
            "f1_std": 0.022835535811100427,
            "tpr_mean": 0.05944911198553653,
            "tpr_std": 0.012852843280047613
        },
        "fpr_0.001": {
            "f1": [
                0.19262531207989245,
                0.17545560294687865,
                0.18144927536231883
            ],
            "tpr": [
                0.10666808465383389,
                0.09624587897479528,
                0.09986174625119643
            ],
            "f1_mean": 0.18317673012969662,
            "f1_std": 0.007115138926171277,
            "tpr_mean": 0.10092523662660853,
            "tpr_std": 0.004320790949042531
        },
        "fpr_0.003": {
            "f1": [
                0.2886448216392848,
                0.26884583601138556,
                0.25941654357459376
            ],
            "tpr": [
                0.1690949696905243,
                0.15569499096033182,
                0.1494203977454004
            ],
            "f1_mean": 0.2723024004084214,
            "f1_std": 0.01218014607821177,
            "tpr_mean": 0.15807011946541882,
            "tpr_std": 0.00820581589962151
        },
        "fpr_0.01": {
            "f1": [
                0.40742295742715595,
                0.3718774143703322,
                0.35207229125032585
            ],
            "tpr": [
                0.25800276507497605,
                0.23035201531426142,
                0.21546315005849198
            ],
            "f1_mean": 0.377124221015938,
            "f1_std": 0.022899356563551455,
            "tpr_mean": 0.2346059768159098,
            "tpr_std": 0.01762530099564826
        },
        "fpr_0.03": {
            "f1": [
                0.49092331768388114,
                0.4868978503059783,
                0.46571201272871915
            ],
            "tpr": [
                0.33361693076677656,
                0.3300010634903754,
                0.3112836328831224
            ],
            "f1_mean": 0.4811777269061928,
            "f1_std": 0.011058701948152979,
            "tpr_mean": 0.32496720904675813,
            "tpr_std": 0.009787707137345026
        },
        "fpr_0.1": {
            "f1": [
                0.619724025974026,
                0.5970436576143004,
                0.5783972125435539
            ],
            "tpr": [
                0.4871849409762842,
                0.4617675210039349,
                0.4413485057960225
            ],
            "f1_mean": 0.5983882987106267,
            "f1_std": 0.01689837116090796,
            "tpr_mean": 0.4634336559254139,
            "tpr_std": 0.01874969691650171
        },
        "auc": [
            0.8394614043079491,
            0.816232211449311,
            0.8115725118935799
        ]
    },
    "full_data": {
        "fpr_0.0001": {
            "f1": [
                0.0258240604660928,
                0.07945261437908496,
                0.22148666540571213
            ],
            "tpr": [
                0.013080931617568861,
                0.041369775603530785,
                0.12453472296075721
            ],
            "f1_mean": 0.1089211134169633,
            "f1_std": 0.08255203639563134,
            "tpr_mean": 0.05966181006061896,
            "tpr_std": 0.047303529076431615
        },
        "fpr_0.0003": {
            "f1": [
                0.32814860901253223,
                0.40118997025074377,
                0.4099746407438714
            ],