{
    "0.0001": {
        "tpr": [
            0.9925082409349716,
            0.9908449647306018,
            0.9930962029116014
        ],
        "f1": [
            0.9961651251973832,
            0.995326398311473,
            0.9965361445783133
        ],
        "tpr_avg": 0.9921498028590583,
        "tpr_std": 0.000953371815399052,
        "f1_avg": 0.9960092226957231,
        "f1_std": 0.0005060307632620972
    },
    "0.0003": {
        "tpr": [
            0.9928079112975726,
            0.9908449647306018,
            0.9936965330932013
        ],
        "f1": [
            0.9961662782830939,
            0.995326398311473,
            0.9965382299819385
        ],
        "tpr_avg": 0.9924498030404586,
        "tpr_std": 0.0011913694289918406,
        "f1_avg": 0.9960103021921686,
        "f1_std": 0.0005068730314987686
    },
    "0.001": {
        "tpr": [
            0.9937069223853761,
            0.9908449647306018,
            0.9941467807294012
        ],
        "f1": [
            0.9963193870652745,
            0.995326398311473,
            0.9965397923875433
        ],
        "tpr_avg": 0.9928995559484597,
        "tpr_std": 0.0014638710428349947,
        "f1_avg": 0.9960618592547635,
        "f1_std": 0.0005277762946871528
    },
    "0.003": {
        "tpr": [
            0.9955049445609829,
            0.9956476061834009,
            0.9962479363650008
        ],
        "f1": [
            0.9949086552860138,
            0.995124878121953,
            0.9955755530558681
        ],
        "tpr_avg": 0.995800162369795,
        "tpr_std": 0.00032193606789208035,
        "f1_avg": 0.9952030288212783,
        "f1_std": 0.0002778114561027887
    },
    "0.01": {
        "tpr": [
            0.9961042852861852,
            0.9963980189104007,
            0.9974485967282005
        ],
        "f1": [
            0.9931281744846132,
            0.9931189229618549,
            0.9943891673524351
        ],
        "tpr_avg": 0.9966503003082622,
        "tpr_std": 0.0005770775459523091,
        "f1_avg": 0.9935454215996344,
        "f1_std": 0.0005966302982558242
    },
    "0.03": {
        "tpr": [
            0.9995504944560983,
            0.9998499174546001,
            1.0
        ],
        "f1": [
            0.9709628120224146,
            0.972270869819031,
            0.970928961748634
        ],
        "tpr_avg": 0.9998001373035662,
        "tpr_std": 0.00018685530244425802,
        "f1_avg": 0.9713875478633599,
        "f1_std": 0.0006247558020468239
    },
    "0.1": {
        "tpr": [
            0.9998501648186995,
            1.0,
            1.0
        ],
        "f1": [
            0.9092519416814281,
            0.9103080811530843,
            0.9090661027355208
        ],
        "tpr_avg": 0.9999500549395665,
        "tpr_std": 7.063298183860766e-05,
        "f1_avg": 0.9095420418566778,
        "f1_std": 0.0005469589754166562
    },
    "auc": [
        0.9999188983068646,
        0.99991969227823,
        0.9999619138955608
    ],
    "auc_avg": 0.9999335014935519,
    "auc_std": 2.009321674217551e-05,
    "epoch_time_avg": 0.029657268865903218
}