{
    "pretrained": {
        "fpr_0.0001": {
            "f1": [
                0.1352503718393654,
                0.120527683389966,
                0.006149279050042409
            ],
            "tpr": [
                0.07253004360310539,
                0.06412846963734978,
                0.003084122088695097
            ],
            "f1_mean": 0.08730911142645793,
            "f1_std": 0.05770256021079376,
            "tpr_mean": 0.04658087844305009,
            "tpr_std": 0.03094750901433056
        },
        "fpr_0.0003": {
            "f1": [
                0.15225933202357564,
                0.16666666666666666,
                0.16702397193529525
            ],
            "tpr": [
                0.08242050409443795,
                0.09092842709773477,
                0.09114112517281718
            ],
            "f1_mean": 0.16198332354184586,
            "f1_std": 0.006877447445542116,
            "tpr_mean": 0.0881633521216633,
            "tpr_std": 0.00406173507388493
        },
        "fpr_0.001": {
            "f1": [
                0.19175713325007204,
                0.18513161700896733,
                0.20589076351158137
            ],
            "tpr": [
                0.10613633946612783,
                0.10209507603956185,
                0.11485696054450707
            ],
            "f1_mean": 0.1942598379235402,
            "f1_std": 0.008657682095156796,
            "tpr_mean": 0.10769612535006558,
            "tpr_std": 0.005325481075745732
        },
        "fpr_0.003": {
            "f1": [
                0.23315528066722896,
                0.24466995624243557,
                0.25102040816326526
            ],
            "tpr": [
                0.13229820270126555,
                0.13974263532915027,
                0.14389024779325746
            ],
            "f1_mean": 0.24294854835764323,
            "f1_std": 0.007394282878989548,
            "tpr_mean": 0.13864369527455775,
            "tpr_std": 0.004795805756866047
        },
        "fpr_0.01": {
            "f1": [
                0.41009305054908207,
                0.37883579793144717,
                0.351356050069541
            ],
            "tpr": [
                0.2601297458258003,
                0.23566946719132192,
                0.2149314048707859
            ],
            "f1_mean": 0.38009496618335675,
            "f1_std": 0.02399580428392103,
            "tpr_mean": 0.23691020596263604,
            "tpr_std": 0.018472990748575138
        },
        "fpr_0.03": {
            "f1": [
                0.5844098649442161,
                0.4962183235867446,
                0.44917980057896434
            ],
            "tpr": [
                0.423375518451558,
                0.33840263745613103,
                0.29703286185260025
            ],
            "f1_mean": 0.509935996369975,
            "f1_std": 0.05605309082764522,
            "tpr_mean": 0.3529370059200964,
            "tpr_std": 0.052593108668375146
        },
        "fpr_0.1": {
            "f1": [
                0.6376018159967953,
                0.6135761364408506,
                0.6166779661016949
            ],
            "tpr": [
                0.5078166542592789,
                0.4801659044985643,
                0.4836754227374242
            ],
            "f1_mean": 0.6226186395131136,
            "f1_std": 0.010670114650027207,
            "tpr_mean": 0.4905526604984225,
            "tpr_std": 0.012291278479702327
        },
        "auc": [
            0.8651848900074052,
            0.8396689138149207,
            0.808687408927675
        ]
    },
    "non_pretrained": {
        "fpr_0.0001": {
            "f1": [
                0.07630932896890344,
                0.11165779696756702,
                0.049979261717129825
            ],
            "tpr": [
                0.039668191002871424,
                0.0591300648729129,
                0.02563011804743167
            ],
            "f1_mean": 0.0793154625512001,
            "f1_std": 0.025269719125148114,
            "tpr_mean": 0.041476124641072,
            "tpr_std": 0.013735915874272099
        },
        "fpr_0.0003": {
            "f1": [
                0.17909002904162635,
                0.18208176282980576,
                0.23247509866566438
            ],
            "tpr": [
                0.09837285972561949,
                0.10018079336382006,
                0.13155375943847708
            ],
            "f1_mean": 0.19788229684569883,
            "f1_std": 0.024491278326258546,
            "tpr_mean": 0.11003580417597221,
            "tpr_std": 0.015233383406615114
        },
        "fpr_0.001": {
            "f1": [
                0.23846513804398686,
                0.24290515309932784,
                0.2826642335766423
            ],
            "tpr": [
                0.13548867382750185,
                0.13836009784111453,
                0.16473465915133467
            ],
            "f1_mean": 0.2546781749066523,
            "f1_std": 0.019871974290995905,
            "tpr_mean": 0.1461944769399837,
            "tpr_std": 0.01316219425194902
        },
        "fpr_0.003": {
            "f1": [
                0.3019003872827164,
                0.31419885550786836,
                0.3483136224266316
            ],
            "tpr": [
                0.1782409869190684,
                0.1868552589599064,
                0.211421886631926
            ],
            "f1_mean": 0.3214709550724055,
            "f1_std": 0.01963346926701947,
            "tpr_mean": 0.19217271083696694,
            "tpr_std": 0.014058200389507404
        },
        "fpr_0.01": {
            "f1": [
                0.4477001145850385,
                0.41821669864042027,
                0.42291701313820057
            ],
            "tpr": [
                0.29086461767521005,
                0.2666170371158141,
                0.27044560246729765
            ],
            "f1_mean": 0.42961127545455313,
            "f1_std": 0.012933878379690691,
            "tpr_mean": 0.2759757524194406,
            "tpr_std": 0.010643408276674949
        },
        "fpr_0.03": {
            "f1": [
                0.5595638210471282,
                0.5379425365779699,
                0.5196161228406909
            ],
            "tpr": [
                0.3983834946293736,
                0.377326385196214,
                0.3598851430394555
            ],
            "f1_mean": 0.5390408268219297,
            "f1_std": 0.016327059933193347,
            "tpr_mean": 0.3785316742883477,
            "tpr_std": 0.01573997691933822
        },
        "fpr_0.1": {
            "f1": [
                0.6646161900399188,
                0.6756230529595015,
                0.6396000000000001
            ],
            "tpr": [
                0.5400404126342656,
                0.5535467404019994,
                0.5101563330851856
            ],
            "f1_mean": 0.65994641433314,
            "f1_std": 0.015072495701209696,
            "tpr_mean": 0.5345811620404834,
            "tpr_std": 0.01812979912674221
        },
        "auc": [
            0.8508127955058947,
            0.8596010074830711,
            0.8606125856034016
        ]
    },
    "full_data": {
        "fpr_0.0001": {
            "f1": [
                0.03366792137181096,
                0.04856283075645948,
                0.2355038468755864
            ],
            "tpr": [
                0.017122195044134852,
                0.024885674784643198,
                0.13346804211421887
            ],
            "f1_mean": 0.1059115330012856,
            "f1_std": 0.09183714006459366,
            "tpr_mean": 0.05849197064766564,
            "tpr_std": 0.05311074200095867
        },
        "fpr_0.0003": {
            "f1": [
                0.42975206611570244,
                0.4203896540141081,
                0.4315850913032602
            ],