{
    "0.0001": {
        "tpr": [
            0.5237144283574638,
            0.5163398692810458,
            0.6806806806806807,
            0.7386533665835412,
            0.8698254364089776
        ],
        "f1": [
            0.6874180865006554,
            0.6810344827586208,
            0.8100059559261465,
            0.8496844520940907,
            0.9303814350493466
        ],
        "tpr_avg": 0.6658427562623418,
        "tpr_std": 0.13392688870049455,
        "f1_avg": 0.791704882465772,
        "f1_std": 0.09597022372023782
    },
    "0.0003": {
        "tpr": [
            0.5366949575636545,
            0.6515837104072398,
            0.8693693693693694,
            0.7541147132169576,
            0.9102244389027432
        ],
        "f1": [
            0.6982786619032154,
            0.7888009738283628,
            0.9298715203426123,
            0.8595793064241045,
            0.9527538501696684
        ],
        "tpr_avg": 0.7443974378919929,
        "tpr_std": 0.13781560993247785,
        "f1_avg": 0.8458568625335927,
        "f1_std": 0.09349698807555858
    },
    "0.001": {
        "tpr": [
            0.8666999500748876,
            0.9009552538964304,
            0.9194194194194194,
            0.9052369077306733,
            0.9251870324189526
        ],
        "f1": [
            0.9278460716194548,
            0.9468956406869221,
            0.9570200573065902,
            0.9495160868427936,
            0.960393476572612
        ],
        "tpr_avg": 0.9034997127080725,
        "tpr_std": 0.02043277536247425,
        "f1_avg": 0.9483342666056747,
        "f1_std": 0.011349889713359585
    },
    "0.003": {
        "tpr": [
            0.9181228157763355,
            0.9537456008044244,
            0.9379379379379379,
            0.942643391521197,
            0.9586034912718204
        ],
        "f1": [
            0.954828660436137,
            0.9733196511031299,
            0.9652330672160702,
            0.9677419354838709,
            0.9761300152361605
        ],
        "tpr_avg": 0.942210647462343,
        "tpr_std": 0.014145299050919782,
        "f1_avg": 0.9674506658950737,
        "f1_std": 0.007403967801617052
    },
    "0.01": {
        "tpr": [
            0.9700449326010984,
            0.971342383107089,
            0.9634634634634635,
            0.9685785536159601,
            0.971072319201995
        ],
        "f1": [
            0.975891511803114,
            0.9755112345367332,
            0.9719767735420348,
            0.9746549560853199,
            0.9756953144575296
        ],
        "tpr_avg": 0.9689003303979213,
        "tpr_std": 0.0028863240761668745,
        "f1_avg": 0.9747459580849464,
        "f1_std": 0.0014474725066589349
    },
    "0.03": {
        "tpr": [
            0.9815277084373439,
            0.9819004524886877,
            0.97997997997998,
            0.9825436408977556,
            0.9800498753117207
        ],
        "f1": [
            0.9623103279490944,
            0.9615952732644018,
            0.9607458292443571,
            0.9626191057903738,
            0.9613502935420745
        ],
        "tpr_avg": 0.9812003314230976,
        "tpr_std": 0.001021237726444679,
        "f1_avg": 0.9617241659580603,
        "f1_std": 0.0006720178298955393
    },
    "0.1": {
        "tpr": [
            0.9905142286570144,
            0.9894419306184012,
            0.992992992992993,
            0.9875311720698254,
            0.9880299251870324
        ],
        "f1": [
            0.9065570025131368,
            0.9085872576177285,
            0.9107183842093183,
            0.9357277882797731,
            0.9041533546325878
        ],
        "tpr_avg": 0.9897020499050534,
        "tpr_std": 0.0019527577640139644,
        "f1_avg": 0.9131487574505088,
        "f1_std": 0.011496913786019674
    },
    "auc": [
        0.9949512808595462,
        0.99373649312054,
        0.9970658439548994,
        0.994549046657449,
        0.9944800077403487
    ],
    "auc_avg": 0.9949565344665567,
    "auc_std": 0.0011252412220809512
}