{
    "0.0001": {
        "tpr": [
            0.9967487807927973,
            0.9951316939208589,
            0.9726318420394902,
            0.9792370231394621,
            0.9953721075672295
        ],
        "f1": [
            0.9983092241217358,
            0.9974974974974975,
            0.9860636006588117,
            0.9894470774091628,
            0.9976181521875391
        ],
        "tpr_avg": 0.9878242894919677,
        "tpr_std": 0.009945510194739887,
        "f1_avg": 0.9937871103749494,
        "f1_std": 0.005047412311021242
    },
    "0.0003": {
        "tpr": [
            0.9969988745779668,
            0.9958806640868806,
            0.9852536865783554,
            0.9934959349593496,
            0.9976235146966854
        ],
        "f1": [
            0.9982471516213847,
            0.9976864878384293,
            0.9923222152297043,
            0.9964872663404843,
            0.998622761988231
        ],
        "tpr_avg": 0.9938505349798475,
        "tpr_std": 0.004523281684192414,
        "f1_avg": 0.9966731766036467,
        "f1_std": 0.0022921827017178226
    },
    "0.001": {
        "tpr": [
            0.997749155933475,
            0.998002746223942,
            0.9917520619845038,
            0.9978736710444027,
            0.9983739837398374
        ],
        "f1": [
            0.9979987492182615,
            0.9980650396354784,
            0.9949849548645938,
            0.9980609245011571,
            0.9981867066841743
        ],
        "tpr_avg": 0.9967503237852322,
        "tpr_std": 0.0025078687910990174,
        "f1_avg": 0.9974592749807331,
        "f1_std": 0.0012386591408151736
    },
    "0.003": {
        "tpr": [
            0.9982493435038139,
            0.9986268880289602,
            0.9950012496875781,
            0.998874296435272,
            0.9997498436522827
        ],
        "f1": [
            0.9963182527301092,
            0.9970089730807576,
            0.9948147685387644,
            0.9968792909749096,
            0.9975040559091476
        ],
        "tpr_avg": 0.9981003242615814,
        "tpr_std": 0.0016262648306381404,
        "f1_avg": 0.9965050682467377,
        "f1_std": 0.0009256297555398806
    },
    "0.01": {
        "tpr": [
            0.9989996248593223,
            0.9991262014729747,
            0.9965008747813047,
            0.9997498436522827,
            0.9998749218261413
        ],
        "f1": [
            0.9900241650659893,
            0.9897978111667595,
            0.9885328209260522,
            0.9905812368323212,
            0.9918114143920596
        ],
        "tpr_avg": 0.9988502933184051,
        "tpr_std": 0.0012228856907648355,
        "f1_avg": 0.9901494896766364,
        "f1_std": 0.0010678390560037421
    },
    "0.03": {
        "tpr": [
            0.9997499062148305,
            0.9995006865559856,
            0.9976255936015996,
            0.9998749218261413,
            0.9998749218261413
        ],
        "f1": [
            0.9712099125364431,
            0.9708985085485632,
            0.9709906951286261,
            0.9707936122411803,
            0.9723286504895701
        ],
        "tpr_avg": 0.9993252060049397,
        "tpr_std": 0.0008607230660116937,
        "f1_avg": 0.9712442757888766,
        "f1_std": 0.0005592861688922889
    },
    "0.1": {
        "tpr": [
            0.9998749531074153,
            0.9998751716389964,
            0.9985003749062734,
            0.9998749218261413,
            1.0
        ],
        "f1": [
            0.9192389492441225,
            0.909710391822828,
            0.9087290304236565,
            0.909235668789809,
            0.9097633136094674
        ],
        "tpr_avg": 0.9996250842957654,
        "tpr_std": 0.0005644342105076864,
        "f1_avg": 0.9113354707779766,
        "f1_std": 0.003969388651869081
    },
    "auc": [
        0.9999472557317413,
        0.9999560926448006,
        0.9995978979064459,
        0.999963336191649,
        0.9999887425736055
    ],
    "auc_avg": 0.9998906650096485,
    "auc_std": 0.00014703480624075533,
    "epoch_time_avg": 0.025652613034248352
}