{
    "0.0001": {
        "tpr": [
            0.2935540069686411,
            0.43722270502675753,
            0.1914572864321608
        ],
        "f1": [
            0.4538720538720538,
            0.6084272165998345,
            0.32138338253901305
        ],
        "tpr_avg": 0.3074113328091865,
        "f1_avg": 0.46122755100363383
    },
    "0.001": {
        "tpr": [
            0.6699523198239501,
            0.6580981567031057,
            0.6121973503883051
        ],
        "f1": [
            0.8021848324321357,
            0.7936236520587991,
            0.7592849655797614
        ],
        "tpr_avg": 0.6467492756384536,
        "f1_avg": 0.7850311500235655
    },
    "0.01": {
        "tpr": [
            0.6873739226114066,
            0.6752961624662672,
            0.720328917313842
        ],
        "f1": [
            0.8139080397372565,
            0.8057632483763576,
            0.8356120826709061
        ],
        "tpr_avg": 0.694333000797172,
        "f1_avg": 0.8184277902615067
    },
    "0.1": {
        "tpr": [
            0.983999633229415,
            0.9844943511869368,
            0.9811329374143445
        ],
        "f1": [
            0.9727610587382161,
            0.9731660449870013,
            0.9729546072302255
        ],
        "tpr_avg": 0.9832089739435655,
        "f1_avg": 0.9729605703184809
    },
    "epoch_time_avg": 36.842464447021484
}