{
    "0.0001": {
        "tpr": [
            0.4846414817531634,
            0.4675936513744683,
            0.466925536774783
        ],
        "f1": [
            0.6528734212395393,
            0.637224957925575,
            0.6366042789075395
        ],
        "tpr_avg": 0.47305355663413823,
        "f1_avg": 0.6422342193575513
    },
    "0.001": {
        "tpr": [
            0.6601870529983496,
            0.6282303435027214,
            0.6065783462768387
        ],
        "f1": [
            0.7951408061844285,
            0.7714991855305284,
            0.7549465544689561
        ],
        "tpr_avg": 0.6316652475926365,
        "f1_avg": 0.7738621820613044
    },
    "0.01": {
        "tpr": [
            0.6940216394645149,
            0.7295430636234734,
            0.6771585198720877
        ],
        "f1": [
            0.818867822465042,
            0.8417330729853819,
            0.8067158290021497
        ],
        "tpr_avg": 0.7002410743200254,
        "f1_avg": 0.822438908150858
    },
    "0.1": {
        "tpr": [
            0.9846414817531634,
            0.9858207931207977,
            0.9766560073092736
        ],
        "f1": [
            0.9731750419139971,
            0.9738167852705297,
            0.9719052598081556
        ],
        "tpr_avg": 0.9823727607277449,
        "f1_avg": 0.9729656956642274
    },
    "epoch_time_avg": 68.18751454353333
}