{
    "0.0001": {
        "tpr": [
            0.4231157161195672,
            0.27841558797969174,
            0.3168570123343993
        ],
        "f1": [
            0.5946329048677556,
            0.43556350626118073,
            0.481232220911677
        ],
        "tpr_avg": 0.3394627721445527,
        "f1_avg": 0.5038095440135378
    },
    "0.001": {
        "tpr": [
            0.5860535485054099,
            0.6197685587522298,
            0.6017816354499772
        ],
        "f1": [
            0.7388376730341301,
            0.7650828604500156,
            0.7512189558324542
        ],
        "tpr_avg": 0.602534580902539,
        "f1_avg": 0.7517131631055333
    },
    "0.01": {
        "tpr": [
            0.6918668622776454,
            0.6908932900333897,
            0.6889447236180904
        ],
        "f1": [
            0.8160164382080191,
            0.8153406023966318,
            0.8140231560197554
        ],
        "tpr_avg": 0.6905682919763753,
        "f1_avg": 0.8151267322081354
    },
    "0.1": {
        "tpr": [
            0.971208509077572,
            0.9534373141837809,
            0.9722704431247144
        ],
        "f1": [
            0.9669968503218149,
            0.9604662949822604,
            0.9670794047483813
        ],
        "tpr_avg": 0.9656387554620224,
        "f1_avg": 0.9648475166841521
    },
    "epoch_time_avg": 21.710276073879665
}