{
    "0.0001": {
        "tpr": [
            0.0,
            0.0,
            0.0
        ],
        "f1": [
            0.0,
            0.0,
            0.0
        ],
        "tpr_avg": 0.0,
        "tpr_std": 0.0,
        "f1_avg": 0.0,
        "f1_std": 0.0
    },
    "0.0003": {
        "tpr": [
            0.0,
            0.0,
            0.0
        ],
        "f1": [
            0.0,
            0.0,
            0.0
        ],
        "tpr_avg": 0.0,
        "tpr_std": 0.0,
        "f1_avg": 0.0,
        "f1_std": 0.0
    },
    "0.001": {
        "tpr": [
            0.0,
            0.0,
            0.0
        ],
        "f1": [
            0.0,
            0.0,
            0.0
        ],
        "tpr_avg": 0.0,
        "tpr_std": 0.0,
        "f1_avg": 0.0,
        "f1_std": 0.0
    },
    "0.003": {
        "tpr": [
            0.0,
            0.0,
            0.0
        ],
        "f1": [
            0.0,
            0.0,
            0.0
        ],
        "tpr_avg": 0.0,
        "tpr_std": 0.0,
        "f1_avg": 0.0,
        "f1_std": 0.0
    },
    "0.01": {
        "tpr": [
            0.0,
            0.9603896861509742,
            0.9567750203891413
        ],
        "f1": [
            0.0,
            0.977409683260605,
            0.9755286291280589
        ],
        "tpr_avg": 0.6390549021800385,
        "tpr_std": 0.4518824644030026,
        "f1_avg": 0.650979437462888,
        "f1_std": 0.46031261521621436
    },
    "0.03": {
        "tpr": [
            0.9844260382641157,
            0.9834325049585813,
            0.9843294885238262
        ],
        "f1": [
            0.9850293285084776,
            0.9845812405092863,
            0.9849893613920546
        ],
        "tpr_avg": 0.9840626772488411,
        "tpr_std": 0.0004473390210611609,
        "f1_avg": 0.9848666434699395,
        "f1_std": 0.00020246889483078388
    },
    "0.1": {
        "tpr": [
            0.9941087260849276,
            0.9947497374868743,
            0.9935919841547245
        ],
        "f1": [
            0.9736075407026564,
            0.9739269497672559,
            0.9734881995376844
        ],
        "tpr_avg": 0.9941501492421754,
        "tpr_std": 0.00047355753117110243,
        "f1_avg": 0.9736742300025322,
        "f1_std": 0.00018522245728800387
    },
    "auc": [
        0.9929059895156649,
        0.9935219517970109,
        0.9931948992139938
    ],
    "auc_avg": 0.9932076135088899,
    "auc_std": 0.00025162620820211453
}