{
    "0.0001": {
        "tpr": [
            0.9832983560685554,
            0.9845234625473623,
            0.9801959983666803
        ],
        "f1": [
            0.9915642819352183,
            0.9921868115729181,
            0.9899843874274604
        ],
        "tpr_avg": 0.982672605660866,
        "tpr_std": 0.0018212466862590248,
        "f1_avg": 0.9912451603118656,
        "f1_std": 0.0009270192328073847
    },
    "0.0003": {
        "tpr": [
            0.9883700594613501,
            0.9899446225590207,
            0.9838126348947092
        ],
        "f1": [
            0.9940927280456165,
            0.9948886187554007,
            0.9917819496920068
        ],
        "tpr_avg": 0.9873757723050267,
        "tpr_std": 0.002600227347847317,
        "f1_avg": 0.9935877654976747,
        "f1_std": 0.0013175959290769072
    },
    "0.001": {
        "tpr": [
            0.9947242625626675,
            0.9922471582628971,
            0.9941083824301464
        ],
        "f1": [
            0.997122028896583,
            0.9958899501235939,
            0.996812213026058
        ],
        "tpr_avg": 0.9936932677519037,
        "tpr_std": 0.001053012052813175,
        "f1_avg": 0.9966080640154117,
        "f1_std": 0.0005232986015800579
    },
    "0.003": {
        "tpr": [
            0.9975807391861956,
            0.9977266103176916,
            0.9980166831943067
        ],
        "f1": [
            0.9981626224918337,
            0.9981484451312854,
            0.9983078538919361
        ],
        "tpr_avg": 0.9977746775660646,
        "tpr_std": 0.0001811898448710746,
        "f1_avg": 0.9982063071716851,
        "f1_std": 7.203726666724964e-05
    },
    "0.01": {
        "tpr": [
            0.9987757957327738,
            0.998979889245118,
            0.9986875109374088
        ],
        "f1": [
            0.9970176178768351,
            0.9971199162157444,
            0.9969719027514923
        ],
        "tpr_avg": 0.9988143986384336,
        "tpr_std": 0.00012244429195559897,
        "f1_avg": 0.9970364789480239,
        "f1_std": 6.188053762300582e-05
    },
    "0.03": {
        "tpr": [
            0.9995336364696281,
            0.9997376858058875,
            0.9997083357638686
        ],
        "f1": [
            0.9927193249091725,
            0.9928217893426727,
            0.9927159510535081
        ],
        "tpr_avg": 0.999659886013128,
        "tpr_std": 9.007243998431031e-05,
        "f1_avg": 0.9927523551017844,
        "f1_std": 4.911673904290099e-05
    },
    "0.1": {
        "tpr": [
            1.0,
            1.0,
            0.9999708335763868
        ],
        "f1": [
            0.9813080102398353,
            0.9789431636612645,
            0.9802435956084172
        ],
        "tpr_avg": 0.9999902778587956,
        "tpr_std": 1.374918394655438e-05,
        "f1_avg": 0.9801649231698389,
        "f1_std": 0.0009670459656391022
    },
    "auc": [
        0.9999226668885878,
        0.9999239510609915,
        0.9999494746846337
    ],
    "auc_avg": 0.999932030878071,
    "auc_std": 1.2345770267264884e-05,
    "epoch_time_avg": 0.11669220668474833
}