{
    "0.0001": {
        "tpr": [
            0.3177608655785806,
            0.4122490051685496,
            0.30922795797167657
        ],
        "f1": [
            0.48227394496051207,
            0.5838191475579738,
            0.472382148714191
        ],
        "tpr_avg": 0.3464126095729356,
        "f1_avg": 0.5128250804108924
    },
    "0.001": {
        "tpr": [
            0.6054465431872363,
            0.667337510863102,
            0.6230242119689355
        ],
        "f1": [
            0.7540684063267286,
            0.8003071775321577,
            0.7675596578117965
        ],
        "tpr_avg": 0.6319360886730913,
        "f1_avg": 0.7739784138902276
    },
    "0.01": {
        "tpr": [
            0.6857693013020356,
            0.6935004345240818,
            0.7165829145728643
        ],
        "f1": [
            0.8127360156483467,
            0.818660403336843,
            0.8330323951141795
        ],
        "tpr_avg": 0.6986175501329939,
        "f1_avg": 0.8214762713664564
    },
    "0.1": {
        "tpr": [
            0.9787273060700532,
            0.9832593880071353,
            0.984376427592508
        ],
        "f1": [
            0.970473917490624,
            0.9725169083218349,
            0.9731731550898745
        ],
        "tpr_avg": 0.9821210405565655,
        "f1_avg": 0.9720546603007777
    },
    "epoch_time_avg": 36.436906284756134
}