{
    "0.0001": {
        "tpr": [
            0.35402530717036496,
            0.24616932717376389,
            0.4103700319780722
        ],
        "f1": [
            0.5229227331211486,
            0.3950816663608001,
            0.5819324328701455
        ],
        "tpr_avg": 0.336854888774067,
        "f1_avg": 0.49997894411736477
    },
    "0.001": {
        "tpr": [
            0.6123693379790941,
            0.5361569775419659,
            0.6152581087254454
        ],
        "f1": [
            0.7594166642976945,
            0.6978834876313518,
            0.7616354690946106
        ],
        "tpr_avg": 0.5879281414155018,
        "f1_avg": 0.7396452070078855
    },
    "0.01": {
        "tpr": [
            0.6514304052814964,
            0.6736495448931985,
            0.6692096847875743
        ],
        "f1": [
            0.7885784055276521,
            0.803469627124192,
            0.8011484823625923
        ],
        "tpr_avg": 0.6647632116540897,
        "f1_avg": 0.7977321716714787
    },
    "0.1": {
        "tpr": [
            0.9746469833119383,
            0.9530713991675434,
            0.9708542713567839
        ],
        "f1": [
            0.9679681274900397,
            0.9588385523318684,
            0.9665271966527196
        ],
        "tpr_avg": 0.9661908846120886,
        "f1_avg": 0.9644446254915425
    },
    "epoch_time_avg": 20.703996234469944
}