{
    "0.0001": {
        "tpr": [
            0.30253988630111867,
            0.30759731052463063,
            0.35248972133394246
        ],
        "f1": [
            0.464538383020661,
            0.47047712326850427,
            0.5212456934405189
        ],
        "tpr_avg": 0.32087563938656394,
        "f1_avg": 0.4854203999098947
    },
    "0.001": {
        "tpr": [
            0.6099394828534751,
            0.6387961395965787,
            0.6179534033805391
        ],
        "f1": [
            0.7575446987814599,
            0.7794179200267879,
            0.763697953422724
        ],
        "tpr_avg": 0.6222296752768642,
        "f1_avg": 0.7668868574103239
    },
    "0.01": {
        "tpr": [
            0.7139189437007152,
            0.7285367973288204,
            0.6932846048423937
        ],
        "f1": [
            0.8312159709618875,
            0.8412157701550081,
            0.8182234802534033
        ],
        "tpr_avg": 0.7119134486239765,
        "f1_avg": 0.830218407123433
    },
    "0.1": {
        "tpr": [
            0.9826242435356685,
            0.9755751726661482,
            0.9792142530835998
        ],
        "f1": [
            0.9726798275470843,
            0.9694999999999999,
            0.9722190724571946
        ],
        "tpr_avg": 0.9791378897618054,
        "f1_avg": 0.9714663000014262
    },
    "epoch_time_avg": 36.994649436738754
}