{
    "0.0001": {
        "tpr": [
            0.28030441958554925,
            0.331061610940859,
            0.2691640018273184
        ],
        "f1": [
            0.43787151758218146,
            0.4974399505171644,
            0.42415952775178173
        ],
        "tpr_avg": 0.29351001078457556,
        "f1_avg": 0.4531569986170425
    },
    "0.001": {
        "tpr": [
            0.6299284797359251,
            0.6084709326258977,
            0.6308816811329374
        ],
        "f1": [
            0.7727784026996626,
            0.7564109853869336,
            0.7734961353198163
        ],
        "tpr_avg": 0.6230936978315867,
        "f1_avg": 0.7675618411354709
    },
    "0.01": {
        "tpr": [
            0.6737117183201907,
            0.6937748707862599,
            0.6973503883051622
        ],
        "f1": [
            0.8045442102381604,
            0.8181229773462783,
            0.8198394156663713
        ],
        "tpr_avg": 0.6882789924705376,
        "f1_avg": 0.81416886775027
    },
    "0.1": {
        "tpr": [
            0.9780854575463048,
            0.9777249233865435,
            0.9778437642759251
        ],
        "f1": [
            0.9711398397669337,
            0.9713493740485766,
            0.9698685999093792
        ],
        "tpr_avg": 0.9778847150695912,
        "f1_avg": 0.9707859379082965
    },
    "epoch_time_avg": 37.516107426749336
}