{
    "0.0001": {
        "tpr": [
            0.2627741483901073,
            0.19291797923229495,
            0.07928463241290924
        ],
        "f1": [
            0.41618550510416186,
            0.3234387989632745,
            0.14692071031467588
        ],
        "tpr_avg": 0.1783255866784372,
        "tpr_std": 0.07561659455754854,
        "f1_avg": 0.2955150047940374,
        "f1_std": 0.11168612608216068
    },
    "0.0003": {
        "tpr": [
            0.3244283714419039,
            0.5750787539376969,
            0.16602586508213912
        ],
        "f1": [
            0.4898714109564911,
            0.7301681356936524,
            0.2847437306424218
        ],
        "tpr_avg": 0.3551776634872466,
        "tpr_std": 0.1684046826174709,
        "f1_avg": 0.5015944257641884,
        "f1_std": 0.18203259224828722
    },
    "0.001": {
        "tpr": [
            0.659414372375175,
            0.6450239178625597,
            0.6135383898403821
        ],
        "f1": [
            0.7945321010647644,
            0.7839897897684971,
            0.7602685338915758
        ],
        "tpr_avg": 0.6393255600260389,
        "tpr_std": 0.01915732940518125,
        "f1_avg": 0.7795968082416124,
        "f1_std": 0.014328799062949272
    },
    "0.003": {
        "tpr": [
            0.8054129724685021,
            0.7445455606113639,
            0.6867645345450308
        ],
        "f1": [
            0.8915289256198347,
            0.8528851615489993,
            0.8136236585113358
        ],
        "tpr_avg": 0.7455743558749656,
        "tpr_std": 0.04844348439292092,
        "f1_avg": 0.8526792485600566,
        "f1_std": 0.03180502539883596
    },
    "0.01": {
        "tpr": [
            0.9051563229118059,
            0.90701201726753,
            0.8871024117441454
        ],
        "f1": [
            0.9478377718055216,
            0.9488587818869767,
            0.93780022170218
        ],
        "tpr_avg": 0.8997569173078271,
        "tpr_std": 0.008980099616426132,
        "f1_avg": 0.9448322584648928,
        "f1_std": 0.004989841091037941
    },
    "0.03": {
        "tpr": [
            0.9495450303313112,
            0.957181192392953,
            0.9425608761505301
        ],
        "f1": [
            0.9670022869702101,
            0.9710024855012428,
            0.963324601095499
        ],
        "tpr_avg": 0.9497623662915982,
        "tpr_std": 0.005970697220416777,
        "f1_avg": 0.967109791188984,
        "f1_std": 0.003135404822855849
    },
    "0.1": {
        "tpr": [
            0.9848926738217452,
            0.9852992649632482,
            0.9790865664686007
        ],
        "f1": [
            0.9689544359003787,
            0.9692135540699509,
            0.9664194123397158
        ],
        "tpr_avg": 0.9830928350845314,
        "tpr_std": 0.002837718597316075,
        "f1_avg": 0.9681958007700152,
        "f1_std": 0.0012605428586992494
    },
    "auc": [
        0.9923421275883195,
        0.9919030057134665,
        0.9876058162833162
    ],
    "auc_avg": 0.9906169831950341,
    "auc_std": 0.0021367501231093736,
    "epoch_time_avg": 674.9114411804411
}