{
    "0.0001": {
        "tpr": [
            0.0,
            0.0,
            0.0
        ],
        "f1": [
            0.0,
            0.0,
            0.0
        ],
        "tpr_avg": 0.0,
        "tpr_std": 0.0,
        "f1_avg": 0.0,
        "f1_std": 0.0
    },
    "0.0003": {
        "tpr": [
            0.0,
            0.8493174658732937,
            0.0
        ],
        "f1": [
            0.0,
            0.9184619752073937,
            0.0
        ],
        "tpr_avg": 0.28310582195776457,
        "tpr_std": 0.4003720929994534,
        "f1_avg": 0.3061539917357979,
        "f1_std": 0.43296712728742587
    },
    "0.001": {
        "tpr": [
            0.9088894073728419,
            0.9041535410103838,
            0.899627169987184
        ],
        "f1": [
            0.9520376367080101,
            0.9494318355845508,
            0.946929515283441
        ],
        "tpr_avg": 0.9042233727901365,
        "tpr_std": 0.003781614972924249,
        "f1_avg": 0.9494663291920006,
        "f1_std": 0.002085524471006683
    },
    "0.003": {
        "tpr": [
            0.9640690620625292,
            0.9207793723019484,
            0.9211231504136083
        ],
        "f1": [
            0.9810066476733144,
            0.9580576631259484,
            0.9582449548512211
        ],
        "tpr_avg": 0.9353238615926953,
        "tpr_std": 0.020326410707676493,
        "f1_avg": 0.965769755216828,
        "f1_std": 0.010774381292228592
    },
    "0.01": {
        "tpr": [
            0.9819762015865608,
            0.9698401586746004,
            0.9766398695094956
        ],
        "f1": [
            0.9885205954023664,
            0.9823618045912489,
            0.9858575166857781
        ],
        "tpr_avg": 0.976152076590219,
        "tpr_std": 0.004966510568417815,
        "f1_avg": 0.9855799722264645,
        "f1_std": 0.0025219634228048136
    },
    "0.03": {
        "tpr": [
            0.9928254783014465,
            0.9921829424804574,
            0.9923686356751719
        ],
        "f1": [
            0.9893341858234763,
            0.9889522037446214,
            0.9890843639319515
        ],
        "tpr_avg": 0.9924590188190252,
        "tpr_std": 0.00026998753654341285,
        "f1_avg": 0.9891235845000165,
        "f1_std": 0.00015839037609878531
    },
    "0.1": {
        "tpr": [
            0.9967918805412972,
            0.9974915412437289,
            0.9969707561458697
        ],
        "f1": [
            0.9750934352800206,
            0.9753301200695891,
            0.975573606954539
        ],
        "tpr_avg": 0.9970847259769653,
        "tpr_std": 0.00029678624904325715,
        "f1_avg": 0.9753323874347162,
        "f1_std": 0.0001960358214900522
    },
    "auc": [
        0.9982675084982997,
        0.998258177919625,
        0.9981606732888104
    ],
    "auc_avg": 0.9982287865689118,
    "auc_std": 4.8313760077360206e-05
}