{
    "0.0001": {
        "tpr": [
            0.9779934709105748,
            0.9424366074030894,
            0.9425713119057341
        ],
        "f1": [
            0.9888597447761635,
            0.970365368744842,
            0.9704367671125924
        ],
        "tpr_avg": 0.9543337967397995,
        "tpr_std": 0.016730006430088394,
        "f1_avg": 0.9765539602111993,
        "f1_std": 0.008701552533933695
    },
    "0.0003": {
        "tpr": [
            0.9852221056313396,
            0.9784902360827747,
            0.9797293355888701
        ],
        "f1": [
            0.9924977610735102,
            0.9890699113219221,
            0.9897171479080731
        ],
        "tpr_avg": 0.9811472257676614,
        "tpr_std": 0.0029254431372652497,
        "f1_avg": 0.9904282734345018,
        "f1_std": 0.0014870133636744165
    },
    "0.001": {
        "tpr": [
            0.9961525008744316,
            0.9950451763334305,
            0.9874584378463512
        ],
        "f1": [
            0.9978394160583941,
            0.9972833231092806,
            0.9935730007336756
        ],
        "tpr_avg": 0.9928853716847378,
        "tpr_std": 0.003863957390590169,
        "f1_avg": 0.9962319133004501,
        "f1_std": 0.0018937919404072054
    },
    "0.003": {
        "tpr": [
            0.9965314212428588,
            0.9976974642961236,
            0.9973458554512046
        ],
        "f1": [
            0.9978984851580514,
            0.9981338387520047,
            0.9979570990806945
        ],
        "tpr_avg": 0.9971915803300623,
        "tpr_std": 0.0004883746582760644,
        "f1_avg": 0.9979964743302503,
        "f1_std": 0.0001000354479001139
    },
    "0.01": {
        "tpr": [
            0.9997376705141658,
            0.9995336636549111,
            0.9995625036458029
        ],
        "f1": [
            0.9975279199627735,
            0.9973825034899954,
            0.9974533230496092
        ],
        "tpr_avg": 0.9996112792716266,
        "tpr_std": 9.014431359996812e-05,
        "f1_avg": 0.9974545821674594,
        "f1_std": 5.9372702325376425e-05
    },
    "0.03": {
        "tpr": [
            1.0,
            1.0,
            1.0
        ],
        "f1": [
            0.9929669184683511,
            0.9929960639036814,
            0.9932644813650651
        ],
        "tpr_avg": 1.0,
        "tpr_std": 0.0,
        "f1_avg": 0.9930758212456992,
        "f1_std": 0.00013393243216764064
    },
    "0.1": {
        "tpr": [
            1.0,
            1.0,
            1.0
        ],
        "f1": [
            0.976601195559351,
            0.9766303264922718,
            0.976572624862925
        ],
        "tpr_avg": 1.0,
        "tpr_std": 0.0,
        "f1_avg": 0.9766013823048493,
        "f1_std": 2.3556961642371307e-05
    },
    "auc": [
        0.9999725585608943,
        0.9999649187627997,
        0.9999645326368914
    ],
    "auc_avg": 0.9999673366535284,
    "auc_std": 3.695809402291076e-06,
    "epoch_time_avg": 0.11892295487721762
}