{
    "pretrained": {
        "fpr_0.001": {
            "f1": [
                0.6007042035600884,
                0.6335762887558496,
                0.6834355668641671,
                0.596610450868423,
                0.6183465570845862
            ],
            "tpr": [
                0.4369008964059974,
                0.47251068121549916,
                0.5318830465146814,
                0.43399901004566827,
                0.4598726443472898
            ],
            "f1_mean": 0.6265346134266229,
            "f1_std": 0.03135925234723211,
            "tpr_mean": 0.46703325570582715,
            "tpr_std": 0.03545699473024736
        },
        "fpr_0.003": {
            "f1": [
                0.6007042035600884,
                0.6335762887558496,
                0.6834355668641671,
                0.596610450868423,
                0.6183465570845862
            ],
            "tpr": [
                0.4369008964059974,
                0.47251068121549916,
                0.5318830465146814,
                0.43399901004566827,
                0.4598726443472898
            ],
            "f1_mean": 0.6265346134266229,
            "f1_std": 0.03135925234723211,
            "tpr_mean": 0.46703325570582715,
            "tpr_std": 0.03545699473024736
        },
        "fpr_0.01": {
            "f1": [
                0.6765831720922292,
                0.6894673681190633,
                0.7559848610499419,
                0.6730486393560238,
                0.7041443643105533
            ],
            "tpr": [
                0.5215459410346288,
                0.5329825337909003,
                0.6140697829407472,
                0.5183115106782357,
                0.5556475978520494
            ],
            "f1_mean": 0.6998456809855622,
            "f1_std": 0.03012315174310933,
            "tpr_mean": 0.5485114732593122,
            "tpr_std": 0.035296294059185496
        },
        "fpr_0.03": {
            "f1": [
                0.755838870901612,
                0.7451863555322279,
                0.7988235141035548,
                0.7684113190623834,
                0.7780013008296904
            ],
            "tpr": [
                0.6255901592937114,
                0.6092498047526077,
                0.68032672069049,
                0.6411432241514724,
                0.6529538345956993
            ],
            "f1_mean": 0.7692522720858938,
            "f1_std": 0.018497560548964904,
            "tpr_mean": 0.6418527486967962,
            "tpr_std": 0.024213251834927105
        },
        "fpr_0.1": {
            "f1": [
                0.8483371991636445,
                0.8520714639158704,
                0.8640353780595346,
                0.8582575994792478,
                0.8657358670370201
            ],
            "tpr": [
                0.793909862809491,
                0.802284964863702,
                0.8216642198234309,
                0.8094597206158254,
                0.8226896948985308
            ],
            "f1_mean": 0.8576875015310634,
            "f1_std": 0.00669872776377926,
            "tpr_mean": 0.8100016926021961,
            "tpr_std": 0.011097644346069855
        }
    },
    "non_pretrained": {
        "fpr_0.001": {
            "f1": [
                0.6056968360636916,
                0.6784953313457643,
                0.6655196621364009,
                0.6557577901533409,
                0.7022690207076091
            ],
            "tpr": [
                0.4438136444074642,
                0.5192267167931712,
                0.5086835346679741,
                0.49555897098448026,
                0.5466732487652599
            ],
            "f1_mean": 0.6615477280813614,
            "f1_std": 0.03198145309418388,
            "tpr_mean": 0.50279122312367,
            "tpr_std": 0.03394447591033208
        },
        "fpr_0.003": {
            "f1": [
                0.6056968360636916,
                0.6784953313457643,
                0.6655196621364009,
                0.6557577901533409,
                0.7022690207076091
            ],
            "tpr": [
                0.4438136444074642,
                0.5192267167931712,
                0.5086835346679741,
                0.49555897098448026,
                0.5466732487652599
            ],
            "f1_mean": 0.6615477280813614,
            "f1_std": 0.03198145309418388,
            "tpr_mean": 0.50279122312367,
            "tpr_std": 0.03394447591033208
        },
        "fpr_0.01": {
            "f1": [
                0.7136330864869177,
                0.7214757362311658,
                0.7464651374074279,
                0.7222187527265044,
                0.7537473084060072
            ],
            "tpr": [
                0.5666403520718534,
                0.570064038473408,
                0.6040700241007626,
                0.5760218976391646,
                0.611128651589796
            ],
            "f1_mean": 0.7315080042516046,
            "f1_std": 0.01565088982861917,
            "tpr_mean": 0.5855849927749969,
            "tpr_std": 0.018359886225908898
        },
        "fpr_0.03": {
            "f1": [
                0.7929246955136603,
                0.7533495493652499,
                0.7986621396741395,
                0.7994336970501994,
                0.7855365464794262
            ],
            "tpr": [
                0.6752385747589045,
                0.618848191359956,
                0.6803088238123584,
                0.6839090618969002,
                0.6618908443498748
            ],
            "f1_mean": 0.785981325616535,
            "f1_std": 0.017058782944136763,
            "tpr_mean": 0.6640390992355988,
            "tpr_std": 0.0237982384206946
        },
        "fpr_0.1": {
            "f1": [
                0.8792711322979637,
                0.8301961716047173,
                0.8529848522734402,
                0.8888919535818968,
                0.8463933613299824
            ],
            "tpr": [
                0.8460023978668424,
                0.7647922316219816,
                0.8022393734783935,
                0.8609467449980892,
                0.7880306008419471
            ],
            "f1_mean": 0.8595474942176,
            "f1_std": 0.021576463171455635,
            "tpr_mean": 0.8124022697614507,
            "tpr_std": 0.03591521438923376
        }
    },
    "full_data": {
        "fpr_0.001": {
            "f1": [
                0.8301294999000253,
                0.8299995225094857,
                0.8298126108884526,
                0.818427486855172,
                0.8350674666511493
            ],
            "tpr": [
                0.7165828867541154,
                0.7139504819959237,
                0.7212641391189332,
                0.701826454383535,
                0.7260363570988372
            ],
            "f1_mean": 0.8286873173608569,
            "f1_std": 0.0054961529331600725,
            "tpr_mean": 0.7159320638702689,
            "tpr_std": 0.008171244999991358
        },
        "fpr_0.003": {
            "f1": [
                0.8301294999000253,
                0.8299995225094857,
                0.8298126108884526,
                0.818427486855172,
                0.8350674666511493
            ],
            "tpr": [
                0.7165828867541154,
                0.7139504819959237,
                0.7212641391189332,
                0.701826454383535,
                0.7260363570988372
            ],
            "f1_mean": 0.8286873173608569,
            "f1_std": 0.0054961529331600725,
            "tpr_mean": 0.7159320638702689,
            "tpr_std": 0.008171244999991358
        },
        "fpr_0.01": {
            "f1": [
                0.8777706305563807,
                0.8601898183737203,
                0.8971332141492131,
                0.8728694188729393,
                0.8961594581676829
            ],