{
    "0.0001": {
        "tpr": [
            0.0,
            0.8426697755756339,
            0.7980808493262556
        ],
        "f1": [
            0.0,
            0.9146038625183873,
            0.8876885644768857
        ],
        "tpr_avg": 0.5469168749672965,
        "tpr_std": 0.38715681076192127,
        "f1_avg": 0.6007641423317577,
        "f1_std": 0.4249464863178853
    },
    "0.0003": {
        "tpr": [
            0.911012008860907,
            0.8704750801515593,
            0.92588811759902
        ],
        "f1": [
            0.9533759360653987,
            0.9306949205359925,
            0.961459831907322
        ],
        "tpr_avg": 0.9024584022038288,
        "tpr_std": 0.02341686457693019,
        "f1_avg": 0.9485102295029044,
        "f1_std": 0.013022449031977192
    },
    "0.001": {
        "tpr": [
            0.9568322257199487,
            0.9454969396677354,
            0.9604794960042
        ],
        "f1": [
            0.9777069589432772,
            0.9717520893868137,
            0.9796082281022712
        ],
        "tpr_avg": 0.9542695537972947,
        "tpr_std": 0.0063793789734949095,
        "f1_avg": 0.9763557588107874,
        "f1_std": 0.0033465440111312954
    },
    "0.003": {
        "tpr": [
            0.9680832458901714,
            0.9718449431652579,
            0.9722043982966808
        ],
        "f1": [
            0.9830694095012581,
            0.9850080498648509,
            0.9851924100017734
        ],
        "tpr_avg": 0.9707108624507033,
        "tpr_std": 0.0018637915816533974,
        "f1_avg": 0.984423289789294,
        "f1_std": 0.0009602919836420985
    },
    "0.01": {
        "tpr": [
            0.9858342077649528,
            0.9852521130865637,
            0.9863501137490521
        ],
        "f1": [
            0.9904823264122763,
            0.9902016784568742,
            0.9907568810699166
        ],
        "tpr_avg": 0.9858121448668563,
        "tpr_std": 0.00044852829142324194,
        "f1_avg": 0.9904802953130224,
        "f1_std": 0.00022666506774738276
    },
    "0.03": {
        "tpr": [
            0.9936749446193308,
            0.9930632468668027,
            0.993379221839818
        ],
        "f1": [
            0.9897371133272366,
            0.9893865698729583,
            0.9895406606816003
        ],
        "tpr_avg": 0.9933724711086506,
        "tpr_std": 0.0002497701802196828,
        "f1_avg": 0.9895547812939317,
        "f1_std": 0.00014345666501027266
    },
    "0.1": {
        "tpr": [
            0.9979888072752711,
            0.9983095307490527,
            0.9980458496179199
        ],
        "f1": [
            0.9755951617728769,
            0.9758265551772767,
            0.9756646945612659
        ],
        "tpr_avg": 0.9981147292140813,
        "tpr_std": 0.0001397001210549568,
        "f1_avg": 0.9756954705038066,
        "f1_std": 9.694017357586858e-05
    },
    "auc": [
        0.9989937760805798,
        0.9991347242715627,
        0.9991541657438309
    ],
    "auc_avg": 0.999094222031991,
    "auc_std": 7.146810280202136e-05,
    "epoch_time_avg": 0.029172690963745116
}