{
    "0.0001": {
        "tpr": [
            0.0,
            0.6026134640065337,
            0.8146918326925318
        ],
        "f1": [
            0.0,
            0.7520384391380315,
            0.897884498089949
        ],
        "tpr_avg": 0.47243509889968854,
        "tpr_std": 0.34509950315853094,
        "f1_avg": 0.5499743124093268,
        "f1_std": 0.3934222298926311
    },
    "0.0003": {
        "tpr": [
            0.0,
            0.8717769221794424,
            0.8611208202260282
        ],
        "f1": [
            0.0,
            0.9314385440039891,
            0.925320813771518
        ],
        "tpr_avg": 0.5776325808018236,
        "tpr_std": 0.40847108174267105,
        "f1_avg": 0.618919785925169,
        "f1_std": 0.4376495041415692
    },
    "0.001": {
        "tpr": [
            0.0,
            0.9276047135690118,
            0.9095304672026098
        ],
        "f1": [
            0.0,
            0.9622099180055066,
            0.9523896666361666
        ],
        "tpr_avg": 0.6123783935905406,
        "tpr_std": 0.43307977886899507,
        "f1_avg": 0.6381998615472244,
        "f1_std": 0.45129325779247026
    },
    "0.003": {
        "tpr": [
            0.9420788614092394,
            0.9625481274063703,
            0.9465221950367004
        ],
        "f1": [
            0.9694768750562741,
            0.9802174300481197,
            0.9718284586398708
        ],
        "tpr_avg": 0.9503830612841034,
        "tpr_std": 0.008791186069034397,
        "f1_avg": 0.9738409212480882,
        "f1_std": 0.004609944663103856
    },
    "0.01": {
        "tpr": [
            0.9690853943070462,
            0.9794656399486641,
            0.9757077944774555
        ],
        "f1": [
            0.9819148936170212,
            0.9872986004939434,
            0.9853222343147926
        ],
        "tpr_avg": 0.9747529429110552,
        "tpr_std": 0.004291167753302471,
        "f1_avg": 0.9848452428085857,
        "f1_std": 0.0022236180137934058
    },
    "0.03": {
        "tpr": [
            0.9864675688287448,
            0.988274413720686,
            0.988465571478504
        ],
        "f1": [
            0.9861224489795919,
            0.9869789390893996,
            0.9875163683980794
        ],
        "tpr_avg": 0.987735851342645,
        "tpr_std": 0.0009002002456461951,
        "f1_avg": 0.9868725854890236,
        "f1_std": 0.0005740128642831735
    },
    "0.1": {
        "tpr": [
            0.9952169855342977,
            0.9955081087387703,
            0.9948735873237796
        ],
        "f1": [
            0.974275517487509,
            0.9743355505438351,
            0.9751334684671824
        ],
        "tpr_avg": 0.9951995605322824,
        "tpr_std": 0.0002593351493619233,
        "f1_avg": 0.9745815121661755,
        "f1_std": 0.00039106078864961256
    },
    "auc": [
        0.9973411884502484,
        0.998202612163079,
        0.9981286434994245
    ],
    "auc_avg": 0.9978908147042507,
    "auc_std": 0.0003898158583375009
}