{
    "0.0001": {
        "tpr": [
            0.0,
            0.0,
            0.0
        ],
        "f1": [
            0.0,
            0.0,
            0.0
        ],
        "tpr_avg": 0.0,
        "tpr_std": 0.0,
        "f1_avg": 0.0,
        "f1_std": 0.0
    },
    "0.0003": {
        "tpr": [
            0.0,
            0.0,
            0.8996383363471971
        ],
        "f1": [
            0.0,
            0.0,
            0.9471098487756198
        ],
        "tpr_avg": 0.2998794454490657,
        "tpr_std": 0.4240935788309915,
        "f1_avg": 0.3157032829252066,
        "f1_std": 0.4464718643985375
    },
    "0.001": {
        "tpr": [
            0.9645563716917337,
            0.9547362285048091,
            0.9393046724610629
        ],
        "f1": [
            0.9817254064317076,
            0.9766110639059076,
            0.9684694844151743
        ],
        "tpr_avg": 0.9528657575525351,
        "tpr_std": 0.01039346187743496,
        "f1_avg": 0.9756019849175965,
        "f1_std": 0.005458543604942678
    },
    "0.003": {
        "tpr": [
            0.9808499475341028,
            0.9764208685514427,
            0.9836376363530304
        ],
        "f1": [
            0.9896188683684273,
            0.9873708719550833,
            0.9910518814557957
        ],
        "tpr_avg": 0.9803028174795253,
        "tpr_std": 0.0029715257414303213,
        "f1_avg": 0.9893472072597688,
        "f1_std": 0.0015149934113282176
    },
    "0.01": {
        "tpr": [
            0.9932668765302554,
            0.9941416496648208,
            0.9941375488537596
        ],
        "f1": [
            0.9944407966732327,
            0.9947069888161444,
            0.9946887676189919
        ],
        "tpr_avg": 0.9938486916829453,
        "tpr_std": 0.0004114088461919635,
        "f1_avg": 0.9946121843694563,
        "f1_std": 0.00012141748863336987
    },
    "0.03": {
        "tpr": [
            0.9970852279351755,
            0.9975517341882832,
            0.9973750218748177
        ],
        "f1": [
            0.9914069179382399,
            0.9916699262607385,
            0.9916195447295926
        ],
        "tpr_avg": 0.9973373279994254,
        "tpr_std": 0.00019230642601279007,
        "f1_avg": 0.9915654629761903,
        "f1_std": 0.00011397944687290115
    },
    "0.1": {
        "tpr": [
            0.9989215343360149,
            0.999475371611775,
            0.9989791751735402
        ],
        "f1": [
            0.9761870851966845,
            0.9763541889102426,
            0.9760483307923571
        ],
        "tpr_avg": 0.9991253603737767,
        "tpr_std": 0.00024861149957511894,
        "f1_avg": 0.976196534966428,
        "f1_std": 0.0001250447138167622
    },
    "auc": [
        0.9993341265087234,
        0.9993114369850196,
        0.9993897388642321
    ],
    "auc_avg": 0.9993451007859916,
    "auc_std": 3.2895006137956154e-05
}