{
    "0.0001": {
        "tpr": [
            0.05781221346048047,
            0.0,
            0.002740977615349475
        ],
        "f1": [
            0.1093052485589217,
            0.0,
            0.005466970387243736
        ],
        "tpr_avg": 0.02018439702527665,
        "f1_avg": 0.03825740631538848
    },
    "0.001": {
        "tpr": [
            0.09563543003851091,
            0.12056899785024928,
            0.06468707172224761
        ],
        "f1": [
            0.17451685769262948,
            0.2151222099808218,
            0.12147207686368708
        ],
        "tpr_avg": 0.09363049987033593,
        "f1_avg": 0.17037038151237946
    },
    "0.01": {
        "tpr": [
            0.33889602053915274,
            0.3811919681653936,
            0.22055733211512105
        ],
        "f1": [
            0.5047628802622144,
            0.5504259956409748,
            0.360271621520782
        ],
        "tpr_avg": 0.3135484402732225,
        "f1_avg": 0.4718201658079904
    },
    "0.1": {
        "tpr": [
            0.7544470933431139,
            0.7588620042995015,
            0.4828688899040658
        ],
        "f1": [
            0.8412442808578074,
            0.8442397720333807,
            0.6347014141171525
        ],
        "tpr_avg": 0.6653926625155604,
        "f1_avg": 0.7733951556694469
    },
    "epoch_time_avg": 56.080121199289955
}