{
    "0.0001": {
        "tpr": [
            0.010682193288098295,
            0.0,
            0.07254454088624943
        ],
        "f1": [
            0.021138580176910865,
            0.0,
            0.13527557713604224
        ],
        "tpr_avg": 0.027742244724782577,
        "f1_avg": 0.05213805243765104
    },
    "0.001": {
        "tpr": [
            0.07789290298918027,
            0.1784750491698303,
            0.09374143444495203
        ],
        "f1": [
            0.14447893192737787,
            0.30279750126100957,
            0.17135699373695198
        ],
        "tpr_avg": 0.11670312886798755,
        "f1_avg": 0.20621114230844648
    },
    "0.01": {
        "tpr": [
            0.16225013753896939,
            0.374605497873119,
            0.23901324805847418
        ],
        "f1": [
            0.27826702311684226,
            0.5434999004578938,
            0.38462103947658605
        ],
        "tpr_avg": 0.2586229611568542,
        "f1_avg": 0.40212932101710736
    },
    "0.1": {
        "tpr": [
            0.6337337245552906,
            0.7487078625989114,
            0.5423024211968935
        ],
        "f1": [
            0.7576322280076734,
            0.8376746328232947,
            0.686046175629208
        ],
        "tpr_avg": 0.6415813361170319,
        "f1_avg": 0.7604510121533922
    },
    "epoch_time_avg": 64.4672606256273
}