{
    "auc": [
        0.8841725675414285,
        0.9194543940791025,
        0.9256286150189227
    ],
    "auc_avg": 0.9097518588798179,
    "auc_std": 0.01826208020433015
}