{
    "auc": [
        0.9945918912764105,
        0.9975402803255616,
        0.9981621171379373
    ],
    "auc_avg": 0.9967647629133031,
    "auc_std": 0.0015572836646151808,
    "epoch_time_avg": 0.0029723442872365315
}