{
    "0.0001": {
        "tpr": [
            0.4764924938903759,
            0.5326478447775067,
            0.48094065212291814
        ],
        "f1": [
            0.6454384236453202,
            0.6950687942993594,
            0.6495069892686017
        ],
        "tpr_avg": 0.4966936635969336,
        "f1_avg": 0.6633380690710938
    },
    "0.001": {
        "tpr": [
            0.9484464098684976,
            0.9476007900546067,
            0.9164907342247244
        ],
        "f1": [
            0.9733086522959336,
            0.9728633625574046,
            0.9561918746940773
        ],
        "tpr_avg": 0.9375126447159429,
        "f1_avg": 0.9674546298491385
    },
    "0.01": {
        "tpr": [
            0.9781217269870826,
            0.9803067270826071,
            0.9841660802251935
        ],
        "f1": [
            0.9865891950582506,
            0.9879108977548811,
            0.9896214176200023
        ],
        "tpr_avg": 0.980864844764961,
        "f1_avg": 0.9880405034777113
    },
    "0.1": {
        "tpr": [
            0.996392412428721,
            0.9972696642267922,
            0.9967745718977246
        ],
        "f1": [
            0.975365249337852,
            0.975591736993152,
            0.9746545100063077
        ],
        "tpr_avg": 0.9968122161844125,
        "f1_avg": 0.9752038321124372
    },
    "epoch_time_avg": 59.86765559514364
}