{
    "0.0001": {
        "tpr": [
            0.10478693019536159,
            0.10199963309484499,
            0.12315743766711612
        ],
        "f1": [
            0.189692256783587,
            0.18511351103897455,
            0.21930127983396747
        ],
        "tpr_avg": 0.1099813336524409,
        "tpr_std": 0.009386143831407104,
        "f1_avg": 0.19803568255217638,
        "f1_std": 0.015152787399506033
    },
    "0.0003": {
        "tpr": [
            0.15096538329715525,
            0.13637405980554027,
            0.14603377745275042
        ],
        "f1": [
            0.2623022411020902,
            0.23999192897497984,
            0.25482533099377896
        ],
        "tpr_avg": 0.14445774018514865,
        "tpr_std": 0.0060602310412992836,
        "f1_avg": 0.2523731670236163,
        "f1_std": 0.009271725402343582
    },
    "0.001": {
        "tpr": [
            0.1612932708785559,
            0.15873234268941477,
            0.15435244646570834
        ],
        "f1": [
            0.2777001907984028,
            0.2738837121886561,
            0.267342213074198
        ],
        "tpr_avg": 0.15812602001122633,
        "tpr_std": 0.0028658310342213607,
        "f1_avg": 0.27297537202041894,
        "f1_std": 0.004277128088620965
    },
    "0.003": {
        "tpr": [
            0.17269507597395178,
            0.15990185287103284,
            0.1600658180405421
        ],
        "f1": [
            0.2942458927041968,
            0.27545477888166864,
            0.27568833520300723
        ],
        "tpr_avg": 0.1642209156285089,
        "tpr_std": 0.005992510120386974,
        "f1_avg": 0.2817963355962909,
        "f1_std": 0.008803682611122366
    },
    "0.01": {
        "tpr": [
            0.19072318062378613,
            0.18735094478077416,
            0.18355920195625844
        ],
        "f1": [
            0.31933737590144806,
            0.31454531454531454,
            0.3091787439613527
        ],
        "tpr_avg": 0.18721110912027292,
        "tpr_std": 0.002926353031352484,
        "f1_avg": 0.31435381146937175,
        "f1_std": 0.004149454244809638
    },
    "0.03": {
        "tpr": [
            0.20760881983320004,
            0.20700330214639515,
            0.2066640766048861
        ],
        "f1": [
            0.34105966479608113,
            0.34000640313376895,
            0.339553920096125
        ],
        "tpr_avg": 0.2070920661948271,
        "tpr_std": 0.0003907635551769441,
        "f1_avg": 0.34020666267532507,
        "f1_std": 0.0006308167659733831
    },
    "0.1": {
        "tpr": [
            0.282211813092654,
            0.2822876536415337,
            0.2826290650638755
        ],
        "f1": [
            0.4277106347612287,
            0.42747508421016084,
            0.42793868299941173
        ],
        "tpr_avg": 0.282376177266021,
        "tpr_std": 0.00018147933939586768,
        "f1_avg": 0.42770813399026714,
        "f1_std": 0.00018927167377480822
    },
    "auc": [
        0.6819923459192755,
        0.6822551069600953,
        0.6821363745159862
    ],
    "auc_avg": 0.6821279424651189,
    "auc_std": 0.00010743731739808548,
    "epoch_time_avg": 0.023478909039497377
}