{
    "0.0001": {
        "tpr": [
            0.0,
            0.5683117489207794,
            0.4976115577303973
        ],
        "f1": [
            0.0,
            0.7247433417646184,
            0.6645402209428971
        ],
        "tpr_avg": 0.35530776888372556,
        "tpr_std": 0.25289304357170095,
        "f1_avg": 0.4630945209025052,
        "f1_std": 0.3283783441972682
    },
    "0.0003": {
        "tpr": [
            0.5049580027998134,
            0.883969198459923,
            0.7405918676453455
        ],
        "f1": [
            0.6710072472193156,
            0.9383534074372233,
            0.8509086041297146
        ],
        "tpr_avg": 0.7098396896350273,
        "tpr_std": 0.1562511737517731,
        "f1_avg": 0.8200897529287512,
        "f1_std": 0.1112979291146819
    },
    "0.001": {
        "tpr": [
            0.9098226784881008,
            0.9058452922646132,
            0.8756844926016545
        ],
        "f1": [
            0.9525496183206107,
            0.9503641593732787,
            0.9334906539154195
        ],
        "tpr_avg": 0.8971174877847895,
        "tpr_std": 0.015242153438910002,
        "f1_avg": 0.9454681438697697,
        "f1_std": 0.008516229874286574
    },
    "0.003": {
        "tpr": [
            0.945111992533831,
            0.94656399486641,
            0.9363858790632646
        ],
        "f1": [
            0.9710826765754696,
            0.97184954480115,
            0.9664502164502164
        ],
        "tpr_avg": 0.9426872888211685,
        "tpr_std": 0.004495026985177328,
        "f1_avg": 0.9697941459422786,
        "f1_std": 0.0023851512956627303
    },
    "0.01": {
        "tpr": [
            0.9727601493233784,
            0.9720569361801423,
            0.9725037865548176
        ],
        "f1": [
            0.9838067427661269,
            0.9834449789004633,
            0.9836780390077191
        ],
        "tpr_avg": 0.9724402906861128,
        "tpr_std": 0.00029057526301221254,
        "f1_avg": 0.9836432535581031,
        "f1_std": 0.00014972373281859245
    },
    "0.03": {
        "tpr": [
            0.9887424171721885,
            0.9862909812157274,
            0.9868344401724339
        ],
        "f1": [
            0.987245195107746,
            0.985974631870535,
            0.9863173216885008
        ],
        "tpr_avg": 0.9872892795201166,
        "tpr_std": 0.0010512036549618724,
        "f1_avg": 0.9865123828889274,
        "f1_std": 0.0005367304654863954
    },
    "0.1": {
        "tpr": [
            0.9953919738684087,
            0.9943413837358535,
            0.9958639170453222
        ],
        "f1": [
            0.9743355505438351,
            0.9737496072438515,
            0.974601636213335
        ],
        "tpr_avg": 0.9951990915498614,
        "tpr_std": 0.0006363592335657439,
        "f1_avg": 0.9742289313336739,
        "f1_std": 0.00035591579827379976
    },
    "auc": [
        0.9979693778634712,
        0.997750019085229,
        0.9979060458659771
    ],
    "auc_avg": 0.9978751476048924,
    "auc_std": 9.217951797631874e-05
}