{
    "0.0001": {
        "tpr": [
            0.8341494695114842,
            0.9001165840862723,
            0.7449687919267339
        ],
        "f1": [
            0.9095618732817391,
            0.947418474092708,
            0.8538334252619967
        ],
        "tpr_avg": 0.8264116151748301,
        "tpr_std": 0.06357470747237082,
        "f1_avg": 0.9036045908788145,
        "f1_std": 0.038437457871047256
    },
    "0.0003": {
        "tpr": [
            0.9200769499825113,
            0.9309530749052755,
            0.9323922300647495
        ],
        "f1": [
            0.9583168887944381,
            0.9641838351822504,
            0.9649551752241239
        ],
        "tpr_avg": 0.9278074183175121,
        "tpr_std": 0.005497750897842815,
        "f1_avg": 0.9624852997336042,
        "f1_std": 0.0029642850384051056
    },
    "0.001": {
        "tpr": [
            0.9681998367727643,
            0.9675896240163218,
            0.9603336638861343
        ],
        "f1": [
            0.9836099554344768,
            0.9832948285054203,
            0.9795323377164277
        ],
        "tpr_avg": 0.9653743748917402,
        "tpr_std": 0.0035730160447030564,
        "f1_avg": 0.9821457072187748,
        "f1_std": 0.0018524040887817816
    },
    "0.003": {
        "tpr": [
            0.9848140375422642,
            0.9853104051296998,
            0.9855917867351105
        ],
        "f1": [
            0.9916353604132425,
            0.9918873322086115,
            0.9920295917918006
        ],
        "tpr_avg": 0.9852387431356915,
        "tpr_std": 0.0003215328213233412,
        "f1_avg": 0.9918507614712181,
        "f1_std": 0.00016300850506455173
    },
    "0.01": {
        "tpr": [
            0.9944910807974816,
            0.9946079860099096,
            0.9940792160065333
        ],
        "f1": [
            0.9948680565680128,
            0.9949269658007521,
            0.9946739431789994
        ],
        "tpr_avg": 0.9943927609379748,
        "tpr_std": 0.00022678848471315688,
        "f1_avg": 0.9948229885159215,
        "f1_std": 0.00010810013496489191
    },
    "0.03": {
        "tpr": [
            0.9974641483036026,
            0.9974642961235791,
            0.9972000233331388
        ],
        "f1": [
            0.9917261965137003,
            0.9916692021268888,
            0.9914886829933156
        ],
        "tpr_avg": 0.9973761559201068,
        "tpr_std": 0.00012454456125345417,
        "f1_avg": 0.9916280272113016,
        "f1_std": 0.00010124129047839233
    },
    "0.1": {
        "tpr": [
            0.9992421592631456,
            0.9992713494607987,
            0.9992708394096715
        ],
        "f1": [
            0.9762918452491137,
            0.976460703758028,
            0.9766951266445258
        ],
        "tpr_avg": 0.999261449377872,
        "tpr_std": 1.3641760215203192e-05,
        "f1_avg": 0.9764825585505559,
        "f1_std": 0.00016536262161023633
    },
    "auc": [
        0.9995718890858638,
        0.9995985796326977,
        0.9995826544293932
    ],
    "auc_avg": 0.9995843743826516,
    "auc_std": 1.096403216526626e-05,
    "epoch_time_avg": 62.280592216385735
}