{
    "0.0001": {
        "tpr": [
            0.03695213643865762,
            0.0,
            0.0
        ],
        "f1": [
            0.07127066937837122,
            0.0,
            0.0
        ],
        "tpr_avg": 0.012317378812885874,
        "f1_avg": 0.023756889792790406
    },
    "0.001": {
        "tpr": [
            0.04506693563176233,
            0.01815853268078489,
            0.06701690269529466
        ],
        "f1": [
            0.08621672586940314,
            0.03565654751212502,
            0.12557243740637708
        ],
        "tpr_avg": 0.04341412366928062,
        "f1_avg": 0.08248190359596841
    },
    "0.01": {
        "tpr": [
            0.2694846873280763,
            0.2367470155056488,
            0.10201005025125628
        ],
        "f1": [
            0.4232583258325833,
            0.3816546232119156,
            0.18449208906514644
        ],
        "tpr_avg": 0.20274725102832714,
        "f1_avg": 0.3298016793698818
    },
    "0.1": {
        "tpr": [
            0.5082981844856043,
            0.5162146091570233,
            0.39808131566925536
        ],
        "f1": [
            0.6569295490904782,
            0.6639018794670432,
            0.5541318241073416
        ],
        "tpr_avg": 0.47419803643729436,
        "f1_avg": 0.6249877508882876
    },
    "epoch_time_avg": 61.55725155936347
}