{
    "0.0001": {
        "tpr": [
            0.10779816513761468,
            0.08493874390854853,
            0.10491562729273661
        ],
        "f1": [
            0.19461697722567287,
            0.15657795315254808,
            0.18990703851261623
        ],
        "tpr_avg": 0.0992175121129666,
        "tpr_std": 0.01016496178656251,
        "f1_avg": 0.18036732296361238,
        "f1_std": 0.016931163922894198
    },
    "0.0003": {
        "tpr": [
            0.15637614678899084,
            0.13931775743498656,
            0.13765590608950845
        ],
        "f1": [
            0.2704375074372298,
            0.24454392837157246,
            0.2419796872481058
        ],
        "tpr_avg": 0.14444993677116194,
        "tpr_std": 0.008460350722266717,
        "f1_avg": 0.2523203743523027,
        "f1_std": 0.012853448734290193
    },
    "0.001": {
        "tpr": [
            0.16490825688073393,
            0.14879081841781663,
            0.15324651504035217
        ],
        "f1": [
            0.2830374365232453,
            0.2589568801521877,
            0.2656808967326496
        ],
        "tpr_avg": 0.15564853011296756,
        "tpr_std": 0.0067955972491157935,
        "f1_avg": 0.26922507113602756,
        "f1_std": 0.010145251038000989
    },
    "0.003": {
        "tpr": [
            0.17660550458715596,
            0.16013116545976228,
            0.15824468085106383
        ],
        "f1": [
            0.29990262901655307,
            0.27578633618323006,
            0.2729897559625044
        ],
        "tpr_avg": 0.16499378363266068,
        "tpr_std": 0.008246767192401819,
        "f1_avg": 0.28289290705409587,
        "f1_std": 0.012081754733559005
    },
    "0.01": {
        "tpr": [
            0.18926605504587157,
            0.1847246891651865,
            0.17406456346294938
        ],
        "f1": [
            0.31742124091241297,
            0.31085223789086447,
            0.2955350539141267
        ],
        "tpr_avg": 0.1826851025580025,
        "tpr_std": 0.006371356304198078,
        "f1_avg": 0.30793617757246805,
        "f1_std": 0.009169836464059153
    },
    "0.03": {
        "tpr": [
            0.20573394495412844,
            0.2075420139363301,
            0.20717168011738812
        ],
        "f1": [
            0.3387462235649547,
            0.34073575594436967,
            0.3400572030709017
        ],
        "tpr_avg": 0.2068158796692822,
        "tpr_std": 0.0007798392271291983,
        "f1_avg": 0.3398463941934087,
        "f1_std": 0.000825788536009688
    },
    "0.1": {
        "tpr": [
            0.2813302752293578,
            0.28291660973721366,
            0.2727439471753485
        ],
        "f1": [
            0.42686619105620316,
            0.4284137931034483,
            0.4165849558761731
        ],
        "tpr_avg": 0.2789969440473066,
        "tpr_std": 0.004468712842511616,
        "f1_avg": 0.42395498001194154,
        "f1_std": 0.005249552987033975
    },
    "auc": [
        0.6879302908661724,
        0.6801138828478307,
        0.6766608217468101
    ],
    "auc_avg": 0.6815683318202711,
    "auc_std": 0.004714290326099989
}