{
    "0.0001": [
        [
            0.0,
            0.0
        ],
        [
            0.00036591501623747883,
            0.0
        ],
        [
            0.0,
            0.0
        ]
    ],
    "0.001": [
        [
            0.0017421602787456446,
            0.0033857979502196194
        ],
        [
            0.00471115583405754,
            0.009284121421744868
        ],
        [
            0.0,
            0.0
        ]
    ],
    "0.01": [
        [
            0.008527416101228681,
            0.016755728647767414
        ],
        [
            0.022229337236426838,
            0.04323986983461864
        ],
        [
            0.05856555504796711,
            0.10135895438414265
        ]
    ],
    "0.1": [
        [
            0.08660370438290849,
            0.15377723477906743
        ],
        [
            0.17659973471161322,
            0.29052045309148383
        ],
        [
            0.12160804020100502,
            0.20963105878647084
        ]
    ],
    "avg_epoch_time": 231.51814733611212
}