{
    "0.0001": {
        "tpr": [
            0.0,
            0.0,
            0.0
        ],
        "f1": [
            0.0,
            0.0,
            0.0
        ],
        "tpr_avg": 0.0,
        "tpr_std": 0.0,
        "f1_avg": 0.0,
        "f1_std": 0.0
    },
    "0.0003": {
        "tpr": [
            0.0,
            0.0,
            0.0
        ],
        "f1": [
            0.0,
            0.0,
            0.0
        ],
        "tpr_avg": 0.0,
        "tpr_std": 0.0,
        "f1_avg": 0.0,
        "f1_std": 0.0
    },
    "0.001": {
        "tpr": [
            0.0,
            0.8931863259829658,
            0.0
        ],
        "f1": [
            0.0,
            0.9433474014971812,
            0.0
        ],
        "tpr_avg": 0.29772877532765524,
        "tpr_std": 0.4210520719771022,
        "f1_avg": 0.31444913383239376,
        "f1_std": 0.44469822974224366
    },
    "0.003": {
        "tpr": [
            0.920205319645357,
            0.9488974448722436,
            0.9416870558079925
        ],
        "f1": [
            0.9577464788732395,
            0.9730796841349605,
            0.9692699745165642
        ],
        "tpr_avg": 0.936929940108531,
        "tpr_std": 0.012186936307439547,
        "f1_avg": 0.9666987125082547,
        "f1_std": 0.006518452635201535
    },
    "0.01": {
        "tpr": [
            0.9625524965002333,
            0.9735736786839342,
            0.9708144005592451
        ],
        "f1": [
            0.9785631689744122,
            0.9842243387491523,
            0.9828669163398308
        ],
        "tpr_avg": 0.9689801919144708,
        "tpr_std": 0.004682581566899793,
        "f1_avg": 0.9818848080211318,
        "f1_std": 0.002413243096865163
    },
    "0.03": {
        "tpr": [
            0.9860592627158189,
            0.9866993349667483,
            0.9859023651403938
        ],
        "f1": [
            0.9858579967925353,
            0.9861815637572152,
            0.9858162225134702
        ],
        "tpr_avg": 0.986220320940987,
        "tpr_std": 0.0003447173140904823,
        "f1_avg": 0.9859519276877403,
        "f1_std": 0.00016327036044709912
    },
    "0.1": {
        "tpr": [
            0.9948086794213719,
            0.9960914712402287,
            0.9954561342188046
        ],
        "f1": [
            0.9741261137765592,
            0.974711725082772,
            0.9750920140374902
        ],
        "tpr_avg": 0.9954520949601351,
        "tpr_std": 0.0005237053556720913,
        "f1_avg": 0.9746432842989404,
        "f1_std": 0.000397285736118862
    },
    "auc": [
        0.996579033336553,
        0.9978366944380662,
        0.9975458695182666
    ],
    "auc_avg": 0.9973205324309621,
    "auc_std": 0.0005375936902848413
}