{
    "0.0001": {
        "tpr": [
            0.9286172321324473,
            0.0,
            0.0
        ],
        "f1": [
            0.9629730383266836,
            0.0,
            0.0
        ],
        "tpr_avg": 0.30953907737748243,
        "tpr_std": 0.43775436131169054,
        "f1_avg": 0.3209910127755612,
        "f1_std": 0.453949843667074
    },
    "0.0003": {
        "tpr": [
            0.9479130232015857,
            0.0,
            0.8849384588461763
        ],
        "f1": [
            0.973201861355917,
            0.0,
            0.9388992898144852
        ],
        "tpr_avg": 0.6109504940159206,
        "tpr_std": 0.43277155524415073,
        "f1_avg": 0.6373670503901341,
        "f1_std": 0.45090408018842437
    },
    "0.001": {
        "tpr": [
            0.9616998950682056,
            0.9610900612066453,
            0.966662777810185
        ],
        "f1": [
            0.980243025639502,
            0.979926004071262,
            0.9828156275483728
        ],
        "tpr_avg": 0.9631509113616786,
        "tpr_std": 0.0024957134983520147,
        "f1_avg": 0.9809948857530456,
        "f1_std": 0.0012939477533555621
    },
    "0.003": {
        "tpr": [
            0.9835023901130932,
            0.981783736519965,
            0.9839001341655487
        ],
        "f1": [
            0.9909690303822376,
            0.9900946446417024,
            0.9911707238243547
        ],
        "tpr_avg": 0.9830620869328689,
        "tpr_std": 0.0009183989388948271,
        "f1_avg": 0.9907447996160982,
        "f1_std": 0.00046704473675583907
    },
    "0.01": {
        "tpr": [
            0.9944619330768334,
            0.9924803264354416,
            0.9934083882634311
        ],
        "f1": [
            0.9948534021490326,
            0.9938852648015996,
            0.9943219139091214
        ],
        "tpr_avg": 0.9934502159252353,
        "tpr_std": 0.0008095280045685169,
        "f1_avg": 0.9943535269532512,
        "f1_std": 0.00039587204944110065
    },
    "0.03": {
        "tpr": [
            0.998221989040457,
            0.9973477120373069,
            0.9978125182290147
        ],
        "f1": [
            0.9920484335848673,
            0.9915676615473775,
            0.9918100511690608
        ],
        "tpr_avg": 0.9977940731022595,
        "tpr_std": 0.000357160315624093,
        "f1_avg": 0.9918087154337686,
        "f1_std": 0.00019627663496468468
    },
    "0.1": {
        "tpr": [
            0.9995919319109245,
            0.9995628096764791,
            0.9994458379513504
        ],
        "f1": [
            0.9767448484071716,
            0.9764396042422948,
            0.9763929848556083
        ],
        "tpr_avg": 0.9995335265129182,
        "tpr_std": 6.313471843140586e-05,
        "f1_avg": 0.9765258125016917,
        "f1_std": 0.00015604676162578017
    },
    "auc": [
        0.9996528164682658,
        0.9994314114834473,
        0.9995274862232713
    ],
    "auc_avg": 0.9995372380583282,
    "auc_std": 9.065085232491485e-05,
    "epoch_time_avg": 0.027463404766718547
}