{
    "auc": [
        0.9755533181110569,
        0.971106255469705,
        0.9682614797324096
    ],
    "auc_avg": 0.9716403511043904,
    "auc_std": 0.0030007410579523126,
    "epoch_time_avg": 0.022513702360788982
}