{
    "0.0001": {
        "tpr": [
            0.0,
            0.07210360518025902,
            0.0
        ],
        "f1": [
            0.0,
            0.13450865164871043,
            0.0
        ],
        "tpr_avg": 0.024034535060086338,
        "tpr_std": 0.03398996544730575,
        "f1_avg": 0.04483621721623681,
        "f1_std": 0.06340798647270815
    },
    "0.0003": {
        "tpr": [
            0.25414139057396173,
            0.2637965231594913,
            0.0
        ],
        "f1": [
            0.4052457796586522,
            0.41742822856087874,
            0.0
        ],
        "tpr_avg": 0.17264597124448433,
        "tpr_std": 0.12214275510381156,
        "f1_avg": 0.2742246694065103,
        "f1_std": 0.1939698945689704
    },
    "0.001": {
        "tpr": [
            0.3783247783481101,
            0.4379885660949714,
            0.1576954444832809
        ],
        "f1": [
            0.5487773923343768,
            0.608970719441966,
            0.2723203058196268
        ],
        "tpr_avg": 0.32466959630878744,
        "tpr_std": 0.12055487664810886,
        "f1_avg": 0.4766894725319899,
        "f1_std": 0.14658530254678684
    },
    "0.003": {
        "tpr": [
            0.672071861875875,
            0.7104188542760471,
            0.5494582313876267
        ],
        "f1": [
            0.8032066922272568,
            0.8300163576881134,
            0.7085868830290737
        ],
        "tpr_avg": 0.643982982513183,
        "tpr_std": 0.0686479880163819,
        "f1_avg": 0.7806033109814813,
        "f1_std": 0.052086235941299
    },
    "0.01": {
        "tpr": [
            0.8528931404573028,
            0.8478590596196477,
            0.8624024233950833
        ],
        "f1": [
            0.9182366239638281,
            0.9152969330562378,
            0.9237489080244603
        ],
        "tpr_avg": 0.854384874490678,
        "tpr_std": 0.006030274194756024,
        "f1_avg": 0.9190941550148422,
        "f1_std": 0.0035033783546223572
    },
    "0.03": {
        "tpr": [
            0.93117125524965,
            0.9351300898378252,
            0.9286962600489339
        ],
        "f1": [
            0.9572752076275,
            0.9593632174277336,
            0.9559273250584638
        ],
        "tpr_avg": 0.9316658683788029,
        "tpr_std": 0.002649782764524181,
        "f1_avg": 0.9575219167045658,
        "f1_std": 0.0014135034771402977
    },
    "0.1": {
        "tpr": [
            0.9742183854409706,
            0.9794656399486641,
            0.9753582663404404
        ],
        "f1": [
            0.9635676580032884,
            0.9661919148323982,
            0.9642641172574654
        ],
        "tpr_avg": 0.9763474305766917,
        "tpr_std": 0.002253479440308005,
        "f1_avg": 0.9646745633643841,
        "f1_std": 0.0011099641079169642
    },
    "auc": [
        0.9889696022816166,
        0.9895712810661789,
        0.9881785523477605
    ],
    "auc_avg": 0.9889064785651853,
    "auc_std": 0.0005703284278722588
}