{
    "0.0001": {
        "tpr": [
            0.3098985659321441,
            0.3436898863305159,
            0.5001458321180657
        ],
        "f1": [
            0.4731536903940722,
            0.5115502244973212,
            0.6667833187518227
        ],
        "tpr_avg": 0.38457809479357524,
        "tpr_std": 0.08287496512334382,
        "f1_avg": 0.5504957445477388,
        "f1_std": 0.08370851566990561
    },
    "0.0003": {
        "tpr": [
            0.6746531421242858,
            0.5810259399591956,
            0.6887650936242198
        ],
        "f1": [
            0.8056667478854118,
            0.7349444229386716,
            0.8156463172437614
        ],
        "tpr_avg": 0.6481480585692337,
        "tpr_std": 0.0478108836898681,
        "f1_avg": 0.7854191626892817,
        "f1_std": 0.035922810448825636
    },
    "0.001": {
        "tpr": [
            0.8165150985192958,
            0.7904983969688137,
            0.7995391705069125
        ],
        "f1": [
            0.8987599659913054,
            0.8827626611118344,
            0.8883739771530422
        ],
        "tpr_avg": 0.8021842219983406,
        "tpr_std": 0.010784693255904998,
        "f1_avg": 0.8899655347520606,
        "f1_std": 0.006627127710903176
    },
    "0.003": {
        "tpr": [
            0.8716917337064242,
            0.8856601573885164,
            0.9095840867992767
        ],
        "f1": [
            0.9307377495604002,
            0.9386670785388832,
            0.9519390729689718
        ],
        "tpr_avg": 0.8889786592980724,
        "tpr_std": 0.015646446815409307,
        "f1_avg": 0.9404479670227518,
        "f1_std": 0.008746530794651992
    },
    "0.01": {
        "tpr": [
            0.9478838754809374,
            0.9434567181579714,
            0.9480545995450038
        ],
        "f1": [
            0.9708621925005971,
            0.968523726886482,
            0.9709506384885372
        ],
        "tpr_avg": 0.9464650643946375,
        "tpr_std": 0.002128363531959149,
        "f1_avg": 0.9701121859585388,
        "f1_std": 0.0011237904137027432
    },
    "0.03": {
        "tpr": [
            0.97408767634371,
            0.9724861556397552,
            0.9739252172898559
        ],
        "f1": [
            0.979742011140428,
            0.9789200369669497,
            0.9796684758691507
        ],
        "tpr_avg": 0.973499683091107,
        "tpr_std": 0.0007197345144925004,
        "f1_avg": 0.9794435079921762,
        "f1_std": 0.0003713653140499825
    },
    "0.1": {
        "tpr": [
            0.9911973883642299,
            0.993762751384436,
            0.9910167415271539
        ],
        "f1": [
            0.972225001786863,
            0.9734760885082084,
            0.9720636827876239
        ],
        "tpr_avg": 0.9919922937586066,
        "tpr_std": 0.0012540729573618835,
        "f1_avg": 0.9725882576942319,
        "f1_std": 0.000631236152621041
    },
    "auc": [
        0.9961180862836917,
        0.9967134913460992,
        0.9965220753689793
    ],
    "auc_avg": 0.9964512176662567,
    "auc_std": 0.0002481832758419527,
    "epoch_time_avg": 0.02946408734321594
}