{
    "0.0001": {
        "tpr": [
            0.5633962924099335,
            0.615126785193821,
            0.4342588811759902
        ],
        "f1": [
            0.7207203848018195,
            0.7616933737548722,
            0.6055392874572962
        ],
        "tpr_avg": 0.537593986259915,
        "tpr_std": 0.07605970868532731,
        "f1_avg": 0.6959843486713293,
        "f1_std": 0.06610561387882469
    },
    "0.0003": {
        "tpr": [
            0.7042380785822548,
            0.6181871174584669,
            0.4471212739893834
        ],
        "f1": [
            0.8263985087134234,
            0.7640214689672562,
            0.617908462484129
        ],
        "tpr_avg": 0.5898488233433684,
        "tpr_std": 0.10686301819316035,
        "f1_avg": 0.7361094800549361,
        "f1_std": 0.08737403957680806
    },
    "0.001": {
        "tpr": [
            0.7778360732190742,
            0.7260856893034101,
            0.6263489470921075
        ],
        "f1": [
            0.8748074086215374,
            0.8410959366612084,
            0.770030657798017
        ],
        "tpr_avg": 0.7100902365381973,
        "tpr_std": 0.06287012129475068,
        "f1_avg": 0.8286446676935877,
        "f1_std": 0.0436716342146062
    },
    "0.003": {
        "tpr": [
            0.8621312813337997,
            0.8430778198775867,
            0.8151723735635537
        ],
        "f1": [
            0.9252522092750448,
            0.9141502725764399,
            0.897484064672543
        ],
        "tpr_avg": 0.8401271582583133,
        "tpr_std": 0.01928409634452196,
        "f1_avg": 0.9122955155080094,
        "f1_std": 0.011411910634757355
    },
    "0.01": {
        "tpr": [
            0.9279468345575376,
            0.9210725735937044,
            0.8679052674561045
        ],
        "f1": [
            0.9602461241479158,
            0.9565348992069738,
            0.9269227175030371
        ],
        "tpr_avg": 0.9056415585357822,
        "tpr_std": 0.02683076113080332,
        "f1_avg": 0.9479012469526422,
        "f1_std": 0.014911233372674193
    },
    "0.03": {
        "tpr": [
            0.9494287046752944,
            0.9440104925677645,
            0.9114215714869043
        ],
        "f1": [
            0.9677639788460395,
            0.9645180983010972,
            0.9465521680524634
        ],
        "tpr_avg": 0.9349535895766543,
        "tpr_std": 0.01678602915408705,
        "f1_avg": 0.9596114150665334,
        "f1_std": 0.009328875765024055
    },
    "0.1": {
        "tpr": [
            0.9793925615016905,
            0.9721946954240747,
            0.9589628419763169
        ],
        "f1": [
            0.9680216646019993,
            0.9635728110465956,
            0.9557015376565997
        ],
        "tpr_avg": 0.9701833663006939,
        "tpr_std": 0.008460789703224227,
        "f1_avg": 0.9624320044350649,
        "f1_std": 0.005093948159752886
    },
    "auc": [
        0.9938499364224429,
        0.9922299021730033,
        0.9873043075131981
    ],
    "auc_avg": 0.9911280487028814,
    "auc_std": 0.0027835080092813466,
    "epoch_time_avg": 0.11193565679391225
}