{
    "0.0001": {
        "tpr": [
            0.3163205786280915,
            0.40654532726636333,
            0.4107538156821624
        ],
        "f1": [
            0.48061328488500915,
            0.5780763966654224,
            0.582318206218772
        ],
        "tpr_avg": 0.3778732405255391,
        "tpr_std": 0.04355820231737914,
        "f1_avg": 0.5470026292564012,
        "f1_std": 0.04697628495045263
    },
    "0.0003": {
        "tpr": [
            0.3163205786280915,
            0.5366935013417338,
            0.4427356402190376
        ],
        "f1": [
            0.48061328488500915,
            0.6984512602490132,
            0.6136950904392765
        ],
        "tpr_avg": 0.4319165733962876,
        "tpr_std": 0.09029154785665004,
        "f1_avg": 0.5975865451910995,
        "f1_std": 0.08965846232669666
    },
    "0.001": {
        "tpr": [
            0.7082944470368642,
            0.6320149340800373,
            0.49376674822323197
        ],
        "f1": [
            0.8290151903055129,
            0.7742995997712978,
            0.660896686159844
        ],
        "tpr_avg": 0.6113587097800445,
        "tpr_std": 0.08879017622581466,
        "f1_avg": 0.7547371587455517,
        "f1_std": 0.07001416372520002
    },
    "0.003": {
        "tpr": [
            0.8335860942603827,
            0.774180375685451,
            0.7412909239193755
        ],
        "f1": [
            0.9085476334276359,
            0.8721740273396424,
            0.8507437740264082
        ],
        "tpr_avg": 0.7830191312884031,
        "tpr_std": 0.0381941733560275,
        "f1_avg": 0.8771551449312289,
        "f1_std": 0.023859731624156114
    },
    "0.01": {
        "tpr": [
            0.8902823145123658,
            0.8908528759771321,
            0.864091809390656
        ],
        "f1": [
            0.939579550001539,
            0.9399562982796293,
            0.9248082798179438
        ],
        "tpr_avg": 0.8817423332933846,
        "tpr_std": 0.012482978560874162,
        "f1_avg": 0.9347813760330373,
        "f1_std": 0.007053721046506673
    },
    "0.03": {
        "tpr": [
            0.9448786747550163,
            0.9348967448372418,
            0.9007340090877316
        ],
        "f1": [
            0.9646281188590484,
            0.9592673510310358,
            0.9406826063150211
        ],
        "tpr_avg": 0.9268364762266632,
        "tpr_std": 0.018901742852183323,
        "f1_avg": 0.954859358735035,
        "f1_std": 0.010260594193653163
    },
    "0.1": {
        "tpr": [
            0.9768432104526364,
            0.9591646248979115,
            0.9504835139228708
        ],
        "f1": [
            0.9649668683376549,
            0.9557357514459267,
            0.9548779774097267
        ],
        "tpr_avg": 0.9621637830911395,
        "tpr_std": 0.010968275850115495,
        "f1_avg": 0.9585268657311028,
        "f1_std": 0.004567214267916737
    },
    "auc": [
        0.9922312329121369,
        0.9896833478865732,
        0.9849877189690454
    ],
    "auc_avg": 0.9889674332559185,
    "auc_std": 0.0030001693151920006
}