{
    "0.0001": {
        "tpr": [
            0.1666343205372045,
            0.170111720970065
        ],
        "f1": [
            0.2856572512226769,
            0.2907518296739854
        ],
        "tpr_avg": 0.16837302075363475,
        "f1_avg": 0.2882045404483311
    },
    "0.0003": {
        "tpr": [
            0.1666343205372045,
            0.21888746155942232
        ],
        "f1": [
            0.2856572512226769,
            0.35912501995848634
        ],
        "tpr_avg": 0.1927608910483134,
        "f1_avg": 0.32239113559058163
    },
    "0.001": {
        "tpr": [
            0.24395450840352442,
            0.4109541048697886
        ],
        "f1": [
            0.392077354959451,
            0.582326658944233
        ],
        "tpr_avg": 0.32745430663665653,
        "f1_avg": 0.487202006951842
    },
    "0.003": {
        "tpr": [
            0.376897100492955,
            0.5609404803612441
        ],
        "f1": [
            0.5469036019037428,
            0.7180586007574248
        ],
        "tpr_avg": 0.46891879042709955,
        "f1_avg": 0.6324811013305838
    },
    "0.01": {
        "tpr": [
            0.5084423397896207,
            0.6122464868231539
        ],
        "f1": [
            0.6720020520713095,
            0.7572460279248917
        ],
        "tpr_avg": 0.5603444133063873,
        "f1_avg": 0.7146240399981005
    },
    "0.03": {
        "tpr": [
            0.5685285098785079,
            0.652575032114913
        ],
        "f1": [
            0.7183599401652812,
            0.7829254623575566
        ],
        "tpr_avg": 0.6105517709967104,
        "f1_avg": 0.7506427012614189
    },
    "0.1": {
        "tpr": [
            0.6226759305981446,
            0.6813422087274709
        ],
        "f1": [
            0.7456020078548022,
            0.7942551163951536
        ],
        "tpr_avg": 0.6520090696628078,
        "f1_avg": 0.7699285621249778
    },
    "epoch_time_avg": 194.49021810293198
}