{
    "auc": [
        0.9945221808991533,
        0.9940258508950073,
        0.993953932645223
    ],
    "auc_avg": 0.9941673214797945,
    "auc_std": 0.0002526353951102284,
    "epoch_time_avg": 0.028669226090113322
}