{
    "auc": [
        0.9944137026464694,
        0.9946191809643038,
        0.9941626243190438
    ],
    "auc_avg": 0.9943985026432723,
    "auc_std": 0.00018669810328560268,
    "epoch_time_avg": 0.027948092540105184
}