{
    "0.0001": {
        "tpr": [
            0.6237635284533923,
            0.6339607296386662,
            0.745836265540699
        ],
        "f1": [
            0.7682935569411596,
            0.7759803747289082,
            0.854417198522002
        ],
        "tpr_avg": 0.6678535078775858,
        "f1_avg": 0.7995637100640233
    },
    "0.001": {
        "tpr": [
            0.9547305946700803,
            0.9575345648890438,
            0.9041168191414497
        ],
        "f1": [
            0.9766085352062376,
            0.9780744696632547,
            0.9494980599864508
        ],
        "tpr_avg": 0.9387939929001913,
        "f1_avg": 0.9680603549519811
    },
    "0.01": {
        "tpr": [
            0.9809728849063191,
            0.9824561403508771,
            0.979005395261553
        ],
        "f1": [
            0.9880443063939519,
            0.988803461279855,
            0.9872848778756876
        ],
        "tpr_avg": 0.9808114735062498,
        "f1_avg": 0.9880442151831649
    },
    "0.1": {
        "tpr": [
            0.9957523565693006,
            0.9968630184733357,
            0.9971264367816092
        ],
        "f1": [
            0.974710941504813,
            0.9756097560975611,
            0.9749985664315615
        ],
        "tpr_avg": 0.9965806039414152,
        "f1_avg": 0.9751064213446452
    },
    "epoch_time_avg": 57.13902031050788
}