{
    "0.0001": {
        "tpr": [
            0.35488188060048875,
            0.3691181596375044,
            0.0
        ],
        "f1": [
            0.5238565600171784,
            0.5392057026476579,
            0.0
        ],
        "tpr_avg": 0.2413333467459977,
        "f1_avg": 0.3543540875549454
    },
    "0.001": {
        "tpr": [
            0.7856976608867683,
            0.866794469617753,
            0.796680741262022
        ],
        "f1": [
            0.8797602371567255,
            0.9284136514948822,
            0.8866046663403491
        ],
        "tpr_avg": 0.8163909572555145,
        "f1_avg": 0.8982595183306522
    },
    "0.01": {
        "tpr": [
            0.9166763644827185,
            0.9412106425002904,
            0.9310344827586207
        ],
        "f1": [
            0.9551062475370578,
            0.9673702122578142,
            0.9618611977825574
        ],
        "tpr_avg": 0.9296404965805433,
        "f1_avg": 0.9614458858591431
    },
    "0.1": {
        "tpr": [
            0.9870825090189689,
            0.9883234576507494,
            0.9851630307295332
        ],
        "f1": [
            0.9702585220773279,
            0.9724770642201834,
            0.9705635959210793
        ],
        "tpr_avg": 0.9868563324664171,
        "f1_avg": 0.9710997274061969
    },
    "epoch_time_avg": 113.11175616582234
}