{
    "0.0001": {
        "tpr": [
            0.0,
            0.5584408039967468,
            0.0
        ],
        "f1": [
            0.0,
            0.7166660454020203,
            0.0
        ],
        "tpr_avg": 0.18614693466558227,
        "f1_avg": 0.23888868180067344
    },
    "0.001": {
        "tpr": [
            0.9392528802513674,
            0.9564308121296619,
            0.9204785362420831
        ],
        "f1": [
            0.9684425245980322,
            0.9774980704150091,
            0.9583587739650751
        ],
        "tpr_avg": 0.9387207428743709,
        "f1_avg": 0.9680997896593722
    },
    "0.01": {
        "tpr": [
            0.9785872221575701,
            0.9855350296270478,
            0.9803542106497771
        ],
        "f1": [
            0.987087686348163,
            0.990367775831874,
            0.9876813092670822
        ],
        "tpr_avg": 0.9814921541447982,
        "f1_avg": 0.9883789238157062
    },
    "0.1": {
        "tpr": [
            0.9966251600139648,
            0.9968049262228419,
            0.9961881304245837
        ],
        "f1": [
            0.9751487375103192,
            0.9752756621575537,
            0.974667928966922
        ],
        "tpr_avg": 0.9965394055537967,
        "f1_avg": 0.9750307762115984
    },
    "epoch_time_avg": 30.88603401184082
}