{
    "0.0001": {
        "tpr": [
            0.38601187012684746,
            0.5404902985941675,
            0.7535186488388459
        ],
        "f1": [
            0.5570109151973133,
            0.7017120446489177,
            0.8594361392595565
        ],
        "tpr_avg": 0.5600069391866204,
        "f1_avg": 0.7060530330352625
    },
    "0.001": {
        "tpr": [
            0.8920633073431863,
            0.927094225630301,
            0.9109781843771991
        ],
        "f1": [
            0.9427209838585703,
            0.9619360477381635,
            0.9531815671595998
        ],
        "tpr_avg": 0.9100452391168954,
        "f1_avg": 0.9526128662521112
    },
    "0.01": {
        "tpr": [
            0.949144652624229,
            0.9562565353781806,
            0.9608843537414966
        ],
        "f1": [
            0.9716174762486225,
            0.9756112016595051,
            0.9777419739825755
        ],
        "tpr_avg": 0.9554285139146353,
        "f1_avg": 0.974990217296901
    },
    "0.1": {
        "tpr": [
            0.9938321889910392,
            0.9944231439525967,
            0.9930799906169364
        ],
        "f1": [
            0.973635456747898,
            0.974080291347768,
            0.972994713858883
        ],
        "tpr_avg": 0.9937784411868574,
        "f1_avg": 0.9735701539848497
    },
    "epoch_time_avg": 30.78596083323161
}