{
    "0.0001": {
        "tpr": [
            0.5963575002909345,
            0.6432554897176717,
            0.6854914379544922
        ],
        "f1": [
            0.7471478039001276,
            0.7829038074026938,
            0.8134024564211406
        ],
        "tpr_avg": 0.6417014759876994,
        "f1_avg": 0.7811513559079873
    },
    "0.001": {
        "tpr": [
            0.9084720121028744,
            0.9223887533403045,
            0.9133239502697631
        ],
        "f1": [
            0.9518090651385375,
            0.9593957703927494,
            0.95449391720038
        ],
        "tpr_avg": 0.9147282385709806,
        "f1_avg": 0.9552329175772223
    },
    "0.01": {
        "tpr": [
            0.9569998836262074,
            0.9596258859068201,
            0.9632887637813746
        ],
        "f1": [
            0.9757067006792631,
            0.9770509256520968,
            0.9788742886088019
        ],
        "tpr_avg": 0.9599715111048006,
        "f1_avg": 0.9772106383133873
    },
    "0.1": {
        "tpr": [
            0.9957523565693006,
            0.9952364354595097,
            0.9953671123621862
        ],
        "f1": [
            0.974599920268808,
            0.9745442134304161,
            0.9738925866421849
        ],
        "tpr_avg": 0.9954519681303321,
        "f1_avg": 0.9743455734471363
    },
    "epoch_time_avg": 168.2032676272922
}