{
    "0.0001": {
        "tpr": [
            0.7131967880833237,
            0.5022075055187638,
            0.8186136523574947
        ],
        "f1": [
            0.832591787521652,
            0.668626010286554,
            0.9002611976395473
        ],
        "tpr_avg": 0.6780059819865274,
        "f1_avg": 0.8004929984825844
    },
    "0.001": {
        "tpr": [
            0.9069591527987897,
            0.9304054839084466,
            0.8969622331691297
        ],
        "f1": [
            0.9509777004972392,
            0.9637162284132619,
            0.9454489259774377
        ],
        "tpr_avg": 0.9114422899587886,
        "f1_avg": 0.9533809516293129
    },
    "0.01": {
        "tpr": [
            0.96572791807285,
            0.9767630998024863,
            0.972495894909688
        ],
        "f1": [
            0.9802149775572879,
            0.9858981500483743,
            0.9838039867109635
        ],
        "tpr_avg": 0.9716623042616748,
        "f1_avg": 0.9833057047722086
    },
    "0.1": {
        "tpr": [
            0.9942976841615269,
            0.9949459742070408,
            0.9926108374384236
        ],
        "f1": [
            0.9739249380182954,
            0.974315214608755,
            0.9725071102301129
        ],
        "tpr_avg": 0.9939514986023305,
        "f1_avg": 0.9735824209523877
    },
    "epoch_time_avg": 18.29127327601115
}