{
    "0.0001": {
        "tpr": [
            0.5373559874316304,
            0.5706982688509353,
            0.4464578935022285
        ],
        "f1": [
            0.6990651375799553,
            0.7266809675271839,
            0.6173119805392256
        ],
        "tpr_avg": 0.5181707165949314,
        "f1_avg": 0.6810193618821216
    },
    "0.001": {
        "tpr": [
            0.7023158384731758,
            0.8890438015568723,
            0.8691649073422473
        ],
        "f1": [
            0.8249606998838083,
            0.9410317899526532,
            0.9297700824942756
        ],
        "tpr_avg": 0.8201748491240984,
        "f1_avg": 0.8985875241102456
    },
    "0.01": {
        "tpr": [
            0.9484464098684976,
            0.9485302660625072,
            0.9462233169129721
        ],
        "f1": [
            0.9712208782696777,
            0.9712399250513041,
            0.9699428914938384
        ],
        "tpr_avg": 0.9477333309479924,
        "f1_avg": 0.97080123160494
    },
    "0.1": {
        "tpr": [
            0.9878389386710112,
            0.9881491808992681,
            0.990382359840488
        ],
        "f1": [
            0.9706134583500087,
            0.9709181198093553,
            0.9715518481231123
        ],
        "tpr_avg": 0.9887901598035892,
        "f1_avg": 0.9710278087608254
    },
    "epoch_time_avg": 167.99792499012418
}