{
    "0.0001": {
        "tpr": [
            0.0,
            0.6400023236900197,
            0.6524161388693408
        ],
        "f1": [
            0.0,
            0.7804895327831108,
            0.7896511339035384
        ],
        "tpr_avg": 0.43080615418645357,
        "f1_avg": 0.5233802222288831
    },
    "0.001": {
        "tpr": [
            0.9478645409053881,
            0.951551063088184,
            0.9446399249354914
        ],
        "f1": [
            0.9730310904040856,
            0.9749419677400154,
            0.971326921337474
        ],
        "tpr_avg": 0.9480185096430213,
        "f1_avg": 0.973099993160525
    },
    "0.01": {
        "tpr": [
            0.9809146980100082,
            0.9748460555361915,
            0.9806474313863477
        ],
        "f1": [
            0.9880436056734264,
            0.9852630342883983,
            0.9878599911386796
        ],
        "tpr_avg": 0.9788027283108492,
        "f1_avg": 0.9870555437001682
    },
    "0.1": {
        "tpr": [
            0.9966833469102758,
            0.9972696642267922,
            0.9973610133708656
        ],
        "f1": [
            0.975066886776342,
            0.9755640165937376,
            0.974976352222891
        ],
        "tpr_avg": 0.9971046748359779,
        "f1_avg": 0.9752024185309902
    },
    "epoch_time_avg": 168.74842217233447
}