{
    "0.0001": {
        "tpr": [
            0.2560223437681834,
            0.6512722202858139,
            0.39977715224020643
        ],
        "f1": [
            0.40767163902529413,
            0.7888126649076517,
            0.5712011395533956
        ],
        "tpr_avg": 0.43569057209806794,
        "f1_avg": 0.5892284811621138
    },
    "0.001": {
        "tpr": [
            0.7632375189107413,
            0.909027535726734,
            0.8450035186488388
        ],
        "f1": [
            0.8655229297261631,
            0.9521143900212959,
            0.9157874666327698
        ],
        "tpr_avg": 0.8390895244287714,
        "f1_avg": 0.9111415954600762
    },
    "0.01": {
        "tpr": [
            0.9448388222972187,
            0.9432438712675729,
            0.9439948393150364
        ],
        "f1": [
            0.9696643974680521,
            0.9684480496242397,
            0.9688233523924165
        ],
        "tpr_avg": 0.9440258442932761,
        "f1_avg": 0.9689785998282362
    },
    "0.1": {
        "tpr": [
            0.9923193296869545,
            0.9911118856744511,
            0.9893854093361483
        ],
        "f1": [
            0.9729020480346854,
            0.9723860819013423,
            0.9709369244935544
        ],
        "tpr_avg": 0.9909388748991846,
        "f1_avg": 0.9720750181431942
    },
    "epoch_time_avg": 30.80811307165358
}