{
    "0.0001": {
        "tpr": [
            0.3058885139066682,
            0.3509352852329499,
            0.6073774337321135
        ],
        "f1": [
            0.46847569398030564,
            0.5195441840464416,
            0.7557371666241016
        ],
        "tpr_avg": 0.42140041095724384,
        "f1_avg": 0.5812523482169496
    },
    "0.001": {
        "tpr": [
            0.7820318864191784,
            0.8941559196003254,
            0.8495191179920244
        ],
        "f1": [
            0.8774564209701639,
            0.9438891273686147,
            0.9184048690800735
        ],
        "tpr_avg": 0.8419023080038427,
        "f1_avg": 0.9132501391396174
    },
    "0.01": {
        "tpr": [
            0.9237751658326545,
            0.9319739746717788,
            0.9205958245367112
        ],
        "f1": [
            0.9580303533174426,
            0.9624452576639271,
            0.9562621832358675
        ],
        "tpr_avg": 0.9254483216803816,
        "f1_avg": 0.9589125980724124
    },
    "0.1": {
        "tpr": [
            0.9852205283370185,
            0.9853026606250727,
            0.985632183908046
        ],
        "f1": [
            0.9692875747774565,
            0.9694492869595039,
            0.9695693559087368
        ],
        "tpr_avg": 0.9853851242900458,
        "f1_avg": 0.9694354058818991
    },
    "epoch_time_avg": 17.836773951848347
}