{
    "0.0001": {
        "tpr": [
            0.9637693832342311,
            0.9186825998251239,
            0.8960800326663945
        ],
        "f1": [
            0.9815359040579453,
            0.9576035606325287,
            0.9451922041563476
        ],
        "tpr_avg": 0.9261773385752498,
        "tpr_std": 0.028137642364791344,
        "f1_avg": 0.9614438896156073,
        "f1_std": 0.015083704798182102
    },
    "0.0003": {
        "tpr": [
            0.9722805176635188,
            0.9186825998251239,
            0.9519920667327773
        ],
        "f1": [
            0.9858871861561423,
            0.9576035606325287,
            0.9753473778574631
        ],
        "tpr_avg": 0.9476517280738066,
        "tpr_std": 0.022095446045263825,
        "f1_avg": 0.9729460415487114,
        "f1_std": 0.011670923420786634
    },
    "0.001": {
        "tpr": [
            0.9797423341494695,
            0.9832993296415039,
            0.9804876626028116
        ],
        "f1": [
            0.9895635533966293,
            0.9913462527364353,
            0.9899144569266332
        ],
        "tpr_avg": 0.9811764421312615,
        "tpr_std": 0.0015316368502786217,
        "f1_avg": 0.9902747543532326,
        "f1_std": 0.0007710879373745559
    },
    "0.003": {
        "tpr": [
            0.9945493762387781,
            0.9953366365491111,
            0.9942542145482121
        ],
        "f1": [
            0.9965536376646514,
            0.9969784109653028,
            0.9965067161670346
        ],
        "tpr_avg": 0.9947134091120337,
        "tpr_std": 0.0004568657239926079,
        "f1_avg": 0.996679588265663,
        "f1_std": 0.00021216606876014367
    },
    "0.01": {
        "tpr": [
            0.9983677276436983,
            0.9980472165549402,
            0.998716677361022
        ],
        "f1": [
            0.9968277989581211,
            0.9966818988852345,
            0.9969719909159728
        ],
        "tpr_avg": 0.9983772071865534,
        "tpr_std": 0.0002733884160182727,
        "f1_avg": 0.9968272295864428,
        "f1_std": 0.00011843025996352918
    },
    "0.03": {
        "tpr": [
            0.9995336364696281,
            0.9994170795686389,
            0.9995041707985767
        ],
        "f1": [
            0.9927480639791562,
            0.9926039571000563,
            0.9926282097701566
        ],
        "tpr_avg": 0.9994849622789479,
        "tpr_std": 4.948469939822751e-05,
        "f1_avg": 0.9926600769497896,
        "f1_std": 6.29991322918954e-05
    },
    "0.1": {
        "tpr": [
            0.9999125568380552,
            0.9998834159137278,
            0.9999416671527738
        ],
        "f1": [
            0.9765574960502157,
            0.9765720629679182,
            0.9766547495264005
        ],
        "tpr_avg": 0.9999125466348522,
        "tpr_std": 2.3780969852355906e-05,
        "f1_avg": 0.9765947695148448,
        "f1_std": 4.282717293577248e-05
    },
    "auc": [
        0.999898700945549,
        0.9998733669980135,
        0.9998885458219926
    ],
    "auc_avg": 0.999886871255185,
    "auc_std": 1.0410102622837652e-05,
    "epoch_time_avg": 0.029294093084335327
}