{
    "0.0001": {
        "tpr": [
            0.8292697153523099,
            0.0,
            0.8028661307235232
        ],
        "f1": [
            0.9066675169796882,
            0.0,
            0.8906552927491276
        ],
        "tpr_avg": 0.5440452820252777,
        "tpr_std": 0.38484909509294274,
        "f1_avg": 0.5991076032429387,
        "f1_std": 0.42368348093738256
    },
    "0.0003": {
        "tpr": [
            0.8292697153523099,
            0.8180492357951231,
            0.8857625538855878
        ],
        "f1": [
            0.9066675169796882,
            0.8998620335611384,
            0.9393630494547924
        ],
        "tpr_avg": 0.8443605016776736,
        "tpr_std": 0.02963187738054465,
        "f1_avg": 0.915297533331873,
        "f1_std": 0.017242205018247345
    },
    "0.001": {
        "tpr": [
            0.8848576761549231,
            0.8442422121106056,
            0.9391821041593849
        ],
        "f1": [
            0.9386795371573541,
            0.9153410708073748,
            0.9684046131667469
        ],
        "tpr_avg": 0.8894273308083044,
        "tpr_std": 0.03889350488446491,
        "f1_avg": 0.9408084070438253,
        "f1_std": 0.021715339389110192
    },
    "0.003": {
        "tpr": [
            0.9481451236584227,
            0.9571228561428071,
            0.9608528486543166
        ],
        "f1": [
            0.97268348143494,
            0.9773925475828791,
            0.9793373708585679
        ],
        "tpr_avg": 0.9553736094851821,
        "tpr_std": 0.005333320825697357,
        "f1_avg": 0.976471133292129,
        "f1_std": 0.0027934822160242483
    },
    "0.01": {
        "tpr": [
            0.9850093327111525,
            0.9845992299614981,
            0.9833391588022836
        ],
        "f1": [
            0.990091463414634,
            0.989853967509237,
            0.9892750395592804
        ],
        "tpr_avg": 0.9843159071583115,
        "tpr_std": 0.0007106682674641677,
        "f1_avg": 0.9897401568277172,
        "f1_std": 0.00034288154545327056
    },
    "0.03": {
        "tpr": [
            0.9941087260849276,
            0.9927079687317699,
            0.9921938716066644
        ],
        "f1": [
            0.9899224581070485,
            0.9894179894179894,
            0.9889675995819301
        ],
        "tpr_avg": 0.9930035221411208,
        "tpr_std": 0.0008091892162592185,
        "f1_avg": 0.9894360157023226,
        "f1_std": 0.00039002770067688005
    },
    "0.1": {
        "tpr": [
            0.9969668688754083,
            0.9964414887411037,
            0.9971455202143773
        ],
        "f1": [
            0.9751255134641716,
            0.9749985729779097,
            0.9754387964440392
        ],
        "tpr_avg": 0.9968512926102964,
        "tpr_std": 0.00029881263207663335,
        "f1_avg": 0.9751876276287068,
        "f1_std": 0.00018500955310414693
    },
    "auc": [
        0.9986378671693996,
        0.9983650155219208,
        0.9986273352916957
    ],
    "auc_avg": 0.9985434059943387,
    "auc_std": 0.00012621436949122663
}