{
    "pretrained": {
        "fpr_0.0001": {
            "f1": [
                0.13617443012884045,
                0.272935990449077,
                0.1674137595010719
            ],
            "tpr": [
                0.07306178879081145,
                0.15803466978623842,
                0.0913538232478996
            ],
            "f1_mean": 0.19217472669299643,
            "f1_std": 0.058513589404605264,
            "tpr_mean": 0.10748342727498315,
            "tpr_std": 0.036516852006698054
        },
        "fpr_0.0003": {
            "f1": [
                0.45452304658614745,
                0.43783738892118595,
                0.24254881808838644
            ],
            "tpr": [
                0.29416143783898757,
                0.2803360629586302,
                0.1380410507284909
            ],
            "f1_mean": 0.3783030845319066,
            "f1_std": 0.09623415345271752,
            "tpr_mean": 0.23751285050870294,
            "tpr_std": 0.07056327874695893
        },
        "fpr_0.001": {
            "f1": [
                0.5988237921536514,
                0.4738506446120165,
                0.537415494599425
            ],
            "tpr": [
                0.42773582899074764,
                0.31075188769541634,
                0.36775497181750505
            ],
            "f1_mean": 0.5366966437883643,
            "f1_std": 0.05102260584931766,
            "tpr_mean": 0.3687475628345564,
            "tpr_std": 0.047763651158195794
        },
        "fpr_0.003": {
            "f1": [
                0.6303937236670055,
                0.5434177997527813,
                0.6134725694955141
            ],
            "tpr": [
                0.4614484738913113,
                0.37402956503243645,
                0.44358183558438796
            ],
            "f1_mean": 0.5957613643051003,
            "f1_std": 0.037651630572534636,
            "tpr_mean": 0.4263532915027119,
            "tpr_std": 0.037710594929451474
        },
        "fpr_0.01": {
            "f1": [
                0.7116364377420011,
                0.6130895795246801,
                0.6785117056856187
            ],
            "tpr": [
                0.5570562586408593,
                0.4458151653727534,
                0.5178134637881527
            ],
            "f1_mean": 0.6677459076507667,
            "f1_std": 0.040945472860228885,
            "tpr_mean": 0.5068949626005885,
            "tpr_std": 0.04606557253168567
        },
        "fpr_0.03": {
            "f1": [
                0.786127895266868,
                0.7226122665253676,
                0.7345974673577849
            ],
            "tpr": [
                0.664149739444858,
                0.580133999787302,
                0.595341912155695
            ],
            "f1_mean": 0.7477792097166734,
            "f1_std": 0.027554521979995916,
            "tpr_mean": 0.6132085504626184,
            "tpr_std": 0.03655200588061139
        },
        "fpr_0.1": {
            "f1": [
                0.8468407369729852,
                0.8155328534943117,
                0.8358822186715362
            ],
            "tpr": [
                0.7967669892587472,
                0.7471019887270021,
                0.7789003509518239
            ],
            "f1_mean": 0.8327519363796111,
            "f1_std": 0.012971632958084726,
            "tpr_mean": 0.774256442979191,
            "tpr_std": 0.020539839019139913
        },
        "auc": [
            0.9427668716423455,
            0.9265339679410532,
            0.9373422070736408
        ]
    },
    "non_pretrained": {
        "fpr_0.0001": {
            "f1": [
                0.1640144488919262,
                0.21388545920790197,
                0.17275553828216092
            ],
            "tpr": [
                0.08933319153461661,
                0.11974901627140275,
                0.09454429437413592
            ],
            "f1_mean": 0.18355181546066304,
            "f1_std": 0.02174395116149661,
            "tpr_mean": 0.10120883406005177,
            "tpr_std": 0.01328138209483695
        },
        "fpr_0.0003": {
            "f1": [
                0.3247239045244033,
                0.35921144452198184,
                0.23925863521482726
            ],
            "tpr": [
                0.1938742954376263,
                0.2189726682973519,
                0.1359140699776667
            ],
            "f1_mean": 0.30773132808707077,
            "f1_std": 0.05042307577325807,
            "tpr_mean": 0.18292034457088166,
            "tpr_std": 0.03478193466347145
        },
        "fpr_0.001": {
            "f1": [
                0.4570866464464301,
                0.4523926985693142,
                0.460619939478204
            ],
            "tpr": [
                0.2965011166648942,
                0.2925662022758694,
                0.2994788897160481
            ],
            "f1_mean": 0.4566997614979828,
            "f1_std": 0.0033698796433234697,
            "tpr_mean": 0.29618206955227055,
            "tpr_std": 0.0028310958074517366
        },
        "fpr_0.003": {
            "f1": [
                0.4960114869176771,
                0.5293291731669267,
                0.5106248518840351
            ],
            "tpr": [
                0.3306391577156227,
                0.3608422843773264,
                0.34372008933319154
            ],
            "f1_mean": 0.5119885039895463,
            "f1_std": 0.013636023725155573,
            "tpr_mean": 0.3450671771420469,
            "tpr_std": 0.012367112279733548
        },
        "fpr_0.01": {
            "f1": [
                0.5365740740740741,
                0.5833582312518674,
                0.5665482578792229
            ],
            "tpr": [
                0.36977560353078803,
                0.41529299159842603,
                0.398596192704456
            ],
            "f1_mean": 0.5621601877350547,
            "f1_std": 0.0193499476382017,
            "tpr_mean": 0.39455492927789004,
            "tpr_std": 0.018800833522074907
        },
        "fpr_0.03": {
            "f1": [
                0.6688293760353395,
                0.6835494880546075,
                0.6629688691673022
            ],
            "tpr": [
                0.5152610868871637,
                0.5324896309688397,
                0.5084547484845262
            ],
            "f1_mean": 0.6717825777524165,
            "f1_std": 0.00865761779138024,
            "tpr_mean": 0.5187351554468432,
            "tpr_std": 0.010115030343559876
        },
        "fpr_0.1": {
            "f1": [
                0.7868949934593887,
                0.8534666816496235,
                0.8335238966384633
            ],
            "tpr": [
                0.7037115814101882,
                0.8077209401254919,
                0.7752844836754227
            ],
            "f1_mean": 0.8246285239158251,
            "f1_std": 0.027896154562119014,
            "tpr_mean": 0.7622390017370343,
            "tpr_std": 0.04345208184000543
        },
        "auc": [
            0.9187452827877245,
            0.9393375204347204,
            0.9308483055079925
        ]
    },
    "full_data": {
        "fpr_0.0001": {
            "f1": [
                0.05461880624806041,
                0.05582549364209656,
                0.21997160435399907
            ],
            "tpr": [
                0.028076145910879508,
                0.028714240136126768,
                0.12357758162288632
            ],
            "f1_mean": 0.11013863474805201,
            "f1_std": 0.07766519998455935,
            "tpr_mean": 0.060122655889964204,
            "tpr_std": 0.04487016448144631
        },
        "fpr_0.0003": {
            "f1": [
                0.42975206611570244,
                0.33421891604675874,
                0.49315068493150693
            ],