{
    "0.0001": {
        "tpr": [
            0.35726754334923777,
            0.34344138491925175,
            0.3523926812104152
        ],
        "f1": [
            0.5264511703678298,
            0.5112859984433106,
            0.521139586314557
        ],
        "tpr_avg": 0.3510338698263016,
        "f1_avg": 0.5196255850418993
    },
    "0.001": {
        "tpr": [
            0.717386244617712,
            0.7287091901940281,
            0.7491203377902885
        ],
        "f1": [
            0.8352698079333356,
            0.8428408251024658,
            0.8563384058456796
        ],
        "tpr_avg": 0.7317385908673429,
        "f1_avg": 0.8448163462938268
    },
    "0.01": {
        "tpr": [
            0.8940998487140696,
            0.892645521087487,
            0.8696927046680741
        ],
        "f1": [
            0.941746085251126,
            0.9409387342702306,
            0.9280060073214231
        ],
        "tpr_avg": 0.8854793581565436,
        "f1_avg": 0.9368969422809266
    },
    "0.1": {
        "tpr": [
            0.9770161759571745,
            0.9764145462995236,
            0.9750175932441942
        ],
        "f1": [
            0.9652496335259119,
            0.9649787576070732,
            0.9641055378370542
        ],
        "tpr_avg": 0.9761494385002975,
        "f1_avg": 0.9647779763233464
    },
    "epoch_time_avg": 20.663232432471382
}