{
    "0.0001": {
        "tpr": [
            0.270685441638543,
            0.47757639130939933,
            0.4861013370865588
        ],
        "f1": [
            0.42604634124004037,
            0.6464320817770788,
            0.6541967562448207
        ],
        "tpr_avg": 0.4114543900115004,
        "f1_avg": 0.5755583930873133
    },
    "0.001": {
        "tpr": [
            0.7972186663563365,
            0.8098640641338446,
            0.7674173117522871
        ],
        "f1": [
            0.8869396342450233,
            0.8947148862433013,
            0.868261287861195
        ],
        "tpr_avg": 0.7915000140808228,
        "f1_avg": 0.8833052694498399
    },
    "0.01": {
        "tpr": [
            0.924298847899453,
            0.899616591146741,
            0.9295683790757683
        ],
        "f1": [
            0.9584288644865452,
            0.9448444173276388,
            0.9611035319084432
        ],
        "tpr_avg": 0.9178279393739874,
        "f1_avg": 0.9547922712408757
    },
    "0.1": {
        "tpr": [
            0.9833003607587572,
            0.9837922621122343,
            0.986863711001642
        ],
        "f1": [
            0.970453958135929,
            0.969570320327484,
            0.9699694506888005
        ],
        "tpr_avg": 0.9846521112908778,
        "f1_avg": 0.9699979097174044
    },
    "epoch_time_avg": 32.35415546099345
}