{
    "0.0001": {
        "tpr": [
            0.3419643896194577,
            0.44823980481003833,
            0.5116115411681914
        ],
        "f1": [
            0.5096474873173481,
            0.6190132370637786,
            0.6769087523277467
        ],
        "tpr_avg": 0.43393857853256246,
        "f1_avg": 0.6018564922362911
    },
    "0.001": {
        "tpr": [
            0.8125218200861166,
            0.7065179505054026,
            0.6873094065212292
        ],
        "f1": [
            0.896334809679697,
            0.8278256134499541,
            0.8144827825845234
        ],
        "tpr_avg": 0.7354497257042495,
        "f1_avg": 0.8462144019047249
    },
    "0.01": {
        "tpr": [
            0.8996857907599208,
            0.8951434878587197,
            0.8976659629368989
        ],
        "f1": [
            0.9448790026888291,
            0.9423312133072408,
            0.9436532889464275
        ],
        "tpr_avg": 0.8974984138518466,
        "f1_avg": 0.9436211683141659
    },
    "0.1": {
        "tpr": [
            0.9755033166530898,
            0.9736842105263158,
            0.976073187895848
        ],
        "f1": [
            0.9663659682393291,
            0.9639683680805176,
            0.9653452425833019
        ],
        "tpr_avg": 0.9750869050250847,
        "f1_avg": 0.9652265263010494
    },
    "epoch_time_avg": 23.84378703435262
}