{
    "0.0001": {
        "tpr": [
            0.0,
            0.0,
            0.0
        ],
        "f1": [
            0.0,
            0.0,
            0.0
        ],
        "tpr_avg": 0.0,
        "tpr_std": 0.0,
        "f1_avg": 0.0,
        "f1_std": 0.0
    },
    "0.0003": {
        "tpr": [
            0.0,
            0.0,
            0.0
        ],
        "f1": [
            0.0,
            0.0,
            0.0
        ],
        "tpr_avg": 0.0,
        "tpr_std": 0.0,
        "f1_avg": 0.0,
        "f1_std": 0.0
    },
    "0.001": {
        "tpr": [
            0.8189343593331001,
            0.7883707373943457,
            0.5441579653502887
        ],
        "f1": [
            0.9002242870874719,
            0.8814338085539715,
            0.7045827904605448
        ],
        "tpr_avg": 0.7171543540259115,
        "tpr_std": 0.12296163796786146,
        "f1_avg": 0.8287469620339961,
        "f1_std": 0.08813182038957539
    },
    "0.003": {
        "tpr": [
            0.902442578990323,
            0.8802681433984261,
            0.7951642069649419
        ],
        "f1": [
            0.9480082060075324,
            0.9356112823531234,
            0.8851910776323906
        ],
        "tpr_avg": 0.859291643117897,
        "tpr_std": 0.04623975525539534,
        "f1_avg": 0.9229368553310154,
        "f1_std": 0.027165894421483934
    },
    "0.01": {
        "tpr": [
            0.9421417745132331,
            0.9325852521130865,
            0.9069007758268681
        ],
        "f1": [
            0.9678559130447802,
            0.9627356290713243,
            0.9487977541803979
        ],
        "tpr_avg": 0.9272092674843959,
        "tpr_std": 0.01488081326516426,
        "f1_avg": 0.9597964320988343,
        "f1_std": 0.008053260787090327
    },
    "0.03": {
        "tpr": [
            0.975282732890288,
            0.9732148061789566,
            0.9578836843026308
        ],
        "f1": [
            0.9803548146086345,
            0.9792943660732616,
            0.9713550524245427
        ],
        "tpr_avg": 0.9687937411239584,
        "tpr_std": 0.007760630777813018,
        "f1_avg": 0.9770014110354796,
        "f1_std": 0.00401598156922395
    },
    "0.1": {
        "tpr": [
            0.9889821615949633,
            0.9896531623433401,
            0.9864959458671178
        ],
        "f1": [
            0.9712044882070071,
            0.9715168595585185,
            0.969890746422734
        ],
        "tpr_avg": 0.9883770899351404,
        "tpr_std": 0.001358083884147843,
        "f1_avg": 0.9708706980627532,
        "f1_std": 0.0007045674218476353
    },
    "auc": [
        0.9955420482940397,
        0.9955730311530924,
        0.9933300516604411
    ],
    "auc_avg": 0.9948150437025244,
    "auc_std": 0.0010501241222435932,
    "epoch_time_avg": 0.02146828095118205
}