{
    "0.0001": {
        "tpr": [
            0.037456445993031356,
            0.06234277089146046,
            0.0
        ],
        "f1": [
            0.07220822837951302,
            0.11736846637389133,
            0.0
        ],
        "tpr_avg": 0.033266405628163936,
        "f1_avg": 0.06319223158446811
    },
    "0.001": {
        "tpr": [
            0.10219145424536952,
            0.18872066962447973,
            0.048880767473732295
        ],
        "f1": [
            0.18537153311988025,
            0.317421240912413,
            0.09317311041448972
        ],
        "tpr_avg": 0.11326429711452717,
        "f1_avg": 0.19865529481559432
    },
    "0.01": {
        "tpr": [
            0.2158444892719604,
            0.3086493161963134,
            0.16404751027866607
        ],
        "f1": [
            0.35393173958803187,
            0.4703094507945359,
            0.2809309602972815
        ],
        "tpr_avg": 0.22951377191564662,
        "f1_avg": 0.368390716893283
    },
    "0.1": {
        "tpr": [
            0.5118741976893453,
            0.5626858162191831,
            0.4055733211512106
        ],
        "f1": [
            0.6600260108772759,
            0.7026702841639298,
            0.5616854359104138
        ],
        "tpr_avg": 0.4933777783532463,
        "f1_avg": 0.6414605769838732
    },
    "epoch_time_avg": 176.2913113700019
}