{
    "0.0001": {
        "tpr": [
            0.0,
            0.0,
            0.02087711283691183
        ],
        "f1": [
            0.0,
            0.0,
            0.04090034456526603
        ],
        "tpr_avg": 0.006959037612303944,
        "f1_avg": 0.013633448188422008
    },
    "0.001": {
        "tpr": [
            0.13882266642215293,
            0.011114668618213419,
            0.03869346733668342
        ],
        "f1": [
            0.24372182871860915,
            0.021977028126978382,
            0.07447790723235877
        ],
        "tpr_avg": 0.06287693412568325,
        "f1_avg": 0.11339225469264876
    },
    "0.01": {
        "tpr": [
            0.24073904272877314,
            0.2684444037872204,
            0.23462768387391503
        ],
        "f1": [
            0.386842493001326,
            0.4219721752884926,
            0.37890077462191074
        ],
        "tpr_avg": 0.2479370434633029,
        "f1_avg": 0.3959051476372431
    },
    "0.1": {
        "tpr": [
            0.4914267375756464,
            0.48607235969446094,
            0.5718136135221562
        ],
        "f1": [
            0.6421254418019529,
            0.6374925014997,
            0.7101038180064675
        ],
        "tpr_avg": 0.5164375702640879,
        "f1_avg": 0.6632405871027068
    },
    "epoch_time_avg": 180.7461933294932
}