{
    "0.0001": {
        "tpr": [
            0.030762882816798093,
            0.0,
            0.0
        ],
        "f1": [
            0.059689543210425654,
            0.0,
            0.0
        ],
        "tpr_avg": 0.010254294272266032,
        "f1_avg": 0.01989651440347522
    },
    "0.001": {
        "tpr": [
            0.06629378323858427,
            0.09285093537026026,
            0.11274554591137506
        ],
        "f1": [
            0.1243015559185077,
            0.16986736956612697,
            0.20257736189772635
        ],
        "tpr_avg": 0.09063008817340652,
        "f1_avg": 0.16558209579412034
    },
    "0.01": {
        "tpr": [
            0.1988813497157528,
            0.27855280611078076,
            0.21964367291000456
        ],
        "f1": [
            0.3307032590051458,
            0.4344569288389513,
            0.3590471212008065
        ],
        "tpr_avg": 0.2323592762455127,
        "f1_avg": 0.3747357696816345
    },
    "0.1": {
        "tpr": [
            0.49179350816064554,
            0.7970086447422586,
            0.46920968478757424
        ],
        "f1": [
            0.64245073965383,
            0.868254521899447,
            0.6223339796412991
        ],
        "tpr_avg": 0.5860039458968261,
        "f1_avg": 0.711013080398192
    },
    "epoch_time_avg": 92.17663828531902
}