{
    "0.0001": {
        "tpr": [
            0.05840821566110398,
            0.04967296345423775,
            0.05121059844677935
        ],
        "f1": [
            0.11036992116434204,
            0.09464464682556975,
            0.09743166311763939
        ],
        "tpr_avg": 0.0530972591873737,
        "f1_avg": 0.10081541036918373
    },
    "0.001": {
        "tpr": [
            0.09655235650100862,
            0.11759593834331976,
            0.09725902238465052
        ],
        "f1": [
            0.1760427986291064,
            0.21037558301284673,
            0.17721729720730844
        ],
        "tpr_avg": 0.1038024390763263,
        "f1_avg": 0.18787855961642053
    },
    "0.01": {
        "tpr": [
            0.23565010086191088,
            0.27503087407949506,
            0.2103700319780722
        ],
        "f1": [
            0.3802196989310945,
            0.4300990665569901,
            0.34651416531848456
        ],
        "tpr_avg": 0.24035033563982608,
        "f1_avg": 0.3856109769355231
    },
    "0.1": {
        "tpr": [
            0.47377590317256557,
            0.47582673923981156,
            0.5868433074463225
        ],
        "f1": [
            0.6262840519984243,
            0.6282953344405857,
            0.7220707681065738
        ],
        "tpr_avg": 0.5121486499528999,
        "f1_avg": 0.6588833848485279
    },
    "epoch_time_avg": 182.46040206485324
}