{
    "0.0001": {
        "tpr": [
            0.00357601320374106,
            0.0,
            0.0
        ],
        "f1": [
            0.007126541799908634,
            0.0,
            0.0
        ],
        "tpr_avg": 0.00119200440124702,
        "f1_avg": 0.0023755139333028782
    },
    "0.001": {
        "tpr": [
            0.06120484137172199,
            0.1377670036134108,
            0.09844677935130196
        ],
        "f1": [
            0.11530986827898942,
            0.24209299521761846,
            0.17918762732299506
        ],
        "tpr_avg": 0.09913954144547825,
        "f1_avg": 0.17886349693986767
    },
    "0.01": {
        "tpr": [
            0.21790757381258022,
            0.3258473219594749,
            0.1743718592964824
        ],
        "f1": [
            0.35669793621013135,
            0.4900935608145294,
            0.29599472684269706
        ],
        "tpr_avg": 0.23937558502284584,
        "f1_avg": 0.3809287412891193
    },
    "0.1": {
        "tpr": [
            0.49564459930313587,
            0.5077070850295019,
            0.42594792142530835
        ],
        "f1": [
            0.6458762732622397,
            0.6565522136456393,
            0.5816412463740994
        ],
        "tpr_avg": 0.4764332019193154,
        "f1_avg": 0.6280232444273262
    },
    "epoch_time_avg": 90.84310748842027
}