{
    "pretrained": {
        "fpr_0.0001": {
            "f1": [
                0.04511434511434511,
                0.1207154991505946,
                0.21642640364188165
            ],
            "tpr": [
                0.023077741146442624,
                0.06423481867489099,
                0.1213442518345209
            ],
            "f1_mean": 0.1274187493022738,
            "f1_std": 0.07009829061721128,
            "tpr_mean": 0.0695522705519515,
            "tpr_std": 0.04029295431835191
        },
        "fpr_0.0003": {
            "f1": [
                0.19844842448041378,
                0.21587783363369056,
                0.23297322686707372
            ],
            "tpr": [
                0.11017760289269382,
                0.12102520472189726,
                0.1318728065511007
            ],
            "f1_mean": 0.21576649499372602,
            "f1_std": 0.014094911426446116,
            "tpr_mean": 0.12102520472189726,
            "tpr_std": 0.008857029804809955
        },
        "fpr_0.001": {
            "f1": [
                0.4030205328355676,
                0.42612258550045984,
                0.29803779726919255
            ],
            "tpr": [
                0.25257896416037434,
                0.2709773476550037,
                0.1752632138679145
            ],
            "f1_mean": 0.37572697186840665,
            "f1_std": 0.05573826989758021,
            "tpr_mean": 0.23293984189443084,
            "tpr_std": 0.04146942804995596
        },
        "fpr_0.003": {
            "f1": [
                0.45863309352517984,
                0.46939438220490337,
                0.40111940298507465
            ],
            "tpr": [
                0.29830905030309474,
                0.3074550675316388,
                0.25151547378496225
            ],
            "f1_mean": 0.4430489595717193,
            "f1_std": 0.02997239975017641,
            "tpr_mean": 0.28575986387323193,
            "tpr_std": 0.02450062716441348
        },
        "fpr_0.01": {
            "f1": [
                0.5675226586102718,
                0.5464438994481914,
                0.47736030828516385
            ],
            "tpr": [
                0.3995533340423269,
                0.37913431883441456,
                0.3161756886100181
            ],
            "f1_mean": 0.530442288781209,
            "f1_std": 0.038508449393088943,
            "tpr_mean": 0.36495444716225317,
            "tpr_std": 0.03548482783705523
        },
        "fpr_0.03": {
            "f1": [
                0.6215424201272246,
                0.6468813583105311,
                0.5453311208327047
            ],
            "tpr": [
                0.46240561522918217,
                0.49026906306497925,
                0.38445177071147507
            ],
            "f1_mean": 0.6045849664234868,
            "f1_std": 0.043156916093379814,
            "tpr_mean": 0.44570881633521214,
            "tpr_std": 0.04478401619801423
        },
        "fpr_0.1": {
            "f1": [
                0.7510099155343372,
                0.7684972842486422,
                0.6918392204628502
            ],
            "tpr": [
                0.6524513453153249,
                0.6771243220248857,
                0.5738594065723706
            ],
            "f1_mean": 0.7371154734152765,
            "f1_std": 0.03280148703129766,
            "tpr_mean": 0.6344783579708604,
            "tpr_std": 0.044031669636122796
        },
        "auc": [
            0.9076162360168422,
            0.9019964055513453,
            0.872302343191905
        ]
    },
    "non_pretrained": {
        "fpr_0.0001": {
            "f1": [
                0.003185389679337439,
                0.07689947847428162,
                0.09482321953196231
            ],
            "tpr": [
                0.0015952355631181539,
                0.03998723811549505,
                0.049771349569286395
            ],
            "f1_mean": 0.05830269589519379,
            "f1_std": 0.039654787073316086,
            "tpr_mean": 0.030451274415966536,
            "tpr_std": 0.020791591937493616
        },
        "fpr_0.0003": {
            "f1": [
                0.2053239194733327,
                0.21401443220660843,
                0.16684533671182147
            ],
            "tpr": [
                0.11443156439434223,
                0.11985536530894396,
                0.09103477613527598
            ],
            "f1_mean": 0.1953945627972542,
            "f1_std": 0.020496747472866214,
            "tpr_mean": 0.10844056861285406,
            "tpr_std": 0.012505348533586038
        },
        "fpr_0.001": {
            "f1": [
                0.2929439506620715,
                0.2826642335766423,
                0.3047824912185896
            ],
            "tpr": [
                0.17175369562905457,
                0.16473465915133467,
                0.17994257151972776
            ],
            "f1_mean": 0.2934635584857678,
            "f1_std": 0.009037212862998741,
            "tpr_mean": 0.172143642100039,
            "tpr_std": 0.0062147240935730335
        },
        "fpr_0.003": {
            "f1": [
                0.3857876712328767,
                0.3279531748847109,
                0.40598579641528576
            ],
            "tpr": [
                0.2396043815803467,
                0.19663937041369775,
                0.2553440391364458
            ],
            "f1_mean": 0.37324221417762443,
            "f1_std": 0.03306875539717583,
            "tpr_mean": 0.23052926371016338,
            "tpr_std": 0.024810318494935243
        },
        "fpr_0.01": {
            "f1": [
                0.48671507220936727,
                0.46342056226201084,
                0.5160785541037478
            ],
            "tpr": [
                0.3243645645006913,
                0.30415824736786135,
                0.35073912581091143
            ],
            "f1_mean": 0.4887380628583753,
            "f1_std": 0.021545075146083694,
            "tpr_mean": 0.32642064589315467,
            "tpr_std": 0.01907205918179572
        },
        "fpr_0.03": {
            "f1": [
                0.5724648408586234,
                0.5853873239436621,
                0.5854481443450198
            ],
            "tpr": [
                0.41125172817186006,
                0.4243326597894289,
                0.4244390088269701
            ],
            "f1_mean": 0.5811001030491018,
            "f1_std": 0.006106102936354443,
            "tpr_mean": 0.4200077989294197,
            "tpr_std": 0.006191629234323259
        },
        "fpr_0.1": {
            "f1": [
                0.6924259900038447,
                0.6943946762221653,
                0.6896153105131334
            ],
            "tpr": [
                0.574603849835159,
                0.5770498776986068,
                0.5709879825587578
            ],
            "f1_mean": 0.6921453255797144,
            "f1_std": 0.0019612349059367046,
            "tpr_mean": 0.5742139033641745,
            "tpr_std": 0.0024900718676785435
        },
        "auc": [
            0.878691762541573,
            0.8743677454051875,
            0.8763263933278495
        ]
    }
}