{
    "0.0001": {
        "tpr": [
            0.03713552173115716,
            0.0,
            0.0
        ],
        "f1": [
            0.07161170541950314,
            0.0,
            0.0
        ],
        "tpr_avg": 0.012378507243719054,
        "f1_avg": 0.02387056847316771
    },
    "0.001": {
        "tpr": [
            0.10333761232349166,
            0.06412660659561817,
            0.16943809958885336
        ],
        "f1": [
            0.18725596078757167,
            0.12048296309027628,
            0.2896864138712071
        ],
        "tpr_avg": 0.11230077283598773,
        "f1_avg": 0.199141779249685
    },
    "0.01": {
        "tpr": [
            0.2632495873830919,
            0.09275945661620089,
            0.38282320694380995
        ],
        "f1": [
            0.41549983718658423,
            0.16916916916916916,
            0.5521512815444423
        ],
        "tpr_avg": 0.24627741698103423,
        "f1_avg": 0.3789400959667319
    },
    "0.1": {
        "tpr": [
            0.6041169998166147,
            0.30823766180304624,
            0.5719049794426679
        ],
        "f1": [
            0.735241602499721,
            0.457625967676219,
            0.7101769911504425
        ],
        "tpr_avg": 0.4947532136874429,
        "f1_avg": 0.6343481871087941
    },
    "epoch_time_avg": 49.887960275014244
}