{
    "0.0001": {
        "tpr": [
            0.022877315239317807,
            0.0,
            0.0
        ],
        "f1": [
            0.04473129846264175,
            0.0,
            0.0
        ],
        "tpr_avg": 0.007625771746439269,
        "f1_avg": 0.014910432820880582
    },
    "0.001": {
        "tpr": [
            0.07642582064918393,
            0.08420619311164981,
            0.07980813156692554
        ],
        "f1": [
            0.14195086643675223,
            0.15528002699055332,
            0.14776908437301756
        ],
        "tpr_avg": 0.0801467151092531,
        "f1_avg": 0.14833332593344103
    },
    "0.01": {
        "tpr": [
            0.2450027507793875,
            0.27736358230800895,
            0.25025125628140704
        ],
        "f1": [
            0.39234976689548845,
            0.432957304012566,
            0.39909660498324345
        ],
        "tpr_avg": 0.2575391964562678,
        "f1_avg": 0.40813455863043263
    },
    "0.1": {
        "tpr": [
            0.43077205208142305,
            0.5228468188263276,
            0.6169483782549109
        ],
        "f1": [
            0.5860961232573371,
            0.6695759137769447,
            0.745267921196402
        ],
        "tpr_avg": 0.5235224163875539,
        "f1_avg": 0.6669799860768947
    },
    "epoch_time_avg": 92.0367288854387
}