{
    "0.0001": {
        "tpr": [
            0.036585365853658534,
            0.0,
            0.0
        ],
        "f1": [
            0.07058823529411765,
            0.0,
            0.0
        ],
        "tpr_avg": 0.012195121951219511,
        "f1_avg": 0.023529411764705882
    },
    "0.001": {
        "tpr": [
            0.08178984045479552,
            0.06385217033344005,
            0.10045682960255825
        ],
        "f1": [
            0.1511608201999661,
            0.11999828082692222,
            0.18251234593517865
        ],
        "tpr_avg": 0.08203294679693128,
        "f1_avg": 0.15122381565402232
    },
    "0.01": {
        "tpr": [
            0.1973225747295067,
            0.3093354068517587,
            0.29259936043855644
        ],
        "f1": [
            0.3285370787374528,
            0.47110863432134026,
            0.45139011240706156
        ],
        "tpr_avg": 0.2664191140066073,
        "f1_avg": 0.41701194182195156
    },
    "0.1": {
        "tpr": [
            0.4199064735008252,
            0.49238439372455745,
            0.46272270443124713
        ],
        "f1": [
            0.5755852317360565,
            0.6431089073421351,
            0.6163816710278098
        ],
        "tpr_avg": 0.4583378572188766,
        "f1_avg": 0.6116919367020005
    },
    "epoch_time_avg": 99.11271460851033
}