{
    "auc": [
        0.9991625143335783,
        0.9992896893462427,
        0.9992269900886199
    ],
    "auc_avg": 0.9992263979228136,
    "auc_std": 5.192066998032018e-05
}