{
    "auc": [
        0.9997400080215707,
        0.9996811901214754,
        0.9998289101128306
    ],
    "auc_avg": 0.9997500360852922,
    "auc_std": 6.072188242579487e-05,
    "epoch_time_avg": 0.02917490962346395
}