{
    "0.0001": {
        "tpr": [
            0.6091290661070304,
            0.5844068784610901,
            0.39138423846467946
        ],
        "f1": [
            0.7570779067871828,
            0.737684411905375,
            0.562570745818136
        ],
        "tpr_avg": 0.5283067276776,
        "tpr_std": 0.09734345613923594,
        "f1_avg": 0.6857776881702313,
        "f1_std": 0.08747948290407706
    },
    "0.0003": {
        "tpr": [
            0.6432610469861257,
            0.5930049548236666,
            0.5342413813218223
        ],
        "f1": [
            0.7828523793476526,
            0.7444566410537871,
            0.6963712053528999
        ],
        "tpr_avg": 0.5901691277105382,
        "tpr_std": 0.044552241334945133,
        "f1_avg": 0.7412267419181132,
        "f1_std": 0.03537958498152708
    },
    "0.001": {
        "tpr": [
            0.8112976565232599,
            0.7799183911396095,
            0.7470104415796535
        ],
        "f1": [
            0.8955886611538337,
            0.8761234345584022,
            0.8549587742430818
        ],
        "tpr_avg": 0.7794088297475076,
        "tpr_std": 0.02624761882419819,
        "f1_avg": 0.8755569566517725,
        "f1_std": 0.01659191772137162
    },
    "0.003": {
        "tpr": [
            0.8715751428238312,
            0.8624307781987759,
            0.8364930292247564
        ],
        "f1": [
            0.930671190027856,
            0.925424948005442,
            0.9102594620328492
        ],
        "tpr_avg": 0.8568329834157878,
        "tpr_std": 0.01485911961207511,
        "f1_avg": 0.9221185333553824,
        "f1_std": 0.00865482306054962
    },
    "0.01": {
        "tpr": [
            0.9275096187478139,
            0.9136694841154183,
            0.889780085165957
        ],
        "f1": [
            0.9600108608752055,
            0.952522751097674,
            0.93929830503256
        ],
        "tpr_avg": 0.910319729343063,
        "tpr_std": 0.015584074538928192,
        "f1_avg": 0.9506106390018131,
        "f1_std": 0.0085632790403377
    },
    "0.03": {
        "tpr": [
            0.9574443278535618,
            0.9482366656951327,
            0.9249256256197865
        ],
        "f1": [
            0.9711303936495734,
            0.9663038151387797,
            0.9538734565580305
        ],
        "tpr_avg": 0.943535539722827,
        "tpr_std": 0.013685562655534738,
        "f1_avg": 0.9637692217821279,
        "f1_std": 0.007269506725954915
    },
    "0.1": {
        "tpr": [
            0.9853386965139326,
            0.9821626348003497,
            0.9668086099282506
        ],
        "f1": [
            0.9694579868081447,
            0.9676381909547738,
            0.959712792599777
        ],
        "tpr_avg": 0.9781033137475109,
        "tpr_std": 0.008091130649286415,
        "f1_avg": 0.9656029901208986,
        "f1_std": 0.004230739444065336
    },
    "auc": [
        0.9942328330916493,
        0.9930722250327435,
        0.9897775777215219
    ],
    "auc_avg": 0.992360878615305,
    "auc_std": 0.001887120451457631,
    "epoch_time_avg": 0.056770489470163985
}