{
    "0.0001": {
        "tpr": [
            0.0,
            0.0,
            0.0
        ],
        "f1": [
            0.0,
            0.0,
            0.0
        ],
        "tpr_avg": 0.0,
        "tpr_std": 0.0,
        "f1_avg": 0.0,
        "f1_std": 0.0
    },
    "0.0003": {
        "tpr": [
            0.8409408884225253,
            0.0,
            0.8978591845067958
        ],
        "f1": [
            0.91354115542327,
            0.0,
            0.9461228754955896
        ],
        "tpr_avg": 0.5796000243097738,
        "tpr_std": 0.4104973115967199,
        "f1_avg": 0.6198880103062865,
        "f1_std": 0.4385287912340784
    },
    "0.001": {
        "tpr": [
            0.9488166025416812,
            0.9417371028854561,
            0.9348422096482529
        ],
        "f1": [
            0.9735031999521502,
            0.9697615438870298,
            0.9660909666335112
        ],
        "tpr_avg": 0.9417986383584633,
        "tpr_std": 0.005705187939983711,
        "f1_avg": 0.9697852368242305,
        "f1_std": 0.003026077957680557
    },
    "0.003": {
        "tpr": [
            0.9719890404570363,
            0.969309239288837,
            0.9722043982966808
        ],
        "f1": [
            0.9850821221788965,
            0.9837166309250905,
            0.9851924100017734
        ],
        "tpr_avg": 0.971167559347518,
        "tpr_std": 0.0013169686987285576,
        "f1_avg": 0.9846637210352535,
        "f1_std": 0.0006712056855862883
    },
    "0.01": {
        "tpr": [
            0.9878745482103299,
            0.9918391139609444,
            0.9925625619786502
        ],
        "f1": [
            0.9915160025744543,
            0.9935186266495387,
            0.9938815145806867
        ],
        "tpr_avg": 0.9907587413833081,
        "tpr_std": 0.002060707314309232,
        "f1_avg": 0.9929720479348934,
        "f1_std": 0.0010401836316680237
    },
    "0.03": {
        "tpr": [
            0.9949282966072053,
            0.997376858058875,
            0.997433354722044
        ],
        "f1": [
            0.990367318516799,
            0.9918553085417814,
            0.9915769024457428
        ],
        "tpr_avg": 0.9965795031293748,
        "tpr_std": 0.001167807119456108,
        "f1_avg": 0.9912665098347744,
        "f1_std": 0.0006459031188032118
    },
    "0.1": {
        "tpr": [
            0.9986300571295325,
            0.9993004954823667,
            0.9994458379513504
        ],
        "f1": [
            0.9762081148848872,
            0.9764474695981545,
            0.9773119429590018
        ],
        "tpr_avg": 0.9991254635210831,
        "tpr_std": 0.0003552949271751221,
        "f1_avg": 0.9766558424806812,
        "f1_std": 0.00047411218639349114
    },
    "auc": [
        0.9990946354905398,
        0.9993142157934137,
        0.9994123474925086
    ],
    "auc_avg": 0.9992737329254874,
    "auc_std": 0.00013282664390203925,
    "epoch_time_avg": 0.05193976761500041
}