{
    "0.0001": {
        "tpr": [
            0.38480820799813453,
            0.15033517924803264,
            0.08157848684594295
        ],
        "f1": [
            0.5557449853718086,
            0.2613696825356609,
            0.15084672635098692
        ],
        "tpr_avg": 0.20557395803070336,
        "tpr_std": 0.12980898263361076,
        "f1_avg": 0.32265379808615213,
        "f1_std": 0.17088486797378633
    },
    "0.0003": {
        "tpr": [
            0.42584819867086393,
            0.2628971145438648,
            0.27833518054016215
        ],
        "f1": [
            0.5972772985568864,
            0.41630128767249736,
            0.4354253644514407
        ],
        "tpr_avg": 0.32236016458496364,
        "tpr_std": 0.0734480014234554,
        "f1_avg": 0.4830013168936082,
        "f1_std": 0.0811816176524019
    },
    "0.001": {
        "tpr": [
            0.4620788154366329,
            0.43465461964441854,
            0.475441871317739
        ],
        "f1": [
            0.6318831337066784,
            0.6057393529519284,
            0.6442701025630891
        ],
        "tpr_avg": 0.4573917687995968,
        "tpr_std": 0.01697795196520101,
        "f1_avg": 0.6272975297405653,
        "f1_std": 0.016060832049845472
    },
    "0.003": {
        "tpr": [
            0.4953072169756325,
            0.49175167589624014,
            0.5410371580236831
        ],
        "f1": [
            0.6618629379345266,
            0.6586636997130643,
            0.7015221707478492
        ],
        "tpr_avg": 0.5093653502985186,
        "tpr_std": 0.022442341255265022,
        "f1_avg": 0.6740162694651467,
        "f1_std": 0.01949341316666988
    },
    "0.01": {
        "tpr": [
            0.5638335082196573,
            0.5355290002914602,
            0.6158198681677652
        ],
        "f1": [
            0.71889400921659,
            0.6953527096578868,
            0.7599884817507738
        ],
        "tpr_avg": 0.571727458892961,
        "tpr_std": 0.03325048078857387,
        "f1_avg": 0.7247450668750836,
        "f1_std": 0.026709822354372078
    },
    "0.03": {
        "tpr": [
            0.6599626909175702,
            0.6294666278053046,
            0.7476229364755294
        ],
        "f1": [
            0.7883430242679572,
            0.7658510638297872,
            0.8486062371714229
        ],
        "tpr_avg": 0.679017418399468,
        "tpr_std": 0.05008353221835432,
        "f1_avg": 0.800933441756389,
        "f1_std": 0.0349379796983245
    },
    "0.1": {
        "tpr": [
            0.802873965255917,
            0.8128825415330807,
            0.8845592953392055
        ],
        "f1": [
            0.8676000440965714,
            0.8737058095640869,
            0.9154379027754721
        ],
        "tpr_avg": 0.833438600709401,
        "tpr_std": 0.03637798752312757,
        "f1_avg": 0.8855812521453768,
        "f1_std": 0.021258485100021478
    },
    "auc": [
        0.9402495978068377,
        0.9429968311302273,
        0.958873569514464
    ],
    "auc_avg": 0.9473733328171763,
    "auc_std": 0.008208873483554948,
    "epoch_time_avg": 0.05794264307022095
}