{
    "0.0001": {
        "tpr": [
            0.4452286514232385,
            0.5243262163108156,
            0.33595479436094605
        ],
        "f1": [
            0.6161359325180612,
            0.6879448909299656,
            0.5029433567348363
        ],
        "tpr_avg": 0.435169887365,
        "tpr_std": 0.07723053024393235,
        "f1_avg": 0.6023413933942877,
        "f1_std": 0.07615383070192372
    },
    "0.0003": {
        "tpr": [
            0.5954853009799347,
            0.5799206626998017,
            0.5808575090294769
        ],
        "f1": [
            0.7464083348565161,
            0.7340594424958464,
            0.7348096834813369
        ],
        "tpr_avg": 0.5854211575697378,
        "tpr_std": 0.007126694287307607,
        "f1_avg": 0.7384258202778998,
        "f1_std": 0.005652793977756721
    },
    "0.001": {
        "tpr": [
            0.7344843677088194,
            0.7519542643798857,
            0.7252126296166841
        ],
        "f1": [
            0.8466917697686929,
            0.8581890812250332,
            0.8404955608817473
        ],
        "tpr_avg": 0.7372170872351297,
        "tpr_std": 0.01108691644715295,
        "f1_avg": 0.8484588039584912,
        "f1_std": 0.007330619478393607
    },
    "0.003": {
        "tpr": [
            0.822736817545497,
            0.8465756621164392,
            0.798904811837353
        ],
        "f1": [
            0.902056086720174,
            0.9162194582991351,
            0.8875226507895418
        ],
        "tpr_avg": 0.8227390971664296,
        "tpr_std": 0.019461543198151368,
        "f1_avg": 0.9019327319362836,
        "f1_std": 0.011715747311850358
    },
    "0.01": {
        "tpr": [
            0.8903406439570696,
            0.8980865709952164,
            0.877373878597227
        ],
        "f1": [
            0.939612188365651,
            0.9439283852969128,
            0.9323098826952241
        ],
        "tpr_avg": 0.8886003645165044,
        "tpr_std": 0.008544992139332132,
        "f1_avg": 0.9386168187859293,
        "f1_std": 0.004795169175085723
    },
    "0.03": {
        "tpr": [
            0.9494867008866076,
            0.9347800723369502,
            0.9136082954677851
        ],
        "f1": [
            0.9669716050849471,
            0.9592337623466028,
            0.9477850969964343
        ],
        "tpr_avg": 0.9326250228971142,
        "tpr_std": 0.014726352171429515,
        "f1_avg": 0.9579968214759947,
        "f1_std": 0.007881541312699218
    },
    "0.1": {
        "tpr": [
            0.981392907139524,
            0.976198809940497,
            0.9592217173482466
        ],
        "f1": [
            0.9672319632078183,
            0.9646068711090616,
            0.9558806455358181
        ],
        "tpr_avg": 0.9722711448094224,
        "tpr_std": 0.00946785189387768,
        "f1_avg": 0.9625731599508994,
        "f1_std": 0.004852153407082375
    },
    "auc": [
        0.9924730322683704,
        0.9913075692450156,
        0.9878266114205846
    ],
    "auc_avg": 0.9905357376446569,
    "auc_std": 0.0019738456015553052
}