{
    "0.0001": {
        "tpr": [
            0.2385449457852396,
            0.12264645875837948,
            0.1980108499095841
        ],
        "f1": [
            0.3851928552938131,
            0.21848957657260057,
            0.3305579900671925
        ],
        "tpr_avg": 0.18640075148440105,
        "tpr_std": 0.04802229074683717,
        "f1_avg": 0.3114134739778687,
        "f1_std": 0.0693896253355949
    },
    "0.0003": {
        "tpr": [
            0.2620380086277253,
            0.18414456426697756,
            0.27746018783176807
        ],
        "f1": [
            0.41522331532030854,
            0.31098641464855287,
            0.43435381138278206
        ],
        "tpr_avg": 0.2412142535754903,
        "tpr_std": 0.04084256750971167,
        "f1_avg": 0.3868545137838812,
        "f1_std": 0.0542123621800113
    },
    "0.001": {
        "tpr": [
            0.3273871983210913,
            0.2755756339259691,
            0.37630519745668783
        ],
        "f1": [
            0.49310738431820184,
            0.4319225234690848,
            0.5466485891026184
        ],
        "tpr_avg": 0.32642267656791607,
        "tpr_std": 0.04112832737446326,
        "f1_avg": 0.4905594989633017,
        "f1_std": 0.0468713581609192
    },
    "0.003": {
        "tpr": [
            0.42925848198670863,
            0.3683182745555232,
            0.4373796885025958
        ],
        "f1": [
            0.6000733436557738,
            0.5377904502510852,
            0.6079747015061523
        ],
        "tpr_avg": 0.41165214834827585,
        "tpr_std": 0.030820523056702392,
        "f1_avg": 0.5819461651376704,
        "f1_std": 0.03138899203891909
    },
    "0.01": {
        "tpr": [
            0.5129124402471726,
            0.4499271349460799,
            0.4943125473954384
        ],
        "f1": [
            0.6759108106550923,
            0.6185934682428371,
            0.6594809136542279
        ],
        "tpr_avg": 0.48571737419623034,
        "tpr_std": 0.026422148823934996,
        "f1_avg": 0.6513283975173858,
        "f1_std": 0.02409933712535167
    },
    "0.03": {
        "tpr": [
            0.5838288445843535,
            0.5634800349752259,
            0.5676369363588637
        ],
        "f1": [
            0.73060859732633,
            0.7142514085157476,
            0.717612138419277
        ],
        "tpr_avg": 0.5716486053061477,
        "tpr_std": 0.008778330476580097,
        "f1_avg": 0.7208240480871182,
        "f1_std": 0.007053447347788602
    },
    "0.1": {
        "tpr": [
            0.7424507403521045,
            0.7406878461090062,
            0.6787026774776876
        ],
        "f1": [
            0.8293826517322219,
            0.8282301562729154,
            0.7861486486486486
        ],
        "tpr_avg": 0.7206137546462661,
        "tpr_std": 0.029644344498301757,
        "f1_avg": 0.8145871522179288,
        "f1_std": 0.02011456231010914
    },
    "auc": [
        0.922509425836066,
        0.921906091132045,
        0.9156895598853105
    ],
    "auc_avg": 0.9200350256178073,
    "auc_std": 0.0030825646806402394,
    "epoch_time_avg": 0.057910438990592956
}