{
    "0.0001": {
        "tpr": [
            0.21401073261782547,
            0.3201493408003733,
            0.033379937084935335
        ],
        "f1": [
            0.35256810647191655,
            0.4850198851082634,
            0.06460341620158971
        ],
        "tpr_avg": 0.18918000350104472,
        "tpr_std": 0.118382421437701,
        "f1_avg": 0.3007304692605899,
        "f1_std": 0.1755047146674012
    },
    "0.0003": {
        "tpr": [
            0.23944237050863276,
            0.3703185159257963,
            0.40283117790982176
        ],
        "f1": [
            0.38633476071714273,
            0.5404392984845906,
            0.5742640036540299
        ],
        "tpr_avg": 0.33753068811475023,
        "tpr_std": 0.07061754661754074,
        "f1_avg": 0.500346020951921,
        "f1_std": 0.08179222972545185
    },
    "0.001": {
        "tpr": [
            0.43892907139524034,
            0.4445805623614514,
            0.4443085168356053
        ],
        "f1": [
            0.6098796450135754,
            0.6153162972831133,
            0.6150558445223983
        ],
        "tpr_avg": 0.4426060501974323,
        "tpr_std": 0.0026023876249654763,
        "f1_avg": 0.6134172622730291,
        "f1_std": 0.0025037319899074693
    },
    "0.003": {
        "tpr": [
            0.4858259449370042,
            0.48786605996966514,
            0.5084469299778632
        ],
        "f1": [
            0.6533317645213162,
            0.655176465979866,
            0.6735087583918512
        ],
        "tpr_avg": 0.49404631162817747,
        "tpr_std": 0.01021677946571556,
        "f1_avg": 0.6606723296310112,
        "f1_std": 0.00910791444722245
    },
    "0.01": {
        "tpr": [
            0.5649790013999066,
            0.5287014350717536,
            0.5833624606780846
        ],
        "f1": [
            0.7198275862068965,
            0.6895423593411192,
            0.7346489619250239
        ],
        "tpr_avg": 0.559014299049915,
        "tpr_std": 0.02271035278864379,
        "f1_avg": 0.71467296915768,
        "f1_std": 0.018771946389202456
    },
    "0.03": {
        "tpr": [
            0.6590060662622492,
            0.6268813440672033,
            0.7266107421647443
        ],
        "f1": [
            0.7876464026770774,
            0.763915547024952,
            0.8347610761611565
        ],
        "tpr_avg": 0.6708327174980656,
        "tpr_std": 0.041564331429842435,
        "f1_avg": 0.7954410086210619,
        "f1_std": 0.02944304287958587
    },
    "0.1": {
        "tpr": [
            0.8009216052263183,
            0.8085987632714969,
            0.8722474659210067
        ],
        "f1": [
            0.866363808442173,
            0.8710488280022622,
            0.9085833914863921
        ],
        "tpr_avg": 0.8272559448062738,
        "tpr_std": 0.03196782150930048,
        "f1_avg": 0.8819986759769426,
        "f1_std": 0.01889528470471553
    },
    "auc": [
        0.9401722956281373,
        0.9423616910429715,
        0.954669811298662
    ],
    "auc_avg": 0.945734599323257,
    "auc_std": 0.006381059099903447
}