{
    "0.0001": {
        "tpr": [
            0.13450769948670088,
            0.10879710652199277,
            0.29680764301526275
        ],
        "f1": [
            0.23712082262210796,
            0.19624348924080603,
            0.4577512241139213
        ],
        "tpr_avg": 0.18003748300798547,
        "tpr_std": 0.08323345220419924,
        "f1_avg": 0.29703851199227843,
        "f1_std": 0.11485983044334823
    },
    "0.0003": {
        "tpr": [
            0.1945870275314979,
            0.2097771555244429,
            0.31108004194337646
        ],
        "f1": [
            0.32574943853139343,
            0.3467695274831244,
            0.47449795628221075
        ],
        "tpr_avg": 0.23848140833310574,
        "tpr_std": 0.05170819534444715,
        "f1_avg": 0.38233897409890955,
        "f1_std": 0.06572883452834175
    },
    "0.001": {
        "tpr": [
            0.36152589827344844,
            0.33309998833274995,
            0.364208318769661
        ],
        "f1": [
            0.5308779443254819,
            0.4995625546806649,
            0.5337659011354905
        ],
        "tpr_avg": 0.3529447351252865,
        "tpr_std": 0.014075021050891097,
        "f1_avg": 0.5214021333805458,
        "f1_std": 0.015487854854160958
    },
    "0.003": {
        "tpr": [
            0.4587610825944937,
            0.3924279547310699,
            0.4317255039030642
        ],
        "f1": [
            0.6283705508728479,
            0.5630937931611769,
            0.6024958335027032
        ],
        "tpr_avg": 0.4276381804095426,
        "tpr_std": 0.02723417733953489,
        "f1_avg": 0.5979867258455759,
        "f1_std": 0.026839185447584173
    },
    "0.01": {
        "tpr": [
            0.5068245450303314,
            0.4644148874110372,
            0.48671793079342884
        ],
        "f1": [
            0.6705768859733746,
            0.6322017073654954,
            0.6526578916533218
        ],
        "tpr_avg": 0.48598578774493245,
        "tpr_std": 0.017321408524886863,
        "f1_avg": 0.651812161664064,
        "f1_std": 0.015678010666911896
    },
    "0.03": {
        "tpr": [
            0.5764699020065329,
            0.5539026951347568,
            0.5669346382383782
        ],
        "f1": [
            0.7247460858724746,
            0.7063943756277201,
            0.7170645446507516
        ],
        "tpr_avg": 0.5657690784598893,
        "tpr_std": 0.009249814545755627,
        "f1_avg": 0.7160683353836488,
        "f1_std": 0.007525097647417503
    },
    "0.1": {
        "tpr": [
            0.7450419972001866,
            0.7321782755804457,
            0.6691133636257719
        ],
        "f1": [
            0.8310615179413774,
            0.8226118302474192,
            0.7794516829533117
        ],
        "tpr_avg": 0.7154445454688014,
        "tpr_std": 0.03317933736234493,
        "f1_avg": 0.8110416770473695,
        "f1_std": 0.022602287504856815
    },
    "auc": [
        0.9239774604595521,
        0.9209389272249151,
        0.9123380253160448
    ],
    "auc_avg": 0.919084804333504,
    "auc_std": 0.00492933000094463
}