{
    "0.0001": {
        "tpr": [
            0.0,
            0.0,
            0.0
        ],
        "f1": [
            0.0,
            0.0,
            0.0
        ],
        "tpr_avg": 0.0,
        "tpr_std": 0.0,
        "f1_avg": 0.0,
        "f1_std": 0.0
    },
    "0.0003": {
        "tpr": [
            0.0,
            0.0,
            0.0
        ],
        "f1": [
            0.0,
            0.0,
            0.0
        ],
        "tpr_avg": 0.0,
        "tpr_std": 0.0,
        "f1_avg": 0.0,
        "f1_std": 0.0
    },
    "0.001": {
        "tpr": [
            0.7735067662155857,
            0.0,
            0.0
        ],
        "f1": [
            0.8720899644877023,
            0.0,
            0.0
        ],
        "tpr_avg": 0.2578355887385286,
        "tpr_std": 0.3646345864564787,
        "f1_avg": 0.29069665482923407,
        "f1_std": 0.41110715179599316
    },
    "0.003": {
        "tpr": [
            0.9384041063929072,
            0.9329716485824291,
            0.9098217406501223
        ],
        "f1": [
            0.9675246572047149,
            0.9646249886908532,
            0.9520848573518654
        ],
        "tpr_avg": 0.9270658318751529,
        "tpr_std": 0.012393463629363591,
        "f1_avg": 0.9614115010824777,
        "f1_std": 0.006700334908589734
    },
    "0.01": {
        "tpr": [
            0.9672771815212319,
            0.9650565861626414,
            0.9646394034719795
        ],
        "f1": [
            0.9810394297039073,
            0.9798323807267451,
            0.9796196054071642
        ],
        "tpr_avg": 0.9656577237186176,
        "tpr_std": 0.0011577256526434758,
        "f1_avg": 0.9801638052792722,
        "f1_std": 0.000625223658071735
    },
    "0.03": {
        "tpr": [
            0.9840760615958936,
            0.9864076537160191,
            0.9867179307934288
        ],
        "f1": [
            0.9848515805142873,
            0.9860337638860541,
            0.9862008733624453
        ],
        "tpr_avg": 0.9857338820351137,
        "tpr_std": 0.0011790799867449995,
        "f1_avg": 0.985695405920929,
        "f1_std": 0.0006005621710504929
    },
    "0.1": {
        "tpr": [
            0.994983667755483,
            0.9948080737370202,
            0.994815332634277
        ],
        "f1": [
            0.9741861793260993,
            0.9739562510708778,
            0.9744365192582025
        ],
        "tpr_avg": 0.9948690247089268,
        "tpr_std": 8.111902362216365e-05,
        "f1_avg": 0.9741929832183932,
        "f1_std": 0.00019612768400849263
    },
    "auc": [
        0.9974381172207568,
        0.997143947039046,
        0.9971698610092359
    ],
    "auc_avg": 0.9972506417563461,
    "auc_std": 0.00013298664288749002
}