{
    "0.0001": {
        "tpr": [
            0.14390229684038708,
            0.2586417953949286,
            0.35997200023333137
        ],
        "f1": [
            0.2515925189828263,
            0.4109760333449114,
            0.5293701344656759
        ],
        "tpr_avg": 0.25417203082288237,
        "tpr_std": 0.08826669163233233,
        "f1_avg": 0.3973128955978045,
        "f1_std": 0.11381303942769995
    },
    "0.0003": {
        "tpr": [
            0.3777836073219074,
            0.3195569804721656,
            0.3673219389838418
        ],
        "f1": [
            0.5483468364605588,
            0.4842970095852291,
            0.5372523089392744
        ],
        "tpr_avg": 0.3548875089259716,
        "tpr_std": 0.025344904901811707,
        "f1_avg": 0.5232987183283541,
        "f1_std": 0.02794783353431652
    },
    "0.001": {
        "tpr": [
            0.4475049551125102,
            0.5238414456426698,
            0.5135332205564954
        ],
        "f1": [
            0.6181876749008476,
            0.6873434422624625,
            0.6784186799213964
        ],
        "tpr_avg": 0.49495987377055845,
        "tpr_std": 0.033818553632962,
        "f1_avg": 0.6613165990282354,
        "f1_std": 0.030713633433168987
    },
    "0.003": {
        "tpr": [
            0.6787046752943919,
            0.7196152725153017,
            0.6377238523012309
        ],
        "f1": [
            0.8079318540622127,
            0.8362687982658176,
            0.7781138790035588
        ],
        "tpr_avg": 0.6786812667036415,
        "tpr_std": 0.03343203640363508,
        "f1_avg": 0.8074381771105297,
        "f1_std": 0.023744212576252866
    },
    "0.01": {
        "tpr": [
            0.8376471959892736,
            0.835441562226756,
            0.8114682377646852
        ],
        "f1": [
            0.9093296628537978,
            0.9079793468275841,
            0.8935637204522096
        ],
        "tpr_avg": 0.828185665326905,
        "tpr_std": 0.011855251812231772,
        "f1_avg": 0.9036242433778637,
        "f1_std": 0.007135191167533567
    },
    "0.03": {
        "tpr": [
            0.9083595662819167,
            0.9065870008743806,
            0.8889634253047891
        ],
        "f1": [
            0.9454666808245984,
            0.9440203948466593,
            0.9341363246291529
        ],
        "tpr_avg": 0.9013033308203622,
        "tpr_std": 0.008755586716717912,
        "f1_avg": 0.9412078001001368,
        "f1_std": 0.00503502795656205
    },
    "0.1": {
        "tpr": [
            0.9442404103999067,
            0.9465753424657535,
            0.9491337572186899
        ],
        "f1": [
            0.9479706200801803,
            0.9508431900690948,
            0.9509365594225768
        ],
        "tpr_avg": 0.9466498366947834,
        "tpr_std": 0.0019983948249937857,
        "f1_avg": 0.949916789857284,
        "f1_std": 0.0013766776577510173
    },
    "auc": [
        0.9847443627542434,
        0.9850025424102447,
        0.9830106494734571
    ],
    "auc_avg": 0.9842525182126484,
    "auc_std": 0.0008844367916848454,
    "epoch_time_avg": 0.020348072290420533
}