{
    "0.0001": {
        "tpr": [
            0.049697414267375756,
            0.05904953574532315,
            0.3227044312471448
        ],
        "f1": [
            0.09468902865129279,
            0.11151420920791225,
            0.48794639773433723
        ],
        "tpr_avg": 0.14381712708661457,
        "f1_avg": 0.23138321186451408
    },
    "0.001": {
        "tpr": [
            0.639602053915276,
            0.6090198051502539,
            0.5872087711283691
        ],
        "f1": [
            0.7800173324760281,
            0.7568351048712556,
            0.739755985267035
        ],
        "tpr_avg": 0.6119435433979663,
        "f1_avg": 0.758869474204773
    },
    "0.01": {
        "tpr": [
            0.7070878415551073,
            0.6824772446599278,
            0.66925536774783
        ],
        "f1": [
            0.8269926807689214,
            0.8102853729398031,
            0.8012689036563021
        ],
        "tpr_avg": 0.6862734846542883,
        "f1_avg": 0.8128489857883422
    },
    "0.1": {
        "tpr": [
            0.9726297450944434,
            0.971275671225358,
            0.9589767016902695
        ],
        "f1": [
            0.9678817464300379,
            0.9664353168733646,
            0.9620752079561861
        ],
        "tpr_avg": 0.9676273726700236,
        "f1_avg": 0.9654640904198629
    },
    "epoch_time_avg": 27.384395149019028
}