{
    "0.0001": {
        "tpr": [
            0.2041995231982395,
            0.07478388144353473,
            0.23170397441754226
        ],
        "f1": [
            0.33914566359552273,
            0.1391607796408205,
            0.3762332171203917
        ],
        "tpr_avg": 0.1702291263531055,
        "f1_avg": 0.28484655345224497
    },
    "0.001": {
        "tpr": [
            0.6421694480102695,
            0.629602524813612,
            0.6049337597076291
        ],
        "f1": [
            0.7819460726846424,
            0.7725767525397093,
            0.7537353786606711
        ],
        "tpr_avg": 0.6255685775105037,
        "f1_avg": 0.7694194012950076
    },
    "0.01": {
        "tpr": [
            0.6935173299101413,
            0.7300461967708,
            0.6994061215166743
        ],
        "f1": [
            0.8186713570558789,
            0.8421358096343586,
            0.8221900005370281
        ],
        "tpr_avg": 0.7076565493992052,
        "f1_avg": 0.8276657224090885
    },
    "0.1": {
        "tpr": [
            0.9825325508894187,
            0.9802405891231761,
            0.9846048423937871
        ],
        "f1": [
            0.9724566657591432,
            0.9721919796770097,
            0.9733550106128347
        ],
        "tpr_avg": 0.9824593274687939,
        "f1_avg": 0.9726678853496625
    },
    "epoch_time_avg": 46.918312549591064
}