{
    "0.0001": {
        "tpr": [
            0.32922244635980197,
            0.12194117916113982,
            0.04965737779808132
        ],
        "f1": [
            0.49536094919463325,
            0.2173753516246076,
            0.0946163554859207
        ],
        "tpr_avg": 0.16694033443967438,
        "f1_avg": 0.26911755210172056
    },
    "0.001": {
        "tpr": [
            0.6221346048046946,
            0.6445135617252893,
            0.6020100502512563
        ],
        "f1": [
            0.7668833003673354,
            0.7836605305600356,
            0.7513969665868401
        ],
        "tpr_avg": 0.6228860722604135,
        "f1_avg": 0.7673135991714037
    },
    "0.01": {
        "tpr": [
            0.7005318173482487,
            0.7062159813383342,
            0.667428049337597
        ],
        "f1": [
            0.8225446128172691,
            0.8260439237086377,
            0.7998467097339319
        ],
        "tpr_avg": 0.6913919493413934,
        "f1_avg": 0.8161450820866128
    },
    "0.1": {
        "tpr": [
            0.9839079405831652,
            0.9821616429584229,
            0.9798538145271813
        ],
        "f1": [
            0.9735970602912489,
            0.9719368125650658,
            0.9709164158160378
        ],
        "tpr_avg": 0.9819744660229232,
        "f1_avg": 0.9721500962241175
    },
    "epoch_time_avg": 83.89579542477925
}