{
    "0.0001": {
        "tpr": [
            0.0,
            0.8762612364703725,
            0.0
        ],
        "f1": [
            0.0,
            0.9340389386587795,
            0.0
        ],
        "tpr_avg": 0.29208707882345747,
        "tpr_std": 0.4130735082660728,
        "f1_avg": 0.31134631288625986,
        "f1_std": 0.44031017827860575
    },
    "0.0003": {
        "tpr": [
            0.935176510910545,
            0.9390249495505412,
            0.0
        ],
        "f1": [
            0.9664454886774186,
            0.968496487784111,
            0.0
        ],
        "tpr_avg": 0.6247338201536954,
        "tpr_std": 0.44175631453918407,
        "f1_avg": 0.6449806588205099,
        "f1_std": 0.45607096621669024
    },
    "0.001": {
        "tpr": [
            0.9684908031532046,
            0.9680792515134837,
            0.9424549214982746
        ],
        "f1": [
            0.9838105075028724,
            0.983585932130334,
            0.9701924434197525
        ],
        "tpr_avg": 0.9596749920549876,
        "tpr_std": 0.01217758777896703,
        "f1_avg": 0.9791962943509862,
        "f1_std": 0.006367344146418605
    },
    "0.003": {
        "tpr": [
            0.9871586884496744,
            0.984979820216474,
            0.9788376716868158
        ],
        "f1": [
            0.9929669723505481,
            0.9918601563311819,
            0.988734735335534
        ],
        "tpr_avg": 0.9836587267843214,
        "tpr_std": 0.00352314214722227,
        "f1_avg": 0.9911872880057547,
        "f1_std": 0.0017921163234820461
    },
    "0.01": {
        "tpr": [
            0.992505426710842,
            0.9903916712529811,
            0.9888246451996252
        ],
        "f1": [
            0.9943343748926964,
            0.993227316108409,
            0.9924536091932932
        ],
        "tpr_avg": 0.9905739143878162,
        "tpr_std": 0.0015081882184649327,
        "f1_avg": 0.9933384333981329,
        "f1_std": 0.0007718290799866654
    },
    "0.03": {
        "tpr": [
            0.9965497543699303,
            0.9943817648137956,
            0.994949379527847
        ],
        "f1": [
            0.992580791989076,
            0.9913355585021261,
            0.9917084282460137
        ],
        "tpr_avg": 0.9952936329038576,
        "tpr_std": 0.0009179424343056061,
        "f1_avg": 0.9918749262457386,
        "f1_std": 0.0005218191239562293
    },
    "0.1": {
        "tpr": [
            0.99899463041243,
            0.9981196110805357,
            0.9984002559590466
        ],
        "f1": [
            0.9813916947250281,
            0.979873930661864,
            0.9802324537784959
        ],
        "tpr_avg": 0.998504832484004,
        "tpr_std": 0.00036479847859360507,
        "f1_avg": 0.980499359721796,
        "f1_std": 0.0006477298947270951
    },
    "auc": [
        0.9994858730427619,
        0.9992323246741425,
        0.9988915803332262
    ],
    "auc_avg": 0.9992032593500436,
    "auc_std": 0.0002434879202350074,
    "epoch_time_avg": 0.025349312472343444
}