{
    "0.0001": {
        "tpr": [
            0.0,
            0.0,
            0.0
        ],
        "f1": [
            0.0,
            0.0,
            0.0
        ],
        "tpr_avg": 0.0,
        "tpr_std": 0.0,
        "f1_avg": 0.0,
        "f1_std": 0.0
    },
    "0.0003": {
        "tpr": [
            0.9260550458715596,
            0.0,
            0.0
        ],
        "f1": [
            0.9615622767325552,
            0.0,
            0.0
        ],
        "tpr_avg": 0.3086850152905199,
        "tpr_std": 0.4365465351251994,
        "f1_avg": 0.32052075891085174,
        "f1_std": 0.45328480427384354
    },
    "0.001": {
        "tpr": [
            0.949908256880734,
            0.9333697681832673,
            0.0
        ],
        "f1": [
            0.9741273873365321,
            0.9653548128783062,
            0.0
        ],
        "tpr_avg": 0.6277593416880004,
        "tpr_std": 0.44394423351701345,
        "f1_avg": 0.6464940667382795,
        "f1_std": 0.4571543672630399
    },
    "0.003": {
        "tpr": [
            0.9722477064220183,
            0.9700323359293164,
            0.9523110785033015
        ],
        "f1": [
            0.9853556485355648,
            0.9842194034333772,
            0.9750005868406845
        ],
        "tpr_avg": 0.9648637069515454,
        "tpr_std": 0.008922007521656,
        "f1_avg": 0.9815252129365422,
        "f1_std": 0.004636868375755464
    },
    "0.01": {
        "tpr": [
            0.9848165137614678,
            0.9825568155941158,
            0.9796863536316948
        ],
        "f1": [
            0.9904502675770437,
            0.9892926745385762,
            0.987817000716647
        ],
        "tpr_avg": 0.982353227662426,
        "tpr_std": 0.0020993208066301793,
        "f1_avg": 0.9891866476107557,
        "f1_std": 0.0010776378091557866
    },
    "0.03": {
        "tpr": [
            0.9915596330275229,
            0.9897982420184906,
            0.9895451210564931
        ],
        "f1": [
            0.9899475624556341,
            0.9892125625853436,
            0.9889555932358737
        ],
        "tpr_avg": 0.9903009987008354,
        "tpr_std": 0.0008959679427254422,
        "f1_avg": 0.9893719060922838,
        "f1_std": 0.00042035183528485226
    },
    "0.1": {
        "tpr": [
            0.9960550458715597,
            0.9960832536320992,
            0.9958272193690388
        ],
        "f1": [
            0.9788576838119282,
            0.9792911993194081,
            0.9787061447982154
        ],
        "tpr_avg": 0.9959885062908992,
        "tpr_std": 0.00011462699743388426,
        "f1_avg": 0.9789516759765172,
        "f1_std": 0.00024792215639203504
    },
    "auc": [
        0.9985700936281051,
        0.998397314021823,
        0.997801587918778
    ],
    "auc_avg": 0.9982563318562354,
    "auc_std": 0.0003291982529088938
}