{
    "0.0001": {
        "tpr": [
            0.9284731774415406,
            0.9174884533766071,
            0.8987753061734567,
            0.9352095059412132,
            0.918323952470294
        ],
        "f1": [
            0.9628476950009726,
            0.9569066527795859,
            0.9466271799934188,
            0.9664577005105668,
            0.9573608032337985
        ],
        "tpr_avg": 0.9196540790806222,
        "tpr_std": 0.01234609355474947,
        "f1_avg": 0.9580400063036685,
        "f1_std": 0.006722646172150259
    },
    "0.0003": {
        "tpr": [
            0.93985244466675,
            0.9471976032954688,
            0.941764558860285,
            0.9429643527204503,
            0.9409631019387117
        ],
        "f1": [
            0.9687439582393504,
            0.9726334679228353,
            0.9697593617295072,
            0.9703951602522848,
            0.9693338487308336
        ],
        "tpr_avg": 0.9425484122963331,
        "tpr_std": 0.002537079422556769,
        "f1_avg": 0.9701731593749623,
        "f1_std": 0.0013431819887889526
    },
    "0.001": {
        "tpr": [
            0.9564836813805176,
            0.962551491698914,
            0.964383904023994,
            0.9689806128830519,
            0.9701063164477799
        ],
        "f1": [
            0.976759034606053,
            0.9799834784266378,
            0.9809330113130801,
            0.9832466048990988,
            0.9838269804021057
        ],
        "tpr_avg": 0.9645012012868517,
        "tpr_std": 0.004890361863688068,
        "f1_avg": 0.980949821929395,
        "f1_std": 0.0025317998988323913
    },
    "0.003": {
        "tpr": [
            0.9782418406902589,
            0.9745350143552615,
            0.9723819045238691,
            0.9776110068792996,
            0.9791119449656035
        ],
        "f1": [
            0.9860095790269726,
            0.9841790104002521,
            0.9830701200252685,
            0.9859972246751608,
            0.9865154379332073
        ],
        "tpr_avg": 0.9763763422828584,
        "tpr_std": 0.002523252843412615,
        "f1_avg": 0.9851542744121723,
        "f1_std": 0.0013107033731828467
    },
    "0.01": {
        "tpr": [
            0.9869951231711892,
            0.983897141430533,
            0.986753311672082,
            0.9867417135709818,
            0.9864915572232645
        ],
        "f1": [
            0.9841645885286784,
            0.9821806853582554,
            0.9837413567557466,
            0.9834205933682373,
            0.9834164588528679
        ],
        "tpr_avg": 0.9861757694136101,
        "tpr_std": 0.0011503960931463157,
        "f1_avg": 0.9833847365727572,
        "f1_std": 0.0006614194384881969
    },
    "0.03": {
        "tpr": [
            0.9926222333375015,
            0.9918861565347648,
            0.9932516870782304,
            0.992620387742339,
            0.9927454659161976
        ],
        "f1": [
            0.9675178255835212,
            0.9669019226089073,
            0.9675573680686591,
            0.9676868674551884,
            0.9675728392051688
        ],
        "tpr_avg": 0.9926251861218066,
        "tpr_std": 0.00043661588410011235,
        "f1_avg": 0.9674473645842889,
        "f1_std": 0.00027845214064490463
    },
    "0.1": {
        "tpr": [
            0.9978742028260598,
            0.997378604418924,
            0.9980004998750313,
            0.99812382739212,
            0.9968730456535334
        ],
        "f1": [
            0.9085216599305517,
            0.9080577338333902,
            0.908946050534942,
            0.9090391296918608,
            0.9076414986903542
        ],
        "tpr_avg": 0.9976500360331336,
        "tpr_std": 0.00046366864861932235,
        "f1_avg": 0.9084412145362197,
        "f1_std": 0.0005301766241530581
    },
    "auc": [
        0.9991359004205719,
        0.9989521842265808,
        0.9991933625232272,
        0.9991955726780972,
        0.9990631523646359
    ],
    "auc_avg": 0.9991080344426226,
    "auc_std": 9.167772630406344e-05,
    "epoch_time_avg": 0.029256423244476318
}