{
    "0.0001": {
        "tpr": [
            0.0,
            0.0,
            0.0,
            0.0,
            0.0
        ],
        "f1": [
            0.0,
            0.0,
            0.0,
            0.0,
            0.0
        ],
        "tpr_avg": 0.0,
        "tpr_std": 0.0,
        "f1_avg": 0.0,
        "f1_std": 0.0
    },
    "0.0003": {
        "tpr": [
            0.0,
            0.0,
            0.8118118118118118,
            0.0,
            0.0
        ],
        "f1": [
            0.0,
            0.0,
            0.895885114609224,
            0.0,
            0.0
        ],
        "tpr_avg": 0.16236236236236237,
        "tpr_std": 0.32472472472472474,
        "f1_avg": 0.17917702292184481,
        "f1_std": 0.35835404584368963
    },
    "0.001": {
        "tpr": [
            0.8277583624563155,
            0.0,
            0.8413413413413413,
            0.8822942643391521,
            0.0
        ],
        "f1": [
            0.9050218340611355,
            0.0,
            0.9128427912028237,
            0.9367222663489542,
            0.0
        ],
        "tpr_avg": 0.5102787936273618,
        "tpr_std": 0.4170275990922413,
        "f1_avg": 0.5509173783225827,
        "f1_std": 0.44994339580954534
    },
    "0.003": {
        "tpr": [
            0.8976535197204194,
            0.8557063851181498,
            0.9064064064064065,
            0.9256857855361597,
            0.8628428927680798
        ],
        "f1": [
            0.9433368310598113,
            0.9192546583850931,
            0.9479193928291024,
            0.9586776859504132,
            0.9236518953550454
        ],
        "tpr_avg": 0.8896589979098429,
        "tpr_std": 0.026511133160840257,
        "f1_avg": 0.938568092715893,
        "f1_std": 0.014900235626430908
    },
    "0.01": {
        "tpr": [
            0.9385921118322517,
            0.9296128707893414,
            0.9424424424424425,
            0.942643391521197,
            0.9286783042394015
        ],
        "f1": [
            0.958694543600204,
            0.9535843218153687,
            0.9604692680438665,
            0.9608540925266904,
            0.953405017921147
        ],
        "tpr_avg": 0.9363938241649269,
        "tpr_std": 0.006098949422302323,
        "f1_avg": 0.9574014487814553,
        "f1_std": 0.0032724998385044216
    },
    "0.03": {
        "tpr": [
            0.9680479281078382,
            0.9562594268476622,
            0.9619619619619619,
            0.9695760598503741,
            0.9620947630922694
        ],
        "f1": [
            0.9556431739773287,
            0.9483919222139118,
            0.9547938400397415,
            0.9566929133858268,
            0.9518874907475944
        ],
        "tpr_avg": 0.9635880279720211,
        "tpr_std": 0.004781831450558621,
        "f1_avg": 0.9534818680728806,
        "f1_std": 0.0030050927958665736
    },
    "0.1": {
        "tpr": [
            0.9845232151772342,
            0.975867269984917,
            0.9784784784784785,
            0.9830423940149626,
            0.9775561097256857
        ],
        "f1": [
            0.9045871559633027,
            0.8965357967667436,
            0.8988505747126436,
            0.9014406585867826,
            0.9013566337088986
        ],
        "tpr_avg": 0.9798934934762557,
        "tpr_std": 0.0033174087319698875,
        "f1_avg": 0.9005541639476743,
        "f1_std": 0.0027108797886835063
    },
    "auc": [
        0.9938335553962027,
        0.9914984922684338,
        0.993731112421767,
        0.9943463618800308,
        0.992190487485916
    ],
    "auc_avg": 0.99312000189047,
    "auc_std": 0.0010844227951892639
}