{
    "0.0001": {
        "tpr": [
            0.40759920865821014,
            0.542233066108981,
            0.46927046680741263
        ],
        "f1": [
            0.5791410028523004,
            0.7031791472050626,
            0.638780234693063
        ],
        "tpr_avg": 0.4730342471915346,
        "f1_avg": 0.6403667949168086
    },
    "0.001": {
        "tpr": [
            0.7746421505876877,
            0.9126873475078424,
            0.9067558057705841
        ],
        "f1": [
            0.872783295637067,
            0.9541189688154738,
            0.9508640305024292
        ],
        "tpr_avg": 0.8646951012887047,
        "f1_avg": 0.9259220983183233
    },
    "0.01": {
        "tpr": [
            0.9486209705574304,
            0.9446380852794237,
            0.9485104386582219
        ],
        "f1": [
            0.9713417540514777,
            0.9695325542570953,
            0.9711489387252694
        ],
        "tpr_avg": 0.9472564981650254,
        "f1_avg": 0.9706744156779474
    },
    "0.1": {
        "tpr": [
            0.9922029558943326,
            0.9912861624259324,
            0.9896199859254047
        ],
        "f1": [
            0.9728434504792333,
            0.9724739271670372,
            0.9709994821336095
        ],
        "tpr_avg": 0.99103636808189,
        "f1_avg": 0.9721056199266266
    },
    "epoch_time_avg": 112.90356180402968
}