{
    "0.0001": {
        "tpr": [
            0.6167229139997672,
            0.5883583130010457,
            0.49272812573305186
        ],
        "f1": [
            0.7629296382940435,
            0.7408382707921879,
            0.6601712893847725
        ],
        "tpr_avg": 0.5659364509112882,
        "f1_avg": 0.7213130661570014
    },
    "0.001": {
        "tpr": [
            0.8609915047131386,
            0.8940978273498316,
            0.8970795214637579
        ],
        "f1": [
            0.9250726766903192,
            0.9438567442430932,
            0.9455141082300585
        ],
        "tpr_avg": 0.8840562845089094,
        "f1_avg": 0.9381478430544904
    },
    "0.01": {
        "tpr": [
            0.9406493657628302,
            0.9412106425002904,
            0.9445226366408632
        ],
        "f1": [
            0.9670684652887864,
            0.9673990924289467,
            0.9693358610935572
        ],
        "tpr_avg": 0.9421275483013279,
        "f1_avg": 0.9679344729370968
    },
    "0.1": {
        "tpr": [
            0.9926102641685093,
            0.9930870221912397,
            0.9918484635233403
        ],
        "f1": [
            0.9730485126771811,
            0.9734916431764471,
            0.9721232325554661
        ],
        "tpr_avg": 0.9925152499610297,
        "f1_avg": 0.9728877961363648
    },
    "epoch_time_avg": 168.85529698265924
}