{
    "0.0001": {
        "tpr": [
            0.5734900500407308,
            0.7351574299988382,
            0.0
        ],
        "f1": [
            0.7289401671474004,
            0.8473668351802872,
            0.0
        ],
        "tpr_avg": 0.43621582667985637,
        "f1_avg": 0.5254356674425625
    },
    "0.001": {
        "tpr": [
            0.943267776096823,
            0.9237248751016615,
            0.9212995543044804
        ],
        "f1": [
            0.9705732674749288,
            0.9601183467681067,
            0.9588037839487337
        ],
        "tpr_avg": 0.9294307351676551,
        "f1_avg": 0.9631651327305897
    },
    "0.01": {
        "tpr": [
            0.98225299662516,
            0.9805390960845823,
            0.9809406521229181
        ],
        "f1": [
            0.988725217442235,
            0.9878270029847251,
            0.9880386307924038
        ],
        "tpr_avg": 0.9812442482775535,
        "f1_avg": 0.9881969504064546
    },
    "0.1": {
        "tpr": [
            0.9965669731176539,
            0.9961659114674103,
            0.9971264367816092
        ],
        "f1": [
            0.9750362927329138,
            0.9749829429156244,
            0.974774981367884
        ],
        "tpr_avg": 0.9966197737888911,
        "f1_avg": 0.9749314056721406
    },
    "epoch_time_avg": 57.67300436231825
}