{
    "0.0001": {
        "tpr": [
            0.6011870126847434,
            0.49337748344370863,
            0.5079756040347173
        ],
        "f1": [
            0.7509266661821353,
            0.6607538802660754,
            0.6737185968732985
        ],
        "tpr_avg": 0.534180033387723,
        "f1_avg": 0.6951330477738363
    },
    "0.001": {
        "tpr": [
            0.9428604678226463,
            0.9624724061810155,
            0.9428219563687544
        ],
        "f1": [
            0.9703575064375113,
            0.9806451612903226,
            0.9703352747683858
        ],
        "tpr_avg": 0.949384943457472,
        "f1_avg": 0.9737793141654065
    },
    "0.01": {
        "tpr": [
            0.9783544745723263,
            0.9826885093528523,
            0.9834623504574244
        ],
        "f1": [
            0.9869977400135012,
            0.9889216918534974,
            0.9892638036809817
        ],
        "tpr_avg": 0.9815017781275343,
        "f1_avg": 0.9883944118493267
    },
    "0.1": {
        "tpr": [
            0.9961596648434773,
            0.9967468339723481,
            0.9961881304245837
        ],
        "f1": [
            0.9752485117776069,
            0.9752188245992951,
            0.9742766195405924
        ],
        "tpr_avg": 0.9963648764134696,
        "f1_avg": 0.9749146519724982
    },
    "epoch_time_avg": 57.462076346079506
}