{
    "0.0001": {
        "tpr": [
            0.41522169207494475,
            0.568897409085628,
            0.8160333098756745
        ],
        "f1": [
            0.5867938491900337,
            0.7252193875661865,
            0.8986986146543094
        ],
        "tpr_avg": 0.6000508036787491,
        "f1_avg": 0.7369039504701765
    },
    "0.001": {
        "tpr": [
            0.7759222623065286,
            0.9135006390147554,
            0.9092775041050903
        ],
        "f1": [
            0.8736528319192846,
            0.954563389686466,
            0.9522493474589282
        ],
        "tpr_avg": 0.8662334684754581,
        "f1_avg": 0.9268218563548928
    },
    "0.01": {
        "tpr": [
            0.9592109856860235,
            0.9690949227373068,
            0.9600633356790992
        ],
        "f1": [
            0.9768888888888889,
            0.9819583836124437,
            0.9772272795105208
        ],
        "tpr_avg": 0.9627897480341431,
        "f1_avg": 0.9786915173372845
    },
    "0.1": {
        "tpr": [
            0.9953450482951239,
            0.9952364354595097,
            0.9927281257330518
        ],
        "f1": [
            0.974534267646556,
            0.9744610659234401,
            0.9725661428858694
        ],
        "tpr_avg": 0.9944365364958951,
        "f1_avg": 0.9738538254852885
    },
    "epoch_time_avg": 57.3271586894989
}