{
    "0.0001": {
        "tpr": [
            0.23990457349005004,
            0.4871035203903799,
            0.26219798264133237
        ],
        "f1": [
            0.38697264066826226,
            0.6551037149888667,
            0.4154625284579287
        ],
        "tpr_avg": 0.3297353588405874,
        "f1_avg": 0.4858462947050192
    },
    "0.001": {
        "tpr": [
            0.8465029675317118,
            0.8071337283606367,
            0.8366174055829229
        ],
        "f1": [
            0.9166404133324932,
            0.8930453785833655,
            0.9108089127242546
        ],
        "tpr_avg": 0.8300847004917572,
        "f1_avg": 0.9068315682133711
    },
    "0.01": {
        "tpr": [
            0.9384964505993251,
            0.938364122226095,
            0.9344944874501525
        ],
        "f1": [
            0.9659529869740979,
            0.9658863276228062,
            0.9637716221120116
        ],
        "tpr_avg": 0.9371183534251909,
        "f1_avg": 0.9652036455696386
    },
    "0.1": {
        "tpr": [
            0.9916210869312231,
            0.9866387823864297,
            0.9859840487919306
        ],
        "f1": [
            0.9727724185170386,
            0.9701539428212379,
            0.969356280088789
        ],
        "tpr_avg": 0.9880813060365278,
        "f1_avg": 0.9707608804756885
    },
    "epoch_time_avg": 57.67422019110786
}