{
    "0.0001": {
        "tpr": [
            0.3703595950192017,
            0.3752178459393517,
            0.5932441942294159
        ],
        "f1": [
            0.5405290645832449,
            0.5456849575465721,
            0.7446996466431095
        ],
        "tpr_avg": 0.4462738783959897,
        "f1_avg": 0.6103045562576422
    },
    "0.001": {
        "tpr": [
            0.8427208192715001,
            0.8264784477750668,
            0.907283603096411
        ],
        "f1": [
            0.9144174006376867,
            0.904766447263824,
            0.9511542836064062
        ],
        "tpr_avg": 0.8588276233809927,
        "f1_avg": 0.9234460438359724
    },
    "0.01": {
        "tpr": [
            0.9480391015943209,
            0.9424305797606599,
            0.953905700211119
        ],
        "f1": [
            0.9712667660208644,
            0.9680460661753737,
            0.9739828148857819
        ],
        "tpr_avg": 0.9481251271887,
        "f1_avg": 0.9710985490273399
    },
    "0.1": {
        "tpr": [
            0.9936576283021064,
            0.9858254908795167,
            0.9930213464696224
        ],
        "f1": [
            0.9735754396967019,
            0.9697142857142858,
            0.9727416343530088
        ],
        "tpr_avg": 0.9908348218837485,
        "f1_avg": 0.9720104532546655
    },
    "epoch_time_avg": 112.9817508591546
}