{
    "0.0001": {
        "tpr": [
            0.5771558245083207,
            0.4571860113860811,
            0.5700797560403472
        ],
        "f1": [
            0.7318944844124701,
            0.627491628129485,
            0.7261793598027865
        ],
        "tpr_avg": 0.534807197311583,
        "f1_avg": 0.6951884907815805
    },
    "0.001": {
        "tpr": [
            0.872337949493774,
            0.8968281631230394,
            0.9068730940652123
        ],
        "f1": [
            0.931585161250233,
            0.9453766074709125,
            0.9509577837222889
        ],
        "tpr_avg": 0.8920130688940086,
        "f1_avg": 0.9426398508144782
    },
    "0.01": {
        "tpr": [
            0.9440823926451763,
            0.9387126757290577,
            0.9475134881538823
        ],
        "f1": [
            0.9689170224836523,
            0.9662451041946961,
            0.9706527289657865
        ],
        "tpr_avg": 0.9434361855093721,
        "f1_avg": 0.9686049518813782
    },
    "0.1": {
        "tpr": [
            0.9922029558943326,
            0.9918670849308702,
            0.9907928688716866
        ],
        "f1": [
            0.9728157001454775,
            0.9727943480614192,
            0.9715912358387486
        ],
        "tpr_avg": 0.9916209698989631,
        "f1_avg": 0.9724004280152151
    },
    "epoch_time_avg": 17.73365396923489
}