{
    "0.0001": {
        "tpr": [
            0.4686954497847085,
            0.44998257232485184,
            0.5128430682617875
        ],
        "f1": [
            0.6382472960659246,
            0.6206730769230769,
            0.6779858123037563
        ],
        "tpr_avg": 0.47717369679044924,
        "f1_avg": 0.6456353950975859
    },
    "0.001": {
        "tpr": [
            0.8519143488886303,
            0.8710352039037992,
            0.8374970677926343
        ],
        "f1": [
            0.9198052457986493,
            0.9308996088657105,
            0.91133020643885
        ],
        "tpr_avg": 0.853482206861688,
        "f1_avg": 0.9206783537010699
    },
    "0.01": {
        "tpr": [
            0.940823926451763,
            0.9516672475891716,
            0.9414731409805301
        ],
        "f1": [
            0.9674794315632012,
            0.9729183988597221,
            0.9674581173918283
        ],
        "tpr_avg": 0.9446547716738216,
        "f1_avg": 0.9692853159382505
    },
    "0.1": {
        "tpr": [
            0.9936576283021064,
            0.9930870221912397,
            0.9900304949566033
        ],
        "f1": [
            0.9737697439698922,
            0.9733807829181494,
            0.9728016595597556
        ],
        "tpr_avg": 0.9922583818166498,
        "f1_avg": 0.9733173954825992
    },
    "epoch_time_avg": 112.78141366110907
}