{
    "0.0001": {
        "tpr": [
            0.5138484813220063,
            0.32229580573951433,
            0.3251817968566737
        ],
        "f1": [
            0.6788638198101242,
            0.48747913188647746,
            0.49077311147497454
        ],
        "tpr_avg": 0.3871086946393982,
        "f1_avg": 0.5523720210571921
    },
    "0.001": {
        "tpr": [
            0.8040265332247178,
            0.8393168351341931,
            0.8622448979591837
        ],
        "f1": [
            0.8911389139687863,
            0.9124092200820966,
            0.9257941630198658
        ],
        "tpr_avg": 0.8351960887726982,
        "f1_avg": 0.9097807656902496
    },
    "0.01": {
        "tpr": [
            0.929070173396951,
            0.9248867201115372,
            0.926460239268121
        ],
        "f1": [
            0.9608834326292351,
            0.9587209827477193,
            0.9594898269055572
        ],
        "tpr_avg": 0.9268057109255364,
        "f1_avg": 0.9596980807608372
    },
    "0.1": {
        "tpr": [
            0.9819038752472943,
            0.975775531544092,
            0.9792986159981234
        ],
        "f1": [
            0.9677141874068126,
            0.9646241313960834,
            0.9664332426645061
        ],
        "tpr_avg": 0.9789926742631699,
        "f1_avg": 0.9662571871558008
    },
    "epoch_time_avg": 17.997548076841568
}