{
    "auc": [
        0.999750101087814,
        0.9997682736960298,
        0.9996995176555782
    ],
    "auc_avg": 0.9997392974798074,
    "auc_std": 2.909051087117195e-05,
    "epoch_time_avg": 0.029647491423288982
}