{
    "auc": [
        0.9991530766771269,
        0.9992571306665899,
        0.9994290480526107
    ],
    "auc_avg": 0.9992797517987758,
    "auc_std": 0.00011379465932877036
}