{
    "0.0001": {
        "tpr": [
            0.11855456001898772,
            0.4271758436944938,
            0.4767572689050749
        ],
        "f1": [
            0.2119781443955228,
            0.5986309894212819,
            0.6456812895982035
        ],
        "tpr_avg": 0.34082922420618544,
        "tpr_std": 0.15846997441392854,
        "f1_avg": 0.485430141138336,
        "f1_std": 0.19431148289736294
    },
    "0.0003": {
        "tpr": [
            0.11855456001898772,
            0.5222616933096507,
            0.5471072422573577
        ],
        "f1": [
            0.2119781443955228,
            0.6861120833819467,
            0.7072106552357624
        ],
        "tpr_avg": 0.39597449852866534,
        "tpr_std": 0.19642758129085508,
        "f1_avg": 0.535100294337744,
        "f1_std": 0.22864416352494127
    },
    "0.001": {
        "tpr": [
            0.6748946775054886,
            0.7959739490822972,
            0.7448925208740451
        ],
        "f1": [
            0.8056667256950593,
            0.8861643925911279,
            0.8535658546515572
        ],
        "tpr_avg": 0.7385870491539436,
        "tpr_std": 0.04963108388636027,
        "f1_avg": 0.8484656576459148,
        "f1_std": 0.033060324671221636
    },
    "0.003": {
        "tpr": [
            0.879309321782472,
            0.8791000592066311,
            0.9183987682832948
        ],
        "f1": [
            0.9350706713780919,
            0.9349537182797053,
            0.9567550894509562
        ],
        "tpr_avg": 0.8922693830907994,
        "tpr_std": 0.01847646296615893,
        "f1_avg": 0.9422598263695844,
        "f1_std": 0.010249810026058691
    },
    "0.01": {
        "tpr": [
            0.958464368361716,
            0.9579632918886916,
            0.9556463551844614
        ],
        "f1": [
            0.9763660541586073,
            0.9761100386100385,
            0.9748995680671761
        ],
        "tpr_avg": 0.9573580051449563,
        "tpr_std": 0.0012274848535118092,
        "f1_avg": 0.9757918869452741,
        "f1_std": 0.0006395627284505194
    },
    "0.03": {
        "tpr": [
            0.9814276389960245,
            0.982356423919479,
            0.9825901581097886
        ],
        "f1": [
            0.9833823835429115,
            0.9838709677419355,
            0.9839886141256003
        ],
        "tpr_avg": 0.982124740341764,
        "tpr_std": 0.0005020761114969276,
        "f1_avg": 0.9837473218034823,
        "f1_std": 0.00026248189578046327
    },
    "0.1": {
        "tpr": [
            0.993591645404379,
            0.9930728241563055,
            0.9924202048913365
        ],
        "f1": [
            0.9729525580314343,
            0.9731658495546982,
            0.9725228492673728
        ],
        "tpr_avg": 0.9930282248173404,
        "tpr_std": 0.00047927726469231853,
        "f1_avg": 0.9728804189511685,
        "f1_std": 0.00026741400804914013
    },
    "auc": [
        0.9965107738265384,
        0.9968790842496152,
        0.9967323700119394
    ],
    "auc_avg": 0.9967074093626977,
    "auc_std": 0.00015139444605551512
}