{
    "0.0001": {
        "tpr": [
            0.00901896892819737,
            0.0794121064250029,
            0.18021346469622332
        ],
        "f1": [
            0.017876708378986216,
            0.14713955115440505,
            0.30539130434782613
        ],
        "tpr_avg": 0.08954818001647454,
        "f1_avg": 0.15680252129373914
    },
    "0.0003": {
        "tpr": [
            0.2908762946584429,
            0.28197978389682815,
            0.22355148956134177
        ],
        "f1": [
            0.4506242394194798,
            0.4398731309469868,
            0.36537908559378895
        ],
        "tpr_avg": 0.26546918937220426,
        "f1_avg": 0.4186254853200852
    },
    "0.001": {
        "tpr": [
            0.3856627487489817,
            0.41832229580573954,
            0.4259910860896083
        ],
        "f1": [
            0.5564604147426748,
            0.5896900462678623,
            0.5972701858246999
        ],
        "tpr_avg": 0.40999204354810986,
        "f1_avg": 0.5811402156117457
    },
    "0.003": {
        "tpr": [
            0.4734085883858955,
            0.4959335424654351,
            0.527504105090312
        ],
        "f1": [
            0.6419947920776453,
            0.6624248302618816,
            0.6900387403628554
        ],
        "tpr_avg": 0.49894874531388084,
        "f1_avg": 0.6648194542341274
    },
    "0.01": {
        "tpr": [
            0.5593506342371698,
            0.5265481584756594,
            0.6124208304011259
        ],
        "f1": [
            0.7152529761904762,
            0.6877347395576464,
            0.7573702723283896
        ],
        "tpr_avg": 0.5661065410379851,
        "f1_avg": 0.7201193293588374
    },
    "0.03": {
        "tpr": [
            0.7187245432328639,
            0.7020448472173813,
            0.7621979826413324
        ],
        "f1": [
            0.8294664741631131,
            0.8181295061435873,
            0.8579444187735165
        ],
        "tpr_avg": 0.7276557910305259,
        "f1_avg": 0.8351801330267389
    },
    "0.1": {
        "tpr": [
            0.8390550448039101,
            0.854943650517021,
            0.8835327234342013
        ],
        "f1": [
            0.8894371626831148,
            0.8988578757710866,
            0.9144764795144158
        ],
        "tpr_avg": 0.8591771395850442,
        "f1_avg": 0.9009238393228723
    },
    "epoch_time_avg": 510.0131081475152
}