{
    "0.0001": {
        "tpr": [
            0.9886207327747906,
            0.9898889027587068,
            0.9765058735316171,
            0.9874921826141339,
            0.0
        ],
        "f1": [
            0.994215291750503,
            0.9948563542842807,
            0.9880508313839539,
            0.993644201120131,
            0.0
        ],
        "tpr_avg": 0.7885015383358496,
        "tpr_std": 0.39427963301513963,
        "f1_avg": 0.7941533357077737,
        "f1_std": 0.39708408498694936
    },
    "0.0003": {
        "tpr": [
            0.9898712017006377,
            0.9917613281737611,
            0.9883779055236191,
            0.9884928080050032,
            0.982989368355222
        ],
        "f1": [
            0.9946597977005718,
            0.9956140350877193,
            0.993905120955074,
            0.9940255329853468,
            0.9911716483793669
        ],
        "tpr_avg": 0.9882985223516487,
        "tpr_std": 0.0029221741651467943,
        "f1_avg": 0.9938752270216158,
        "f1_std": 0.0014813390999929197
    },
    "0.001": {
        "tpr": [
            0.9919969988745779,
            0.9930096117837973,
            0.9918770307423144,
            0.9937460913070669,
            0.9909943714821764
        ],
        "f1": [
            0.9949830678540073,
            0.9957441482037802,
            0.994985583552714,
            0.9958636249686639,
            0.9944772185264216
        ],
        "tpr_avg": 0.9923248208379867,
        "tpr_std": 0.0009557224579965879,
        "f1_avg": 0.9952107286211174,
        "f1_std": 0.0005198782314226882
    },
    "0.003": {
        "tpr": [
            0.9941227960485182,
            0.9941330670328299,
            0.9937515621094727,
            0.9949968730456535,
            0.9937460913070669
        ],
        "f1": [
            0.9940606439512347,
            0.9945054945054945,
            0.9943728898336875,
            0.994685839324789,
            0.9940569283703472
        ],
        "tpr_avg": 0.9941500779087082,
        "tpr_std": 0.0004560955361092323,
        "f1_avg": 0.9943363591971106,
        "f1_std": 0.0002474583129931402
    },
    "0.01": {
        "tpr": [
            0.995998499437289,
            0.9958806640868806,
            0.9962509372656836,
            0.9963727329580988,
            0.9964978111319575
        ],
        "f1": [
            0.9881520997456733,
            0.9899491252016379,
            0.9884074142954559,
            0.9887668342332278,
            0.9884002233112089
        ],
        "tpr_avg": 0.9962001289759819,
        "tpr_std": 0.00022965215834966517,
        "f1_avg": 0.9887351393574407,
        "f1_std": 0.0006378516846773623
    },
    "0.03": {
        "tpr": [
            0.9986244841815681,
            0.9981275745849457,
            0.9981254686328418,
            0.9982489055659788,
            0.9979987492182614
        ],
        "f1": [
            0.9707652099920988,
            0.9728677454678185,
            0.9727195225916454,
            0.9722848267040264,
            0.9709174981747385
        ],
        "tpr_avg": 0.9982250364367191,
        "tpr_std": 0.0002148239751768742,
        "f1_avg": 0.9719109605860655,
        "f1_std": 0.0008953990939544621
    },
    "0.1": {
        "tpr": [
            1.0,
            1.0,
            0.9997500624843789,
            0.9998749218261413,
            0.9994996873045654
        ],
        "f1": [
            0.9200943450497613,
            0.9163282813840434,
            0.9137635636778985,
            0.9367236934614483,
            0.9107590608616366
        ],
        "tpr_avg": 0.9998249343230171,
        "tpr_std": 0.0001871823432999716,
        "f1_avg": 0.9195337888869576,
        "f1_std": 0.009125499128536581
    },
    "auc": [
        0.9998675767238246,
        0.9998535380541355,
        0.9998219597494675,
        0.9998488433590269,
        0.9997399030439011
    ],
    "auc_avg": 0.9998263641860712,
    "auc_std": 4.568836560344827e-05,
    "epoch_time_avg": 0.028716396522521972
}