{
    "0.0001": {
        "tpr": [
            0.0,
            0.0,
            0.0,
            0.0,
            0.0
        ],
        "f1": [
            0.0,
            0.0,
            0.0,
            0.0,
            0.0
        ],
        "tpr_avg": 0.0,
        "tpr_std": 0.0,
        "f1_avg": 0.0,
        "f1_std": 0.0
    },
    "0.0003": {
        "tpr": [
            0.0,
            0.0,
            0.0,
            0.0,
            0.0
        ],
        "f1": [
            0.0,
            0.0,
            0.0,
            0.0,
            0.0
        ],
        "tpr_avg": 0.0,
        "tpr_std": 0.0,
        "f1_avg": 0.0,
        "f1_std": 0.0
    },
    "0.001": {
        "tpr": [
            0.0,
            0.0,
            0.0,
            0.0,
            0.0
        ],
        "f1": [
            0.0,
            0.0,
            0.0,
            0.0,
            0.0
        ],
        "tpr_avg": 0.0,
        "tpr_std": 0.0,
        "f1_avg": 0.0,
        "f1_std": 0.0
    },
    "0.003": {
        "tpr": [
            0.9251123315027459,
            0.9276018099547512,
            0.9059059059059059,
            0.91571072319202,
            0.0
        ],
        "f1": [
            0.9583656581329195,
            0.9594383775351014,
            0.9476439790575915,
            0.9532710280373831,
            0.0
        ],
        "tpr_avg": 0.7348661541110846,
        "tpr_std": 0.36751279171309054,
        "f1_avg": 0.7637438085525992,
        "f1_std": 0.3818948738601083
    },
    "0.01": {
        "tpr": [
            0.9490763854218672,
            0.9607843137254902,
            0.9479479479479479,
            0.9531172069825437,
            0.9371571072319203
        ],
        "f1": [
            0.9642404260715192,
            0.9700507614213197,
            0.9633774160732452,
            0.9663716814159291,
            0.9591628381827464
        ],
        "tpr_avg": 0.9496165922619539,
        "tpr_std": 0.007684884782474141,
        "f1_avg": 0.964640624632952,
        "f1_std": 0.003578495125124152
    },
    "0.03": {
        "tpr": [
            0.9770344483275087,
            0.9728506787330317,
            0.9674674674674675,
            0.9675810473815462,
            0.9650872817955112
        ],
        "f1": [
            0.9602551521099116,
            0.9579207920792079,
            0.9543322636386078,
            0.9554296971189363,
            0.9536717594874323
        ],
        "tpr_avg": 0.970004184741013,
        "tpr_std": 0.004336118031291099,
        "f1_avg": 0.9563219328868191,
        "f1_std": 0.0024415098444845614
    },
    "0.1": {
        "tpr": [
            0.9845232151772342,
            0.9859225741578683,
            0.982982982982983,
            0.9830423940149626,
            0.9780548628428928
        ],
        "f1": [
            0.9068751437111978,
            0.9024390243902439,
            0.9029885057471264,
            0.9028859367842419,
            0.8993350149048385
        ],
        "tpr_avg": 0.9829052058351883,
        "tpr_std": 0.002656055829607493,
        "f1_avg": 0.9029047251075297,
        "f1_std": 0.0023971359650339164
    },
    "auc": [
        0.9932222007244325,
        0.9936780189320997,
        0.9934806120463291,
        0.9933022262865989,
        0.9906409820255369
    ],
    "auc_avg": 0.9928648080029994,
    "auc_std": 0.0011229419330657435
}