{
    "pretrained": {
        "fpr_0.003": {
            "f1": [
                0.7234499110923407,
                0.7148843055934152
            ],
            "tpr": [
                0.5869741006228191,
                0.5785350061267108
            ],
            "f1_mean": 0.7191671083428779,
            "f1_std": 0.004282802749462744,
            "tpr_mean": 0.5827545533747649,
            "tpr_std": 0.004219547248054123
        },
        "fpr_0.01": {
            "f1": [
                0.8179747743633233,
                0.8173391031124229
            ],
            "tpr": [
                0.7017029010086608,
                0.6994567040486047
            ],
            "f1_mean": 0.8176569387378732,
            "f1_std": 0.0003178356254502357,
            "tpr_mean": 0.7005798025286327,
            "tpr_std": 0.001123098480028062
        },
        "fpr_0.03": {
            "f1": [
                0.8548628341161297,
                0.8529230552536676
            ],
            "tpr": [
                0.7601855984436864,
                0.7581801274710797
            ],
            "f1_mean": 0.8538929446848986,
            "f1_std": 0.0009698894312310524,
            "tpr_mean": 0.759182862957383,
            "tpr_std": 0.0010027354863033633
        },
        "fpr_0.1": {
            "f1": [
                0.8650308405285935,
                0.8713568270391933
            ],
            "tpr": [
                0.8193347317059421,
                0.8306949876325572
            ],
            "f1_mean": 0.8681938337838934,
            "f1_std": 0.003162993255299895,
            "tpr_mean": 0.8250148596692497,
            "tpr_std": 0.00568012796330758
        }
    },
    "non_pretrained": {
        "fpr_0.003": {
            "f1": [
                0.7483236838717248,
                0.7148143396858772
            ],
            "tpr": [
                0.6133224331635834,
                0.5673092760516496
            ],
            "f1_mean": 0.731569011778801,
            "f1_std": 0.016754672092923806,
            "tpr_mean": 0.5903158546076165,
            "tpr_std": 0.023006578555966883
        },
        "fpr_0.01": {
            "f1": [
                0.8328675918035439,
                0.797176082594594
            ],
            "tpr": [
                0.7235669327808741,
                0.6712300177458477
            ],
            "f1_mean": 0.815021837199069,
            "f1_std": 0.017845754604474906,
            "tpr_mean": 0.6973984752633609,
            "tpr_std": 0.026168457517513233
        },
        "fpr_0.03": {
            "f1": [
                0.8764730884862382,
                0.8554548513111883
            ],
            "tpr": [
                0.7971523444053359,
                0.7648312079847225
            ],
            "f1_mean": 0.8659639698987132,
            "f1_std": 0.010509118587524957,
            "tpr_mean": 0.7809917761950291,
            "tpr_std": 0.016160568210306703
        },
        "fpr_0.1": {
            "f1": [
                0.9024415789242429,
                0.906068256530409
            ],
            "tpr": [
                0.879923365411481,
                0.8915953845820086
            ],
            "f1_mean": 0.904254917727326,
            "f1_std": 0.0018133388030830422,
            "tpr_mean": 0.8857593749967447,
            "tpr_std": 0.005836009585263813
        }
    },
    "full_data": {
        "fpr_0.003": {
            "f1": [
                0.8207912162489275,
                0.817786277338092
            ],
            "tpr": [
                0.7047831638956312,
                0.7010339508968428
            ],
            "f1_mean": 0.8192887467935097,
            "f1_std": 0.0015024694554177653,
            "tpr_mean": 0.702908557396237,
            "tpr_std": 0.0018746064993941935
        },
        "fpr_0.01": {
            "f1": [
                0.8644334101774822,
                0.8667387418374704
            ],
            "tpr": [
                0.7673125044300668,
                0.7718334604277874
            ],
            "f1_mean": 0.8655860760074763,
            "f1_std": 0.0011526658299940706,
            "tpr_mean": 0.7695729824289271,
            "tpr_std": 0.0022604779988603108
        },
        "fpr_0.03": {
            "f1": [
                0.886853362294944,
                0.8999617576275688
            ],
            "tpr": [
                0.8136896240159178,
                0.8360536290866233
            ],
            "f1_mean": 0.8934075599612564,
            "f1_std": 0.006554197666312378,
            "tpr_mean": 0.8248716265512706,
            "tpr_std": 0.01118200253535273
        },
        "fpr_0.1": {
            "f1": [
                0.9197651814239576,
                0.9275574931780924
            ],
            "tpr": [
                0.9144038328989088,
                0.9292580063323883
            ],
            "f1_mean": 0.923661337301025,
            "f1_std": 0.003896155877067431,
            "tpr_mean": 0.9218309196156486,
            "tpr_std": 0.00742708671673975
        }
    }
}