{
    "0.0001": {
        "tpr": [
            0.28314689161929213,
            0.44577596853130863,
            0.4711740520785747
        ],
        "f1": [
            0.44133199942832646,
            0.6166598120788382,
            0.6405415476338343
        ],
        "tpr_avg": 0.40003230407639184,
        "f1_avg": 0.566177786380333
    },
    "0.001": {
        "tpr": [
            0.6246103062534385,
            0.6280016466175731,
            0.5958885335769758
        ],
        "f1": [
            0.7687619907459655,
            0.7713266481278616,
            0.7466086657890217
        ],
        "tpr_avg": 0.6161668288159957,
        "f1_avg": 0.7622324348876163
    },
    "0.01": {
        "tpr": [
            0.6246103062534385,
            0.7167360380551617,
            0.6975788031064413
        ],
        "f1": [
            0.7687619907459655,
            0.8331118081769366,
            0.8200198695056788
        ],
        "tpr_avg": 0.6796417158050138,
        "f1_avg": 0.8072978894761936
    },
    "0.1": {
        "tpr": [
            0.9711626627544471,
            0.967204866669716,
            0.973458200091366
        ],
        "f1": [
            0.966157354618016,
            0.9642718712236942,
            0.9675793488625529
        ],
        "tpr_avg": 0.9706085765051764,
        "f1_avg": 0.9660028582347544
    },
    "epoch_time_avg": 21.419677866829765
}