{
    "0.0001": {
        "tpr": [
            0.3191821015954521,
            0.3250240131729406,
            0.3868433074463225
        ],
        "f1": [
            0.4839090845902551,
            0.49059339293727783,
            0.5578760129125766
        ],
        "tpr_avg": 0.34368314073823836,
        "f1_avg": 0.5107928301467032
    },
    "0.001": {
        "tpr": [
            0.5968732807628828,
            0.6276814709783652,
            0.5746459570580174
        ],
        "f1": [
            0.7474022618979276,
            0.7710850143282576,
            0.7297038605447109
        ],
        "tpr_avg": 0.5997335695997551,
        "f1_avg": 0.7493970455902987
    },
    "0.01": {
        "tpr": [
            0.7036952136438658,
            0.6908018112793304,
            0.696345363179534
        ],
        "f1": [
            0.8245722420693545,
            0.8152546489973279,
            0.819912861061804
        ],
        "tpr_avg": 0.6969474627009101,
        "f1_avg": 0.8199132507094955
    },
    "0.1": {
        "tpr": [
            0.9752888318356868,
            0.980697982893473,
            0.9789858382823207
        ],
        "f1": [
            0.969002664723165,
            0.9727338716994828,
            0.9704736889774478
        ],
        "tpr_avg": 0.9783242176704935,
        "f1_avg": 0.9707367418000318
    },
    "epoch_time_avg": 68.2087726328108
}