{
    "0.0001": {
        "tpr": [
            0.18746561525765634,
            0.2833554406988977,
            0.3964367291000457
        ],
        "f1": [
            0.31574070499208523,
            0.4415852876185045,
            0.5677833028003141
        ],
        "tpr_avg": 0.2890859283521999,
        "f1_avg": 0.44170309847030126
    },
    "0.001": {
        "tpr": [
            0.5965065101778837,
            0.6168869779993597,
            0.6196436729100046
        ],
        "f1": [
            0.7470931067152823,
            0.7628825159794106,
            0.7649878743443685
        ],
        "tpr_avg": 0.6110123870290827,
        "f1_avg": 0.7583211656796872
    },
    "0.01": {
        "tpr": [
            0.6772877315239317,
            0.6700361341078535,
            0.6764275925079946
        ],
        "f1": [
            0.8070472548484021,
            0.8019598718966414,
            0.8054505398863112
        ],
        "tpr_avg": 0.6745838193799266,
        "f1_avg": 0.8048192222104515
    },
    "0.1": {
        "tpr": [
            0.9718962039244453,
            0.9720075012578329,
            0.9666057560529923
        ],
        "f1": [
            0.9666005517178488,
            0.9667895000227469,
            0.9641172852163215
        ],
        "tpr_avg": 0.9701698204117567,
        "f1_avg": 0.965835778985639
    },
    "epoch_time_avg": 21.507426897684734
}