{
    "0.0001": {
        "tpr": [
            0.291582615074271,
            0.31143941819512416,
            0.3851073549566012
        ],
        "f1": [
            0.4515121397131904,
            0.47495814732142855,
            0.5560686015831136
        ],
        "tpr_avg": 0.3293764627419988,
        "f1_avg": 0.49417962953924416
    },
    "0.001": {
        "tpr": [
            0.5998532917660003,
            0.6502309838539999,
            0.6024668798538145
        ],
        "f1": [
            0.7497134998854,
            0.7878955827744832,
            0.7518171194025597
        ],
        "tpr_avg": 0.6175170518246049,
        "f1_avg": 0.7631420673541477
    },
    "0.01": {
        "tpr": [
            0.6876948468732808,
            0.7140374148104103,
            0.7066240292370946
        ],
        "f1": [
            0.8144648965629581,
            0.8316330607569987,
            0.8262379146413118
        ],
        "tpr_avg": 0.7027854303069286,
        "f1_avg": 0.8241119573204229
    },
    "0.1": {
        "tpr": [
            0.9825783972125436,
            0.9812925947948589,
            0.9833257195066241
        ],
        "f1": [
            0.9720389142118512,
            0.9715165511932254,
            0.9726175952284126
        ],
        "tpr_avg": 0.9823989038380088,
        "f1_avg": 0.9720576868778297
    },
    "epoch_time_avg": 67.67576334211562
}