{
    "0.0001": {
        "tpr": [
            0.2938290849073904,
            0.29012486849929103,
            0.32023755139333027
        ],
        "f1": [
            0.4542007724743985,
            0.44976246188754165,
            0.485121107266436
        ],
        "tpr_avg": 0.30139716826667057,
        "f1_avg": 0.4630281138761254
    },
    "0.001": {
        "tpr": [
            0.6222262974509445,
            0.6213694369482687,
            0.6447236180904523
        ],
        "f1": [
            0.7669746545731967,
            0.7663018953068592,
            0.7838160562050485
        ],
        "tpr_avg": 0.6294397841632219,
        "f1_avg": 0.7723642020283682
    },
    "0.01": {
        "tpr": [
            0.7050706033376123,
            0.7007729954718017,
            0.6916400182731841
        ],
        "f1": [
            0.8260285744977979,
            0.8227365481688327,
            0.8168550540883217
        ],
        "tpr_avg": 0.6991612056941993,
        "f1_avg": 0.8218733922516508
    },
    "0.1": {
        "tpr": [
            0.9854208692462865,
            0.9707267987010016,
            0.9815440840566468
        ],
        "f1": [
            0.973438101492267,
            0.966328969834946,
            0.9725692558392178
        ],
        "tpr_avg": 0.9792305840013117,
        "f1_avg": 0.9707787757221435
    },
    "epoch_time_avg": 68.0663914680481
}