{
    "0.0001": {
        "tpr": [
            0.044913672421838545,
            0.18276747170691868,
            0.05114761738319935
        ],
        "f1": [
            0.08596628335380149,
            0.3090505548705302,
            0.09731766792285525
        ],
        "tpr_avg": 0.09294292050398552,
        "tpr_std": 0.06356651642991296,
        "f1_avg": 0.1641115020490623,
        "f1_std": 0.1025921057960336
    },
    "0.0003": {
        "tpr": [
            0.299288380774615,
            0.32119939330299846,
            0.5137481067225912
        ],
        "f1": [
            0.4606544866903084,
            0.48618101545253867,
            0.678723977373302
        ],
        "tpr_avg": 0.37807862693340155,
        "tpr_std": 0.0963489454265302,
        "f1_avg": 0.5418531598387163,
        "f1_std": 0.09734172259657083
    },
    "0.001": {
        "tpr": [
            0.7081777881474568,
            0.7997316532493292,
            0.7696609577070954
        ],
        "f1": [
            0.8289352405011436,
            0.888492822191257,
            0.8696110050681235
        ],
        "tpr_avg": 0.7591901330346271,
        "tpr_std": 0.03810298484164671,
        "f1_avg": 0.8623463559201747,
        "f1_std": 0.02485099232929109
    },
    "0.003": {
        "tpr": [
            0.8755832944470369,
            0.8833858359584645,
            0.876208784807177
        ],
        "f1": [
            0.9329687062991392,
            0.9373858677148781,
            0.9333250597251095
        ],
        "tpr_avg": 0.8783926384042262,
        "tpr_std": 0.0035399459420916136,
        "f1_avg": 0.9345598779130423,
        "f1_std": 0.0020035652740569374
    },
    "0.01": {
        "tpr": [
            0.9048063462435838,
            0.904445222261113,
            0.9358033321682395
        ],
        "f1": [
            0.9484851264178055,
            0.9485469562557356,
            0.9644862057578577
        ],
        "tpr_avg": 0.9150183002243121,
        "tpr_std": 0.014697976443833824,
        "f1_avg": 0.953839429477133,
        "f1_std": 0.007528450022462238
    },
    "0.03": {
        "tpr": [
            0.9662272515165655,
            0.9653482674133707,
            0.9581731329372014
        ],
        "f1": [
            0.9761343547436653,
            0.975419982316534,
            0.9730529180347265
        ],
        "tpr_avg": 0.9632495506223792,
        "tpr_std": 0.0036074613094905263,
        "f1_avg": 0.9748690850316418,
        "f1_std": 0.0013169229062920374
    },
    "0.1": {
        "tpr": [
            0.9938170788614092,
            0.9894994749737487,
            0.9919025981591518
        ],
        "f1": [
            0.973516555723795,
            0.9745195484186033,
            0.9727213002370819
        ],
        "tpr_avg": 0.9917397173314365,
        "tpr_std": 0.0017664132124568693,
        "f1_avg": 0.9735858014598268,
        "f1_std": 0.0007357628057805938
    },
    "auc": [
        0.9953545897393687,
        0.9955464173670241,
        0.9953003247459433
    ],
    "auc_avg": 0.9954004439507788,
    "auc_std": 0.00010556941181240056
}