{
    "0.0001": {
        "tpr": [
            0.8548443511717384,
            0.8082483241037598,
            0.8098349180423496
        ],
        "f1": [
            0.9217279255778871,
            0.8939572218371722,
            0.8949268355572746
        ],
        "tpr_avg": 0.8243091977726159,
        "tpr_std": 0.021601327349840445,
        "f1_avg": 0.9035373276574447,
        "f1_std": 0.012868784641370418
    },
    "0.0003": {
        "tpr": [
            0.8857992305001748,
            0.8345671815797143,
            0.8338097182523478
        ],
        "f1": [
            0.9393836357454174,
            0.909795697899787,
            0.9093453782047203
        ],
        "tpr_avg": 0.851392043444079,
        "tpr_std": 0.02433152041430968,
        "f1_avg": 0.9195082372833081,
        "f1_std": 0.014055231409873694
    },
    "0.001": {
        "tpr": [
            0.9051241692899615,
            0.9008160886039056,
            0.9039549670419413
        ],
        "f1": [
            0.9499671138167858,
            0.947587877301366,
            0.9493223064553182
        ],
        "tpr_avg": 0.9032984083119362,
        "tpr_std": 0.0018190092218662215,
        "f1_avg": 0.9489590991911566,
        "f1_std": 0.0010046993701705237
    },
    "0.003": {
        "tpr": [
            0.9097878045936808,
            0.9055960361410668,
            0.9061716152365397
        ],
        "f1": [
            0.9523998413328045,
            0.9501399018393651,
            0.9505001988558142
        ],
        "tpr_avg": 0.9071851519904292,
        "tpr_std": 0.001855293912689864,
        "f1_avg": 0.9510133140093279,
        "f1_std": 0.0009913953127035572
    },
    "0.01": {
        "tpr": [
            0.949982511367611,
            0.9548528125910813,
            0.9484920958992008
        ],
        "f1": [
            0.9721990215964681,
            0.9745366927447422,
            0.9713987006198193
        ],
        "tpr_avg": 0.951109139952631,
        "tpr_std": 0.0027162042369245254,
        "f1_avg": 0.9727114716536764,
        "f1_std": 0.0013313407877948407
    },
    "0.03": {
        "tpr": [
            0.973504721930745,
            0.9745263771495191,
            0.9710085749285423
        ],
        "f1": [
            0.9795577193805725,
            0.9800967316429723,
            0.9793492969347533
        ],
        "tpr_avg": 0.973013224669602,
        "tpr_std": 0.0014775904450062044,
        "f1_avg": 0.9796679159860994,
        "f1_std": 0.0003149308174449866
    },
    "0.1": {
        "tpr": [
            0.9978139209513815,
            0.9982220926843486,
            0.9976666861109491
        ],
        "f1": [
            0.9756048904214996,
            0.9761860650714703,
            0.9759479585722846
        ],
        "tpr_avg": 0.9979008999155597,
        "tpr_std": 0.000234937042064423,
        "f1_avg": 0.9759129713550848,
        "f1_std": 0.0002385498864216817
    },
    "auc": [
        0.9977944755464557,
        0.9978744606519048,
        0.9977899884289101
    ],
    "auc_avg": 0.9978196415424234,
    "auc_std": 3.880622483746921e-05,
    "epoch_time_avg": 0.11889109841982523
}