{
    "0.0001": {
        "tpr": [
            0.8997318409700361,
            0.8919556980472165,
            0.9067549437088024
        ],
        "f1": [
            0.947205302484005,
            0.9428782697106942,
            0.951082966226138
        ],
        "tpr_avg": 0.8994808275753517,
        "tpr_std": 0.006044373352202593,
        "f1_avg": 0.9470555128069457,
        "f1_std": 0.003351227530139652
    },
    "0.0003": {
        "tpr": [
            0.9352046169989506,
            0.9175459049839697,
            0.9284839293005892
        ],
        "f1": [
            0.966459327981686,
            0.9569420168705828,
            0.9628576613634988
        ],
        "tpr_avg": 0.9270781504278366,
        "tpr_std": 0.007277347877091686,
        "f1_avg": 0.9620863354052558,
        "f1_std": 0.003923519720589045
    },
    "0.001": {
        "tpr": [
            0.9509443861490031,
            0.956747303993005,
            0.9507670769410255
        ],
        "f1": [
            0.974622473823358,
            0.977662616154396,
            0.9745291479820627
        ],
        "tpr_avg": 0.9528195890276779,
        "tpr_std": 0.002778257040598116,
        "f1_avg": 0.9756047459866055,
        "f1_std": 0.0014556326571345127
    },
    "0.003": {
        "tpr": [
            0.9623994403637636,
            0.9663363450888953,
            0.962200314997375
        ],
        "f1": [
            0.980126159554731,
            0.9821812095448283,
            0.9800222799851466
        ],
        "tpr_avg": 0.963645366816678,
        "tpr_std": 0.001904544700454548,
        "f1_avg": 0.980776549694902,
        "f1_std": 0.0009941494561485306
    },
    "0.01": {
        "tpr": [
            0.981345458785123,
            0.9852812591081317,
            0.9846584611794902
        ],
        "f1": [
            0.9882152658536227,
            0.9902019654652235,
            0.9898841812051019
        ],
        "tpr_avg": 0.9837617263575816,
        "tpr_std": 0.001727373931968466,
        "f1_avg": 0.9894338041746494,
        "f1_std": 0.0008713489308167027
    },
    "0.03": {
        "tpr": [
            0.9969977847732308,
            0.9969396677353541,
            0.99702502479146
        ],
        "f1": [
            0.991434906740482,
            0.9913343380477626,
            0.9914009367613579
        ],
        "tpr_avg": 0.9969874924333483,
        "tpr_std": 3.559874484639834e-05,
        "f1_avg": 0.9913900605165341,
        "f1_std": 4.1771082620388555e-05
    },
    "0.1": {
        "tpr": [
            0.9999417045587035,
            0.9998834159137278,
            0.9999416671527738
        ],
        "f1": [
            0.9769335915252307,
            0.9783405341432462,
            0.9773786615351722
        ],
        "tpr_avg": 0.9999222625417349,
        "tpr_std": 2.74687183349894e-05,
        "f1_avg": 0.977550929067883,
        "f1_std": 0.0005871564014904091
    },
    "auc": [
        0.9994239735332882,
        0.9994823217350983,
        0.9994787907843453
    ],
    "auc_avg": 0.9994616953509107,
    "auc_std": 2.6712276164847353e-05,
    "epoch_time_avg": 0.028579170886675515
}