{
    "0.0001": [
        0.37048514031013946,
        0.538042280472585
    ],
    "0.001": [
        0.6624877338211442,
        0.7964290148232612
    ],
    "0.01": [
        0.6902553235271164,
        0.8159740642668134
    ],
    "0.1": [
        0.9824681614110435,
        0.9739971152001846
    ],
    "avg_epoch_time": 63.75127908388774
}