{
    "0.0001": {
        "tpr": [
            0.8096653841669581,
            0.8928883707373944,
            0.8980633494720878
        ],
        "f1": [
            0.894823309602809,
            0.9433991315862408,
            0.9462798487968285
        ],
        "tpr_avg": 0.8668723681254801,
        "tpr_std": 0.04050657857228523,
        "f1_avg": 0.9281674299952928,
        "f1_std": 0.02360716567023923
    },
    "0.0003": {
        "tpr": [
            0.8767342893785706,
            0.9064412707665404,
            0.9138715510704077
        ],
        "f1": [
            0.9342609992079639,
            0.9508667869263461,
            0.9549395791109824
        ],
        "tpr_avg": 0.8990157037385061,
        "tpr_std": 0.01604469456981279,
        "f1_avg": 0.9466891217484307,
        "f1_std": 0.008943920894680525
    },
    "0.001": {
        "tpr": [
            0.9616998950682056,
            0.9469542407461381,
            0.9514962375313539
        ],
        "f1": [
            0.980243025639502,
            0.9725215517241379,
            0.9749122151662308
        ],
        "tpr_avg": 0.9533834577818991,
        "tpr_std": 0.006166024140510017,
        "f1_avg": 0.9758922641766237,
        "f1_std": 0.003227554482214166
    },
    "0.003": {
        "tpr": [
            0.9788387548093739,
            0.972923345963276,
            0.9814793210056583
        ],
        "f1": [
            0.988592708164677,
            0.9855624446412755,
            0.9899391051098755
        ],
        "tpr_avg": 0.9777471405927693,
        "tpr_std": 0.0035772329557808413,
        "f1_avg": 0.988031419305276,
        "f1_std": 0.0018303138350416305
    },
    "0.01": {
        "tpr": [
            0.9914014224087676,
            0.9923054503060332,
            0.9916292364230298
        ],
        "f1": [
            0.9932978024384902,
            0.9937536485697607,
            0.9934256661991585
        ],
        "tpr_avg": 0.9917787030459436,
        "tpr_std": 0.00038390260334495975,
        "f1_avg": 0.9934923724024699,
        "f1_std": 0.00019198300622489116
    },
    "0.03": {
        "tpr": [
            0.9964731258015623,
            0.9972894199941708,
            0.9969666919442338
        ],
        "f1": [
            0.9911430021019062,
            0.9915384392477326,
            0.991342932962109
        ],
        "tpr_avg": 0.9969097459133223,
        "tpr_std": 0.000335674634181168,
        "f1_avg": 0.9913414581039159,
        "f1_std": 0.00016143990725104622
    },
    "0.1": {
        "tpr": [
            0.9989215343360149,
            0.9991839113960944,
            0.9990958408679927
        ],
        "f1": [
            0.9760758736578281,
            0.9766673314150593,
            0.9764405740917578
        ],
        "tpr_avg": 0.9990670955333673,
        "tpr_std": 0.00010902645278717513,
        "f1_avg": 0.9763945930548817,
        "f1_std": 0.0002436408031801435
    },
    "auc": [
        0.9994115003936165,
        0.9994548323619794,
        0.9994962419244743
    ],
    "auc_avg": 0.9994541915600235,
    "auc_std": 3.459855231452182e-05
}