{
    "0.0001": {
        "tpr": [
            0.0,
            0.0,
            0.0
        ],
        "f1": [
            0.0,
            0.0,
            0.0
        ],
        "tpr_avg": 0.0,
        "tpr_std": 0.0,
        "f1_avg": 0.0,
        "f1_std": 0.0
    },
    "0.0003": {
        "tpr": [
            0.9406843884808208,
            0.0,
            0.8965466954442046
        ],
        "f1": [
            0.9693774874220921,
            0.0,
            0.9454081318816511
        ],
        "tpr_avg": 0.6124103613083418,
        "tpr_std": 0.43341425293054137,
        "f1_avg": 0.6382618731012477,
        "f1_std": 0.4514253696107408
    },
    "0.001": {
        "tpr": [
            0.9618456336714469,
            0.9670067035849607,
            0.9547920433996383
        ],
        "f1": [
            0.9803187617901756,
            0.9829936003792368,
            0.9766401145618903
        ],
        "tpr_avg": 0.9612147935520153,
        "tpr_std": 0.005006525761639382,
        "f1_avg": 0.9799841589104342,
        "f1_std": 0.0026045683997103068
    },
    "0.003": {
        "tpr": [
            0.983356651509852,
            0.9825123870591664,
            0.980545995450038
        ],
        "f1": [
            0.9908949393485477,
            0.9904655570083298,
            0.9894634605762721
        ],
        "tpr_avg": 0.9821383446730186,
        "tpr_std": 0.0011775334819354606,
        "f1_avg": 0.9902746523110498,
        "f1_std": 0.000599786807374951
    },
    "0.01": {
        "tpr": [
            0.9936457968986825,
            0.9938793354707083,
            0.9936708860759493
        ],
        "f1": [
            0.9944429048584471,
            0.9945605413209282,
            0.9944394985332535
        ],
        "tpr_avg": 0.9937320061484467,
        "tpr_std": 0.00010467987263565111,
        "f1_avg": 0.9944809815708763,
        "f1_std": 5.6274423640310146e-05
    },
    "0.03": {
        "tpr": [
            0.9974350005829544,
            0.9978431944039639,
            0.9973458554512046
        ],
        "f1": [
            0.9917546986624933,
            0.9918016165010574,
            0.9915474171052441
        ],
        "tpr_avg": 0.997541350146041,
        "tpr_std": 0.00021651663624988013,
        "f1_avg": 0.9917012440895983,
        "f1_std": 0.00011044569323278403
    },
    "0.1": {
        "tpr": [
            0.9993587501457386,
            0.9993587875255028,
            0.9992416729860585
        ],
        "f1": [
            0.9768786950637511,
            0.9763236948134228,
            0.976555262595311
        ],
        "tpr_avg": 0.9993197368857666,
        "tpr_std": 5.5199514958880975e-05,
        "f1_avg": 0.9765858841574949,
        "f1_std": 0.00022761016309918455
    },
    "auc": [
        0.9995554875099341,
        0.9994806269722116,
        0.9994683952084586
    ],
    "auc_avg": 0.9995015032302015,
    "auc_std": 3.8497886130834435e-05
}