{
    "0.0001": {
        "tpr": [
            0.0,
            0.0,
            0.0
        ],
        "f1": [
            0.0,
            0.0,
            0.0
        ],
        "tpr_avg": 0.0,
        "tpr_std": 0.0,
        "f1_avg": 0.0,
        "f1_std": 0.0
    },
    "0.0003": {
        "tpr": [
            0.0,
            0.0,
            0.0
        ],
        "f1": [
            0.0,
            0.0,
            0.0
        ],
        "tpr_avg": 0.0,
        "tpr_std": 0.0,
        "f1_avg": 0.0,
        "f1_std": 0.0
    },
    "0.001": {
        "tpr": [
            0.9487583071003848,
            0.9503060332264646,
            0.9521378988508429
        ],
        "f1": [
            0.9734870575568615,
            0.9742869522343907,
            0.9752490776285718
        ],
        "tpr_avg": 0.9504007463925642,
        "tpr_std": 0.0013813370425824285,
        "f1_avg": 0.9743410291399414,
        "f1_std": 0.0007203572803653178
    },
    "0.003": {
        "tpr": [
            0.9805293226069721,
            0.9794812008160886,
            0.9772501895817535
        ],
        "f1": [
            0.9894554171507567,
            0.9889207680423748,
            0.9877802508807358
        ],
        "tpr_avg": 0.9790869043349381,
        "tpr_std": 0.001367425960349266,
        "f1_avg": 0.9887188120246225,
        "f1_std": 0.0006986344694634365
    },
    "0.01": {
        "tpr": [
            0.991926081380436,
            0.9939376275138444,
            0.9920083999300006
        ],
        "f1": [
            0.9935768298735803,
            0.9945753616425572,
            0.9936022903216383
        ],
        "tpr_avg": 0.9926240362747603,
        "tpr_std": 0.0009294570255259857,
        "f1_avg": 0.993918160612592,
        "f1_std": 0.00046482753356802647
    },
    "0.03": {
        "tpr": [
            0.9964439780809141,
            0.9975225881667152,
            0.9969083590970075
        ],
        "f1": [
            0.9913295635783674,
            0.9917271555033975,
            0.9913280547579687
        ],
        "tpr_avg": 0.9969583084482122,
        "tpr_std": 0.0004417549339941866,
        "f1_avg": 0.9914615912799113,
        "f1_std": 0.0001877832735392227
    },
    "0.1": {
        "tpr": [
            0.9989215343360149,
            0.9990964733313903,
            0.9992708394096715
        ],
        "f1": [
            0.9761453778999388,
            0.9761786105850693,
            0.9763333000869155
        ],
        "tpr_avg": 0.9990962823590256,
        "tpr_std": 0.0001426032631075793,
        "f1_avg": 0.9762190961906412,
        "f1_std": 8.188610091024145e-05
    },
    "auc": [
        0.9990191026169527,
        0.9992798658215802,
        0.9993554291238282
    ],
    "auc_avg": 0.9992181325207872,
    "auc_std": 0.0001440766696979798
}