{
    "0.0001": {
        "tpr": [
            0.0,
            0.0,
            0.0
        ],
        "f1": [
            0.0,
            0.0,
            0.0
        ],
        "tpr_avg": 0.0,
        "tpr_std": 0.0,
        "f1_avg": 0.0,
        "f1_std": 0.0
    },
    "0.0003": {
        "tpr": [
            0.0,
            0.0,
            0.0
        ],
        "f1": [
            0.0,
            0.0,
            0.0
        ],
        "tpr_avg": 0.0,
        "tpr_std": 0.0,
        "f1_avg": 0.0,
        "f1_std": 0.0
    },
    "0.001": {
        "tpr": [
            0.0,
            0.0,
            0.0
        ],
        "f1": [
            0.0,
            0.0,
            0.0
        ],
        "tpr_avg": 0.0,
        "tpr_std": 0.0,
        "f1_avg": 0.0,
        "f1_std": 0.0
    },
    "0.003": {
        "tpr": [
            0.0,
            0.9371135223427838,
            0.9349295118257019
        ],
        "f1": [
            0.0,
            0.9668371953054469,
            0.9656728541773218
        ],
        "tpr_avg": 0.6240143447228286,
        "tpr_std": 0.44124567555227895,
        "f1_avg": 0.6441700164942562,
        "f1_std": 0.45549723492407973
    },
    "0.01": {
        "tpr": [
            0.9677438170788614,
            0.9700735036751837,
            0.964814167540487
        ],
        "f1": [
            0.9812224620752876,
            0.9824240096889493,
            0.9797391227188027
        ],
        "tpr_avg": 0.9675438294315106,
        "tpr_std": 0.0021517667839477707,
        "f1_avg": 0.9811285314943464,
        "f1_std": 0.0010981110223599608
    },
    "0.03": {
        "tpr": [
            0.98623425104993,
            0.9868743437171859,
            0.9868926948619364
        ],
        "f1": [
            0.9859467024316286,
            0.9862702229995628,
            0.9863468312421765
        ],
        "tpr_avg": 0.9866670965430174,
        "tpr_std": 0.0003061596607360093,
        "f1_avg": 0.9861879188911226,
        "f1_std": 0.00017340942103820213
    },
    "0.1": {
        "tpr": [
            0.994225384974335,
            0.9946330649865827,
            0.994582313876267
        ],
        "f1": [
            0.9736939818914054,
            0.9740908961064929,
            0.9740693196405648
        ],
        "tpr_avg": 0.9944802546123949,
        "tpr_std": 0.00018140712610618704,
        "f1_avg": 0.973951399212821,
        "f1_std": 0.0001822345448299586
    },
    "auc": [
        0.9951445555557066,
        0.9969467389115032,
        0.9970142608814034
    ],
    "auc_avg": 0.9963685184495378,
    "auc_std": 0.0008659113419634696,
    "epoch_time_avg": 63.18954051865472
}