{
    "0.0001": {
        "tpr": [
            0.0,
            0.0,
            0.0
        ],
        "f1": [
            0.0,
            0.0,
            0.0
        ],
        "tpr_avg": 0.0,
        "tpr_std": 0.0,
        "f1_avg": 0.0,
        "f1_std": 0.0
    },
    "0.0003": {
        "tpr": [
            0.0,
            0.0,
            0.0
        ],
        "f1": [
            0.0,
            0.0,
            0.0
        ],
        "tpr_avg": 0.0,
        "tpr_std": 0.0,
        "f1_avg": 0.0,
        "f1_std": 0.0
    },
    "0.001": {
        "tpr": [
            0.0,
            0.0,
            0.0
        ],
        "f1": [
            0.0,
            0.0,
            0.0
        ],
        "tpr_avg": 0.0,
        "tpr_std": 0.0,
        "f1_avg": 0.0,
        "f1_std": 0.0
    },
    "0.003": {
        "tpr": [
            0.9273798413439104,
            0.9432971648582429,
            0.9267738552953513
        ],
        "f1": [
            0.9616233707321499,
            0.9701223902087832,
            0.9614722146677546
        ],
        "tpr_avg": 0.9324836204991681,
        "tpr_std": 0.00765033162579764,
        "f1_avg": 0.9644059918695627,
        "f1_std": 0.004042575047205633
    },
    "0.01": {
        "tpr": [
            0.9666355576294914,
            0.9711235561778089,
            0.97162996621228
        ],
        "f1": [
            0.9806497425883188,
            0.9830228232306829,
            0.9832286969080674
        ],
        "tpr_avg": 0.9697963600065268,
        "tpr_std": 0.002244566258138035,
        "f1_avg": 0.982300420909023,
        "f1_std": 0.0011702279497579611
    },
    "0.03": {
        "tpr": [
            0.9865842277181521,
            0.9856492824641232,
            0.9891063730630316
        ],
        "f1": [
            0.9861815637572153,
            0.9857067849016977,
            0.9875530739254347
        ],
        "tpr_avg": 0.9871132944151023,
        "tpr_std": 0.0014600918988501097,
        "f1_avg": 0.9864804741947827,
        "f1_std": 0.0007828181470634901
    },
    "0.1": {
        "tpr": [
            0.9957419505366308,
            0.9942830474857076,
            0.9956891529768146
        ],
        "f1": [
            0.9744555755344351,
            0.9737759241272924,
            0.9745139403614802
        ],
        "tpr_avg": 0.9952380503330511,
        "tpr_std": 0.0006756329005242115,
        "f1_avg": 0.9742484800077359,
        "f1_std": 0.0003349959286969396
    },
    "auc": [
        0.997311527729217,
        0.9971068748587032,
        0.9970861371906524
    ],
    "auc_avg": 0.997168179926191,
    "auc_std": 0.00010171514863698659,
    "epoch_time_avg": 63.27923398547702
}