{
    "0.0001": {
        "tpr": [
            0.0,
            0.0,
            0.0
        ],
        "f1": [
            0.0,
            0.0,
            0.0
        ],
        "tpr_avg": 0.0,
        "tpr_std": 0.0,
        "f1_avg": 0.0,
        "f1_std": 0.0
    },
    "0.0003": {
        "tpr": [
            0.0,
            0.0,
            0.0
        ],
        "f1": [
            0.0,
            0.0,
            0.0
        ],
        "tpr_avg": 0.0,
        "tpr_std": 0.0,
        "f1_avg": 0.0,
        "f1_std": 0.0
    },
    "0.001": {
        "tpr": [
            0.0,
            0.9064869910162174,
            0.0
        ],
        "f1": [
            0.0,
            0.9507173666982777,
            0.0
        ],
        "tpr_avg": 0.3021623303387391,
        "tpr_std": 0.42732206560330427,
        "f1_avg": 0.3169057888994259,
        "f1_std": 0.44817246465611316
    },
    "0.003": {
        "tpr": [
            0.934904339710686,
            0.9437055186092638,
            0.9384247931958523
        ],
        "f1": [
            0.9656585130738644,
            0.9703386018054764,
            0.9675365626595394
        ],
        "tpr_avg": 0.9390115505052673,
        "tpr_std": 0.0036169416736894127,
        "f1_avg": 0.9678445591796266,
        "f1_std": 0.001923010491604204
    },
    "0.01": {
        "tpr": [
            0.9678021465235651,
            0.9733986699334967,
            0.96999883490621
        ],
        "f1": [
            0.981252587379502,
            0.9841344736066057,
            0.9823888610283489
        ],
        "tpr_avg": 0.9703998837877572,
        "tpr_std": 0.0023023030098173023,
        "f1_avg": 0.9825919740048189,
        "f1_std": 0.001185258963940018
    },
    "0.03": {
        "tpr": [
            0.9863509099393374,
            0.986465989966165,
            0.987883024583479
        ],
        "f1": [
            0.9860058309037901,
            0.986092078024317,
            0.9868482309124768
        ],
        "tpr_avg": 0.9868999748296604,
        "tpr_std": 0.0006967070005895248,
        "f1_avg": 0.9863153799468614,
        "f1_std": 0.000378424149262699
    },
    "0.1": {
        "tpr": [
            0.9955086327578161,
            0.9945747287364368,
            0.9956308982873121
        ],
        "f1": [
            0.9743106696352115,
            0.9738668494559165,
            0.9745958429561201
        ],
        "tpr_avg": 0.9952380865938549,
        "tpr_std": 0.0004717131544873218,
        "f1_avg": 0.9742577873490829,
        "f1_std": 0.0002999503103009281
    },
    "auc": [
        0.9973988872680597,
        0.997461285469634,
        0.9973585305551558
    ],
    "auc_avg": 0.9974062344309497,
    "auc_std": 4.2269994986640325e-05,
    "epoch_time_avg": 63.14529408348931
}