{
    "0.0001": {
        "tpr": [
            0.0,
            0.0,
            0.0
        ],
        "f1": [
            0.0,
            0.0,
            0.0
        ],
        "tpr_avg": 0.0,
        "tpr_std": 0.0,
        "f1_avg": 0.0,
        "f1_std": 0.0
    },
    "0.0003": {
        "tpr": [
            0.944502739885741,
            0.0,
            0.0
        ],
        "f1": [
            0.9714011631392768,
            0.0,
            0.0
        ],
        "tpr_avg": 0.31483424662858034,
        "tpr_std": 0.4452428614816541,
        "f1_avg": 0.3238003877130923,
        "f1_std": 0.4579228998055216
    },
    "0.001": {
        "tpr": [
            0.9654599510318294,
            0.9560186534538035,
            0.9677127690602578
        ],
        "f1": [
            0.982193425949264,
            0.9772818686966497,
            0.9833582786265764
        ],
        "tpr_avg": 0.9630637911819635,
        "tpr_std": 0.005065851127820542,
        "f1_avg": 0.9809445244241634,
        "f1_std": 0.002633186368094374
    },
    "0.003": {
        "tpr": [
            0.9778768800279818,
            0.9792188866219761,
            0.9841334655544537
        ],
        "f1": [
            0.9881157499447758,
            0.9887868620872329,
            0.9912892753793499
        ],
        "tpr_avg": 0.9804097440681372,
        "tpr_std": 0.0026894636026938436,
        "f1_avg": 0.9893972958037862,
        "f1_std": 0.0013655982602754286
    },
    "0.01": {
        "tpr": [
            0.9934417628541448,
            0.9939667735354124,
            0.9946042116315698
        ],
        "f1": [
            0.9943692379507527,
            0.9946190302588406,
            0.9949234135667397
        ],
        "tpr_avg": 0.9940042493403757,
        "tpr_std": 0.0004753070004410824,
        "f1_avg": 0.9946372272587777,
        "f1_std": 0.00022660685697728278
    },
    "0.03": {
        "tpr": [
            0.9969394893319342,
            0.997376858058875,
            0.9976666861109491
        ],
        "f1": [
            0.991348202252076,
            0.9915535401243064,
            0.9917225983213256
        ],
        "tpr_avg": 0.9973276778339194,
        "tpr_std": 0.00029890668526862834,
        "f1_avg": 0.991541446899236,
        "f1_std": 0.0001530855724463534
    },
    "0.1": {
        "tpr": [
            0.9990964206599044,
            0.999009035266686,
            0.9994166715277373
        ],
        "f1": [
            0.9762606627647,
            0.976148774687798,
            0.976879436667902
        ],
        "tpr_avg": 0.999174042484776,
        "tpr_std": 0.00017523449261535107,
        "f1_avg": 0.9764296247068001,
        "f1_std": 0.00032132832191909556
    },
    "auc": [
        0.9994498168292139,
        0.9994039903617629,
        0.9993143463606069
    ],
    "auc_avg": 0.9993893845171945,
    "auc_std": 5.626165057308978e-05
}