{
    "0.0001": {
        "tpr": [
            0.15882592981228869,
            0.10597493442145148,
            0.17730268914425712
        ],
        "f1": [
            0.2741083555510841,
            0.19163570242706932,
            0.30119407422087896
        ],
        "tpr_avg": 0.1473678511259991,
        "tpr_std": 0.03022557221774396,
        "f1_avg": 0.2556460440663441,
        "f1_std": 0.04659328933474811
    },
    "0.0003": {
        "tpr": [
            0.23289028797948,
            0.17032935004371902,
            0.26101032491395904
        ],
        "f1": [
            0.37775991678880433,
            0.29105035111310323,
            0.41393186706445567
        ],
        "tpr_avg": 0.22140998764571937,
        "tpr_std": 0.03789993643503275,
        "f1_avg": 0.36091404498878776,
        "f1_std": 0.05156099487113986
    },
    "0.001": {
        "tpr": [
            0.29777311414247404,
            0.2983678227921889,
            0.3525637286355947
        ],
        "f1": [
            0.4587337224966322,
            0.4594394452797163,
            0.5211467988790688
        ],
        "tpr_avg": 0.3162348885234192,
        "tpr_std": 0.02568951650662867,
        "f1_avg": 0.4797733222184724,
        "f1_std": 0.029256884539088396
    },
    "0.003": {
        "tpr": [
            0.37699661886440483,
            0.36164383561643837,
            0.40835909700752493
        ],
        "f1": [
            0.5469962572159608,
            0.530630572839823,
            0.5793197616683217
        ],
        "tpr_avg": 0.38233318382945597,
        "tpr_std": 0.01944116090376369,
        "f1_avg": 0.5523155305747017,
        "f1_std": 0.020230015307179244
    },
    "0.01": {
        "tpr": [
            0.46863705258248806,
            0.44179539492859227,
            0.4828501429154757
        ],
        "f1": [
            0.6361226508407517,
            0.6108156028368794,
            0.649152043917263
        ],
        "tpr_avg": 0.46442753014218535,
        "tpr_std": 0.017022791436741232,
        "f1_avg": 0.632030099198298,
        "f1_std": 0.0159160801892728
    },
    "0.03": {
        "tpr": [
            0.5682639617581905,
            0.5393179830953075,
            0.568336930525579
        ],
        "f1": [
            0.7181243899294619,
            0.6942688303161054,
            0.7181793052612181
        ],
        "tpr_avg": 0.558639625126359,
        "tpr_std": 0.013662496579867204,
        "f1_avg": 0.7101908418355952,
        "f1_std": 0.011258584637022189
    },
    "0.1": {
        "tpr": [
            0.68322257199487,
            0.7238997376858058,
            0.7448812926558945
        ],
        "f1": [
            0.7893318965517241,
            0.8171275353259528,
            0.830928405264271
        ],
        "tpr_avg": 0.7173345341121902,
        "tpr_std": 0.025596560730702673,
        "f1_avg": 0.8124626123806493,
        "f1_std": 0.01729910428957644
    },
    "auc": [
        0.9180452375602697,
        0.9130325422306635,
        0.9208379207934174
    ],
    "auc_avg": 0.917305233528117,
    "auc_std": 0.0032292092017165474,
    "epoch_time_avg": 21.83131494787004
}