{
    "0.0001": {
        "tpr": [
            0.0,
            0.0,
            0.0
        ],
        "f1": [
            0.0,
            0.0,
            0.0
        ],
        "tpr_avg": 0.0,
        "tpr_std": 0.0,
        "f1_avg": 0.0,
        "f1_std": 0.0
    },
    "0.0003": {
        "tpr": [
            0.850880261163577,
            0.8946954240746138,
            0.8846467946100449
        ],
        "f1": [
            0.9193751574703956,
            0.9443632616018828,
            0.9387641405778487
        ],
        "tpr_avg": 0.8767408266160786,
        "tpr_std": 0.01874069320438618,
        "f1_avg": 0.9341675198833758,
        "f1_std": 0.010706634341321759
    },
    "0.001": {
        "tpr": [
            0.9668590416229451,
            0.9540367239871758,
            0.9446712944058799
        ],
        "f1": [
            0.9829172531298616,
            0.9762447993557912,
            0.9713154698535035
        ],
        "tpr_avg": 0.9551890200053336,
        "tpr_std": 0.009094682374046668,
        "f1_avg": 0.9768258407797187,
        "f1_std": 0.00475419468470636
    },
    "0.003": {
        "tpr": [
            0.9789844934126152,
            0.9819586126493733,
            0.9832584728460596
        ],
        "f1": [
            0.9886671376427647,
            0.990198239503887,
            0.9908445633165313
        ],
        "tpr_avg": 0.9814005263026827,
        "tpr_std": 0.0017889140704439228,
        "f1_avg": 0.9899033134877276,
        "f1_std": 0.0009130650423893286
    },
    "0.01": {
        "tpr": [
            0.9927130698379387,
            0.9938210434275722,
            0.9935250539578837
        ],
        "f1": [
            0.9939588501386255,
            0.9945312158200988,
            0.9943806284938624
        ],
        "tpr_avg": 0.9933530557411316,
        "tpr_std": 0.0004683936441041504,
        "f1_avg": 0.9942902314841956,
        "f1_std": 0.00024225239297014323
    },
    "0.03": {
        "tpr": [
            0.9971143756558237,
            0.9976683182745555,
            0.9972875226039783
        ],
        "f1": [
            0.991435899665261,
            0.9916996219199513,
            0.9915037986429275
        ],
        "tpr_avg": 0.9973567388447858,
        "tpr_std": 0.00023138175123302537,
        "f1_avg": 0.9915464400760466,
        "f1_std": 0.00011180660615119368
    },
    "0.1": {
        "tpr": [
            0.9990089774979597,
            0.9993296415039347,
            0.9990375080207665
        ],
        "f1": [
            0.9761057158317433,
            0.9765593847906578,
            0.9760775094393389
        ],
        "tpr_avg": 0.9991253756742203,
        "tpr_std": 0.00014490662412874254,
        "f1_avg": 0.9762475366872466,
        "f1_std": 0.00022081037089769748
    },
    "auc": [
        0.9993739542222585,
        0.9994715672591027,
        0.9994556587015788
    ],
    "auc_avg": 0.9994337267276467,
    "auc_std": 4.276162493721631e-05,
    "epoch_time_avg": 61.742451429367065
}