{
    "0.0001": {
        "tpr": [
            0.15690620625291649,
            0.4324466223311166,
            0.19847372713503436
        ],
        "f1": [
            0.27125138650801656,
            0.6037874160048871,
            0.33121081028532545
        ],
        "tpr_avg": 0.2626088519063558,
        "tpr_std": 0.12128648150889594,
        "f1_avg": 0.4020832042660764,
        "f1_std": 0.14471172470307525
    },
    "0.0003": {
        "tpr": [
            0.1872958469435371,
            0.513534010033835,
            0.44535710124665034
        ],
        "f1": [
            0.3154688804833718,
            0.6785370177669866,
            0.6162092451537501
        ],
        "tpr_avg": 0.3820623194080075,
        "tpr_std": 0.14050505760798315,
        "f1_avg": 0.5367383811347027,
        "f1_std": 0.15851673255232684
    },
    "0.001": {
        "tpr": [
            0.5009916005599627,
            0.5900128339750321,
            0.5413608295467786
        ],
        "f1": [
            0.6673400411794413,
            0.741930751173709,
            0.7022329693580686
        ],
        "tpr_avg": 0.5441217546939244,
        "tpr_std": 0.03639516479274112,
        "f1_avg": 0.7038345872370729,
        "f1_std": 0.030472582094236724
    },
    "0.003": {
        "tpr": [
            0.6161339244050397,
            0.6388402753471006,
            0.5962950017476407
        ],
        "f1": [
            0.761818903032707,
            0.7789870536349409,
            0.7464449792168016
        ],
        "tpr_avg": 0.6170897338332604,
        "tpr_std": 0.01738217967077263,
        "f1_avg": 0.7624169786281499,
        "f1_std": 0.013291975591118298
    },
    "0.01": {
        "tpr": [
            0.7245683621091927,
            0.747054019367635,
            0.7086682977979727
        ],
        "f1": [
            0.8379654614139234,
            0.8528804528804529,
            0.8271852582191547
        ],
        "tpr_avg": 0.7267635597582669,
        "tpr_std": 0.015747593988602107,
        "f1_avg": 0.8393437241711769,
        "f1_std": 0.010535193823292996
    },
    "0.03": {
        "tpr": [
            0.8292697153523099,
            0.8403920196009801,
            0.8102644762903414
        ],
        "f1": [
            0.8996108456987377,
            0.9062087186261559,
            0.8881581047859263
        ],
        "tpr_avg": 0.8266420704145437,
        "tpr_std": 0.012439067621083415,
        "f1_avg": 0.8979925563702733,
        "f1_std": 0.007457448637223456
    },
    "0.1": {
        "tpr": [
            0.933037797480168,
            0.935188426087971,
            0.9193755097285331
        ],
        "f1": [
            0.9419939932866145,
            0.9431664411366711,
            0.9347587881659609
        ],
        "tpr_avg": 0.9292005777655574,
        "tpr_std": 0.007002631519711827,
        "f1_avg": 0.9399730741964155,
        "f1_std": 0.003717996108642493
    },
    "auc": [
        0.9748678673689326,
        0.9754799837647657,
        0.9713135713613277
    ],
    "auc_avg": 0.9738871408316753,
    "auc_std": 0.0018368662597915892
}