{
    "0.0001": {
        "tpr": [
            0.3456919668881893,
            0.16589915476537453,
            0.2624103132473896
        ],
        "f1": [
            0.513764647274145,
            0.284578656600755,
            0.41571943443304693
        ],
        "tpr_avg": 0.2580004783003178,
        "tpr_std": 0.07346631339579048,
        "f1_avg": 0.4046875794359823,
        "f1_std": 0.09388940639121822
    },
    "0.0003": {
        "tpr": [
            0.4802378454004897,
            0.355727193238123,
            0.312897392521729
        ],
        "f1": [
            0.6488146806332205,
            0.5247318300049443,
            0.476609356257497
        ],
        "tpr_avg": 0.3829541437201139,
        "tpr_std": 0.07097739976841816,
        "f1_avg": 0.5500519556318872,
        "f1_std": 0.07254653682136344
    },
    "0.001": {
        "tpr": [
            0.579602425090358,
            0.5511512678519382,
            0.5637286355947034
        ],
        "f1": [
            0.7336420151635337,
            0.7104215192726726,
            0.7207906022748461
        ],
        "tpr_avg": 0.5648274428456665,
        "tpr_std": 0.011641094452624796,
        "f1_avg": 0.7216180455703508,
        "f1_std": 0.009497766550083605
    },
    "0.003": {
        "tpr": [
            0.6533753060510669,
            0.65937044593413,
            0.6310739077174357
        ],
        "f1": [
            0.7896711464956935,
            0.794040223228388,
            0.773136568284142
        ],
        "tpr_avg": 0.6479398865675442,
        "tpr_std": 0.012174600814362226,
        "f1_avg": 0.7856159793360744,
        "f1_std": 0.009002739695091484
    },
    "0.01": {
        "tpr": [
            0.7219015972950915,
            0.7530749052754299,
            0.7316397363355306
        ],
        "f1": [
            0.8361721163422746,
            0.8568112481761507,
            0.8426975728563031
        ],
        "tpr_avg": 0.7355387463020174,
        "tpr_std": 0.013021661226544249,
        "f1_avg": 0.8452269791249094,
        "f1_std": 0.008613627295078365
    },
    "0.03": {
        "tpr": [
            0.8387256616532587,
            0.8601573885164675,
            0.8320013999883334
        ],
        "f1": [
            0.9052158047061784,
            0.9177330327295343,
            0.9012242318932154
        ],
        "tpr_avg": 0.8436281500526865,
        "tpr_std": 0.012005990640203964,
        "f1_avg": 0.9080576897763093,
        "f1_std": 0.007032892213363623
    },
    "0.1": {
        "tpr": [
            0.9340678558936691,
            0.9362285048090936,
            0.9245172956892026
        ],
        "f1": [
            0.9425709957792255,
            0.9437238340066104,
            0.9373946473458524
        ],
        "tpr_avg": 0.9316045521306551,
        "tpr_std": 0.005088483980788631,
        "f1_avg": 0.9412298257105628,
        "f1_std": 0.002752417581144117
    },
    "auc": [
        0.9756314587232608,
        0.9767027257016873,
        0.9741767340723115
    ],
    "auc_avg": 0.9755036394990867,
    "auc_std": 0.0010351849250159592,
    "epoch_time_avg": 25.857299817932976
}