{
    "0.0001": {
        "tpr": [
            0.006416238917405506,
            0.2146774005366935,
            0.21851334032389608
        ],
        "f1": [
            0.01275066651211313,
            0.3534722889251753,
            0.35865563895396085
        ],
        "tpr_avg": 0.14653565992599837,
        "tpr_std": 0.09909176796064759,
        "f1_avg": 0.24162619813041641,
        "f1_std": 0.1618532741086835
    },
    "0.0003": {
        "tpr": [
            0.21208586094260382,
            0.2553377668883444,
            0.3283234300361179
        ],
        "f1": [
            0.3499181984409585,
            0.40676548487523806,
            0.4942992457463603
        ],
        "tpr_avg": 0.26524901928902206,
        "tpr_std": 0.04796851613509858,
        "f1_avg": 0.4169943096875189,
        "f1_std": 0.05938542665240027
    },
    "0.001": {
        "tpr": [
            0.30290480634624356,
            0.29255629448139076,
            0.35348945590120007
        ],
        "f1": [
            0.4648019691206086,
            0.45251522670877514,
            0.5221581619481972
        ],
        "tpr_avg": 0.31631685224294476,
        "tpr_std": 0.026622356163001425,
        "f1_avg": 0.47982511925919363,
        "f1_std": 0.030351341400948924
    },
    "0.003": {
        "tpr": [
            0.36415072328511433,
            0.35077587212693967,
            0.40015146219270653
        ],
        "f1": [
            0.5333390286617402,
            0.5188317011087622,
            0.571012926555551
        ],
        "tpr_avg": 0.3716926858682535,
        "tpr_std": 0.020851029123918837,
        "f1_avg": 0.5410612187753512,
        "f1_std": 0.02199157774232692
    },
    "0.01": {
        "tpr": [
            0.46844377041530566,
            0.43699684984249215,
            0.48660142141442386
        ],
        "f1": [
            0.6359425109870531,
            0.6061905725268056,
            0.6525526346627085
        ],
        "tpr_avg": 0.46401401389074054,
        "tpr_std": 0.020491794087047287,
        "f1_avg": 0.6315619060588559,
        "f1_std": 0.019179024584617437
    },
    "0.03": {
        "tpr": [
            0.563054129724685,
            0.5381519075953798,
            0.570371664919026
        ],
        "f1": [
            0.7139000850497356,
            0.693270206290159,
            0.719873538710389
        ],
        "tpr_avg": 0.5571925674130302,
        "tpr_std": 0.013791220034227633,
        "f1_avg": 0.7090146100167612,
        "f1_std": 0.011396935953394855
    },
    "0.1": {
        "tpr": [
            0.6832711152589828,
            0.7196943180492358,
            0.7500873820342537
        ],
        "f1": [
            0.7893530997304583,
            0.8142696851692959,
            0.8344242110038235
        ],
        "tpr_avg": 0.7176842717808242,
        "tpr_std": 0.027314630889530147,
        "f1_avg": 0.8126823319678592,
        "f1_std": 0.018434406879412557
    },
    "auc": [
        0.9188703887994769,
        0.912191805792565,
        0.9184276380173808
    ],
    "auc_avg": 0.9164966108698076,
    "auc_std": 0.0030493187357781893
}