{
    "0.0001": {
        "tpr": [
            0.0,
            0.0,
            0.0
        ],
        "f1": [
            0.0,
            0.0,
            0.0
        ],
        "tpr_avg": 0.0,
        "tpr_std": 0.0,
        "f1_avg": 0.0,
        "f1_std": 0.0
    },
    "0.0003": {
        "tpr": [
            0.0,
            0.0,
            0.0
        ],
        "f1": [
            0.0,
            0.0,
            0.0
        ],
        "tpr_avg": 0.0,
        "tpr_std": 0.0,
        "f1_avg": 0.0,
        "f1_std": 0.0
    },
    "0.001": {
        "tpr": [
            0.8466518898740084,
            0.9052619297631548,
            0.0
        ],
        "f1": [
            0.9167561422345732,
            0.9500428553936574,
            0.0
        ],
        "tpr_avg": 0.5839712732123877,
        "tpr_std": 0.41362271064898803,
        "f1_avg": 0.6222663325427435,
        "f1_std": 0.4402185387436419
    },
    "0.003": {
        "tpr": [
            0.9370041997200187,
            0.9392719635981799,
            0.9256670161948036
        ],
        "f1": [
            0.966779008184882,
            0.9679862927225179,
            0.9607303727440369
        ],
        "tpr_avg": 0.9339810598376674,
        "tpr_std": 0.005951368443383747,
        "f1_avg": 0.9651652245504789,
        "f1_std": 0.003174409855656136
    },
    "0.01": {
        "tpr": [
            0.9678604759682687,
            0.9700151674250379,
            0.9716882209017826
        ],
        "f1": [
            0.9813117274824057,
            0.9823939501358855,
            0.9832586654091017
        ],
        "tpr_avg": 0.9698546214316964,
        "tpr_std": 0.0015667884522155145,
        "f1_avg": 0.9823214476757977,
        "f1_std": 0.0007964857302094431
    },
    "0.03": {
        "tpr": [
            0.986409239384041,
            0.9864076537160191,
            0.9863684026564138
        ],
        "f1": [
            0.9860353925541528,
            0.9860337638860541,
            0.9860237596086652
        ],
        "tpr_avg": 0.9863950985854912,
        "tpr_std": 1.8887968970624953e-05,
        "f1_avg": 0.9860309720162906,
        "f1_std": 5.143102679749787e-06
    },
    "0.1": {
        "tpr": [
            0.995158656089594,
            0.9941663749854159,
            0.9955143889083071
        ],
        "f1": [
            0.9741627887058554,
            0.973745107562209,
            0.9745095802919708
        ],
        "tpr_avg": 0.9949464733277723,
        "tpr_std": 0.0005704101024045852,
        "f1_avg": 0.9741391588533451,
        "f1_std": 0.0003125416410492068
    },
    "auc": [
        0.9975529161151162,
        0.9972636167741016,
        0.9972500578963193
    ],
    "auc_avg": 0.9973555302618458,
    "auc_std": 0.0001396825975683876
}