{
    "pretrained": {
        "fpr_0.0001": {
            "f1": [
                0.05562448304383787,
                0.22868983705378165,
                0.22182299546142206
            ],
            "tpr": [
                0.028607891098585556,
                0.12910773157502925,
                0.12474742103583962
            ],
            "f1_mean": 0.16871243851968054,
            "f1_std": 0.0800143846802697,
            "tpr_mean": 0.09415434790315147,
            "tpr_std": 0.04638251521657819
        },
        "fpr_0.0003": {
            "f1": [
                0.06322075782537068,
                0.28563616478308423,
                0.3047945205479452
            ],
            "tpr": [
                0.03264915452515155,
                0.16664894182707646,
                0.17983622248218653
            ],
            "f1_mean": 0.2178838143854667,
            "f1_std": 0.1096426208104824,
            "tpr_mean": 0.12637810627813817,
            "tpr_std": 0.06649467843521731
        },
        "fpr_0.001": {
            "f1": [
                0.1145948111790043,
                0.4597381342062193,
                0.3818775790921596
            ],
            "tpr": [
                0.060831649473572266,
                0.2987344464532596,
                0.23620121237902797
            ],
            "f1_mean": 0.31873684149246106,
            "f1_std": 0.14780853136415503,
            "tpr_mean": 0.19858910276861996,
            "tpr_std": 0.10069901785253779
        },
        "fpr_0.003": {
            "f1": [
                0.13400633412509896,
                0.5296732433907821,
                0.4266043561712426
            ],
            "tpr": [
                0.07199829841539934,
                0.36116133148995,
                0.2718281399553334
            ],
            "f1_mean": 0.3634279778957079,
            "f1_std": 0.167593788371317,
            "tpr_mean": 0.23499592328689425,
            "tpr_std": 0.12088913395545953
        },
        "fpr_0.01": {
            "f1": [
                0.23094860554052793,
                0.5898884758364312,
                0.47662650602409634
            ],
            "tpr": [
                0.13166010847601828,
                0.4218866319259811,
                0.3155375943847708
            ],
            "f1_mean": 0.43248786246701854,
            "f1_std": 0.1498235017463416,
            "tpr_mean": 0.2896947782622567,
            "tpr_std": 0.11988535381026744
        },
        "fpr_0.03": {
            "f1": [
                0.5717248018958749,
                0.6387634105025409,
                0.5420730324336585
            ],
            "tpr": [
                0.41050728490907157,
                0.48122939487397637,
                0.38126129958523874
            ],
            "f1_mean": 0.5841870816106914,
            "f1_std": 0.040445342661783304,
            "tpr_mean": 0.42433265978942886,
            "tpr_std": 0.04196634176616099
        },
        "fpr_0.1": {
            "f1": [
                0.6504860789630316,
                0.6979386048886336,
                0.6271026779706633
            ],
            "tpr": [
                0.523024566627672,
                0.5815165372753377,
                0.49558651494203976
            ],
            "f1_mean": 0.6585091206074428,
            "f1_std": 0.029469860688540458,
            "tpr_mean": 0.5333758729483499,
            "tpr_std": 0.03583624181801293
        },
        "auc": [
            0.8774521133031273,
            0.9083577893601322,
            0.8406793226804655
        ]
    },
    "non_pretrained": {
        "fpr_0.0001": {
            "f1": [
                0.001487778958554729,
                0.08940363710250941,
                0.01917000210659364
            ],
            "tpr": [
                0.0007444432627884718,
                0.04679357651813251,
                0.009677762416250133
            ],
            "f1_mean": 0.03668713938921926,
            "f1_std": 0.0379687336478385,
            "tpr_mean": 0.019071927399057036,
            "tpr_std": 0.01993854592132627
        },
        "fpr_0.0003": {
            "f1": [
                0.2430412852606015,
                0.2525083612040134,
                0.2167235494880546
            ],
            "tpr": [
                0.13836009784111453,
                0.14452834201850473,
                0.12155694990960332
            ],
            "f1_mean": 0.23742439865088982,
            "f1_std": 0.015139358171697672,
            "tpr_mean": 0.13481512992307418,
            "tpr_std": 0.00970725886506848
        },
        "fpr_0.001": {
            "f1": [
                0.3712357217030114,
                0.3209634255129349,
                0.33551467987265654
            ],
            "tpr": [
                0.22811868552589598,
                0.19132191853663724,
                0.20174412421567584
            ],
            "f1_mean": 0.34257127569620094,
            "f1_std": 0.02112143618094097,
            "tpr_mean": 0.20706157609273634,
            "tpr_std": 0.015485627445346244
        },
        "fpr_0.003": {
            "f1": [
                0.41309654069522767,
                0.39115965526068774,
                0.3892353695002136
            ],
            "tpr": [
                0.26098053812613,
                0.24375199404445388,
                0.24226310751887695
            ],
            "f1_mean": 0.39783052181870965,
            "f1_std": 0.010823253305596052,
            "tpr_mean": 0.2489985465631536,
            "tpr_std": 0.008494323089881418
        },
        "fpr_0.01": {
            "f1": [
                0.46665049721076884,
                0.5132868229207493,
                0.4813836175834735
            ],
            "tpr": [
                0.30692332234393277,
                0.34818674890992235,
                0.319685206848878
            ],
            "f1_mean": 0.4871069792383305,
            "f1_std": 0.01946457243996664,
            "tpr_mean": 0.32493175936757773,
            "tpr_std": 0.017249392800720246
        },
        "fpr_0.03": {
            "f1": [
                0.5566531956293967,
                0.6135154565061107,
                0.5888636862515548
            ],
            "tpr": [
                0.39551207061576094,
                0.45379134318834413,
                0.42794852706583003
            ],
            "f1_mean": 0.5863441127956874,
            "f1_std": 0.023282187265554224,
            "tpr_mean": 0.42575064695664505,
            "tpr_std": 0.023843117953658736
        },
        "fpr_0.1": {
            "f1": [
                0.734982332155477,
                0.7091346153846152,
                0.7147445991056245
            ],
            "tpr": [
                0.6304370945442944,
                0.5960863554184834,
                0.6034244390088269
            ],
            "f1_mean": 0.7196205155485723,
            "f1_std": 0.011101262283651329,
            "tpr_mean": 0.6099826296572016,
            "tpr_std": 0.014770482232202222
        },
        "auc": [
            0.8881198691306267,
            0.8817015173685092,
            0.8828683871400469
        ]
    }
}