{
    "auc": [
        0.9994375471683197,
        0.9994564868071665,
        0.9995138226887921
    ],
    "auc_avg": 0.9994692855547594,
    "auc_std": 3.2427814303923526e-05
}