{
    "auc": [
        0.9998793023867607,
        0.9998638744235763,
        0.9998490724157755
    ],
    "auc_avg": 0.9998640830753708,
    "auc_std": 1.2342215849689178e-05,
    "epoch_time_avg": 0.02996492087841034
}