{
    "0.0001": {
        "tpr": [
            0.0,
            0.7998483257496208,
            0.0
        ],
        "f1": [
            0.0,
            0.8887952549184844,
            0.0
        ],
        "tpr_avg": 0.26661610858320695,
        "tpr_std": 0.37705211670550903,
        "f1_avg": 0.29626508497282816,
        "f1_std": 0.41898210122619095
    },
    "0.0003": {
        "tpr": [
            0.0,
            0.8223077820557695,
            0.0
        ],
        "f1": [
            0.0,
            0.9024327784891165,
            0.0
        ],
        "tpr_avg": 0.27410259401858983,
        "tpr_std": 0.38763960594273617,
        "f1_avg": 0.30081092616303884,
        "f1_std": 0.4254108914897812
    },
    "0.001": {
        "tpr": [
            0.8869575361642558,
            0.860926379652316,
            0.9211231504136083
        ],
        "f1": [
            0.9398603127510972,
            0.925034474113075,
            0.9587097556539138
        ],
        "tpr_avg": 0.8896690220767267,
        "tpr_std": 0.024649907632173645,
        "f1_avg": 0.9412015141726954,
        "f1_std": 0.013780548190684378
    },
    "0.003": {
        "tpr": [
            0.9420788614092394,
            0.9640065336600163,
            0.9400559245019224
        ],
        "f1": [
            0.9694768750562741,
            0.980974147398415,
            0.9684039967593843
        ],
        "tpr_avg": 0.9487137731903926,
        "tpr_std": 0.010845105209838777,
        "f1_avg": 0.9729516730713579,
        "f1_std": 0.005689630199242808
    },
    "0.01": {
        "tpr": [
            0.9768432104526364,
            0.9800490024501225,
            0.976814633578003
        ],
        "f1": [
            0.9859005680981956,
            0.9875382083235363,
            0.9858889934148636
        ],
        "tpr_avg": 0.977902282160254,
        "tpr_std": 0.0015180053055772027,
        "f1_avg": 0.9864425899455318,
        "f1_std": 0.0007747335954978191
    },
    "0.03": {
        "tpr": [
            0.9888590760615958,
            0.9893244662233112,
            0.987766515204474
        ],
        "f1": [
            0.9872754273068747,
            0.987509826185693,
            0.9869041382922997
        ],
        "tpr_avg": 0.988650019163127,
        "tpr_std": 0.0006529836314293497,
        "f1_avg": 0.9872297972616225,
        "f1_std": 0.0002493672416645763
    },
    "0.1": {
        "tpr": [
            0.9960335977601493,
            0.9949830824874577,
            0.9953978795293021
        ],
        "f1": [
            0.9745740946836743,
            0.9741832305231894,
            0.9744510978043912
        ],
        "tpr_avg": 0.9954715199256364,
        "tpr_std": 0.00043202065191283516,
        "f1_avg": 0.9744028076704184,
        "f1_std": 0.00016318221056479466
    },
    "auc": [
        0.9980173869927945,
        0.9981977691135255,
        0.9977046878823872
    ],
    "auc_avg": 0.9979732813295691,
    "auc_std": 0.00020370118191710977
}