{
    "0.0001": {
        "tpr": [
            0.9175993937274105,
            0.8873214806178956,
            0.8760718660677828
        ],
        "f1": [
            0.9570147438820489,
            0.940282603659949,
            0.9339282382936386
        ],
        "tpr_avg": 0.893664246804363,
        "tpr_std": 0.01753675949831158,
        "f1_avg": 0.9437418619452121,
        "f1_std": 0.00973726641941657
    },
    "0.0003": {
        "tpr": [
            0.9459601259181531,
            0.9283590789857185,
            0.9477337688852593
        ],
        "f1": [
            0.9721714645178684,
            0.9627905570836985,
            0.9731073310972688
        ],
        "tpr_avg": 0.940684324596377,
        "tpr_std": 0.008745292519063572,
        "f1_avg": 0.9693564508996119,
        "f1_std": 0.004658482067869794
    },
    "0.001": {
        "tpr": [
            0.9676751778010959,
            0.9620227338968231,
            0.9624628128098932
        ],
        "f1": [
            0.9833390104112674,
            0.9804107941128422,
            0.9806392178422312
        ],
        "tpr_avg": 0.9640535748359373,
        "tpr_std": 0.0025671545065001212,
        "f1_avg": 0.981463007455447,
        "f1_std": 0.0013298081735654815
    },
    "0.003": {
        "tpr": [
            0.9845808557770782,
            0.9819877586709415,
            0.9840167998600011
        ],
        "f1": [
            0.9915315183092391,
            0.9902130786186629,
            0.9912300030849236
        ],
        "tpr_avg": 0.983528471436007,
        "tpr_std": 0.0011135189379392976,
        "f1_avg": 0.9909915333376086,
        "f1_std": 0.0005640459022160342
    },
    "0.01": {
        "tpr": [
            0.9933834674128483,
            0.9941999417079569,
            0.9926208948258765
        ],
        "f1": [
            0.9943108880849575,
            0.9947072975140338,
            0.9939399249426847
        ],
        "tpr_avg": 0.9934014346488939,
        "tpr_std": 0.0006447683719136794,
        "f1_avg": 0.9943193701805586,
        "f1_std": 0.00031333594886219724
    },
    "0.03": {
        "tpr": [
            0.9974350005829544,
            0.9976100262314194,
            0.9968208598261681
        ],
        "f1": [
            0.9916253730910777,
            0.9917566099239407,
            0.9913416774230975
        ],
        "tpr_avg": 0.9972886288801807,
        "tpr_std": 0.00033839268148507076,
        "f1_avg": 0.991574553479372,
        "f1_std": 0.000173165084556948
    },
    "0.1": {
        "tpr": [
            0.9993878978663868,
            0.9994462255902069,
            0.9991541737152191
        ],
        "f1": [
            0.9766428347622981,
            0.9764647255641774,
            0.9767342400136858
        ],
        "tpr_avg": 0.9993294323906042,
        "tpr_std": 0.00012619359020921066,
        "f1_avg": 0.9766139334467204,
        "f1_std": 0.00011191060168736804
    },
    "auc": [
        0.9995923981468161,
        0.9996226112286088,
        0.9995547465994015
    ],
    "auc_avg": 0.9995899186582754,
    "auc_std": 2.7761038308286106e-05
}