{
    "0.0001": {
        "tpr": [
            0.31787903010924595,
            0.23746295198577355,
            0.22561716504163826
        ],
        "f1": [
            0.4823991912838369,
            0.3837808061696165,
            0.36816016635636045
        ],
        "tpr_avg": 0.26031971571221924,
        "tpr_std": 0.04098688141729648,
        "f1_avg": 0.411446721269938,
        "f1_std": 0.05057463690987669
    },
    "0.0003": {
        "tpr": [
            0.42774669153566036,
            0.39398340248962654,
            0.29318673502652404
        ],
        "f1": [
            0.599141595305729,
            0.5652146182792269,
            0.45339138405132906
        ],
        "tpr_avg": 0.37163894301727035,
        "tpr_std": 0.057160893541937055,
        "f1_avg": 0.539249199212095,
        "f1_std": 0.062270556234732016
    },
    "0.001": {
        "tpr": [
            0.6813808212689108,
            0.5751630112625963,
            0.6557508223927926
        ],
        "f1": [
            0.8102732009576116,
            0.7300703510025958,
            0.7918620047954765
        ],
        "tpr_avg": 0.6374315516414332,
        "tpr_std": 0.045256694173573836,
        "f1_avg": 0.7774018522518946,
        "f1_std": 0.034302053329350796
    },
    "0.003": {
        "tpr": [
            0.7838766024217663,
            0.7651155898043864,
            0.7969356607296328
        ],
        "f1": [
            0.8781612245236398,
            0.8662170324139319,
            0.8862778702437255
        ],
        "tpr_avg": 0.7819759509852618,
        "tpr_std": 0.013059826066586613,
        "f1_avg": 0.876885375727099,
        "f1_std": 0.00823934245847509
    },
    "0.01": {
        "tpr": [
            0.8745300056251295,
            0.8704801422643746,
            0.8750852028568888
        ],
        "f1": [
            0.9306553245116573,
            0.9283433953914719,
            0.9309687081264286
        ],
        "tpr_avg": 0.8733651169154643,
        "tpr_std": 0.0020525382732299777,
        "f1_avg": 0.9299891426765193,
        "f1_std": 0.001170730659939159
    },
    "0.03": {
        "tpr": [
            0.9362287947419842,
            0.9328393598103142,
            0.9340900334884272
        ],
        "f1": [
            0.9598433800764888,
            0.958010562040574,
            0.9587091083296579
        ],
        "tpr_avg": 0.9343860626802419,
        "tpr_std": 0.0013994742467110049,
        "f1_avg": 0.9588543501489069,
        "f1_std": 0.0007552601660963145
    },
    "0.1": {
        "tpr": [
            0.9810225893359387,
            0.9791938352104327,
            0.9733574370980648
        ],
        "f1": [
            0.9666982714608708,
            0.9657410114001753,
            0.9627154414351038
        ],
        "tpr_avg": 0.9778579538814788,
        "tpr_std": 0.0032687483742488426,
        "f1_avg": 0.9650515747653833,
        "f1_std": 0.0016974934282804313
    },
    "auc": [
        0.99148126572462,
        0.9905520401271567,
        0.9895195767642316
    ],
    "auc_avg": 0.9905176275386695,
    "auc_std": 0.0008012257542924347,
    "epoch_time_avg": 0.02886335374514262
}