{
    "0.0001": {
        "tpr": [
            0.03097371387883463,
            0.192599171107164,
            0.208799668383964
        ],
        "f1": [
            0.0600863309352518,
            0.3229906170878221,
            0.3454661245284868
        ],
        "tpr_avg": 0.1441241844566542,
        "tpr_std": 0.08028235909168926,
        "f1_avg": 0.24284769085052024,
        "f1_std": 0.1295571254112449
    },
    "0.0003": {
        "tpr": [
            0.06509226843885361,
            0.21586737714624038,
            0.3687451886066205
        ],
        "f1": [
            0.12221479500891266,
            0.35504917713506673,
            0.5387610313202976
        ],
        "tpr_avg": 0.2165682780639048,
        "tpr_std": 0.12396677627002954,
        "f1_avg": 0.338675001154759,
        "f1_std": 0.170447992020187
    },
    "0.001": {
        "tpr": [
            0.36604758796653414,
            0.4801065719360568,
            0.49991117427607035
        ],
        "f1": [
            0.53573599652627,
            0.6485384092454113,
            0.6663772348738998
        ],
        "tpr_avg": 0.4486884447262205,
        "tpr_std": 0.05899259260247713,
        "f1_avg": 0.6168838802151937,
        "f1_std": 0.05784052901639253
    },
    "0.003": {
        "tpr": [
            0.6284934433038628,
            0.6595618709295441,
            0.7265352045952508
        ],
        "f1": [
            0.7711966216462193,
            0.7941826477507663,
            0.8409184372858123
        ],
        "tpr_avg": 0.6715301729428859,
        "tpr_std": 0.04091028337790957,
        "f1_avg": 0.8020992355609327,
        "f1_std": 0.029009046473326264
    },
    "0.01": {
        "tpr": [
            0.7946359698569988,
            0.830728241563055,
            0.8447918517202582
        ],
        "f1": [
            0.8831734098328222,
            0.9051674085542868,
            0.9134624619817512
        ],
        "tpr_avg": 0.823385354380104,
        "tpr_std": 0.02112410338146872,
        "f1_avg": 0.9006010934562867,
        "f1_std": 0.012780065080710714
    },
    "0.03": {
        "tpr": [
            0.8945588322553848,
            0.904736530491415,
            0.9067329898738675
        ],
        "f1": [
            0.9370959721531577,
            0.9427769380263441,
            0.9438742487286177
        ],
        "tpr_avg": 0.9020094508735558,
        "tpr_std": 0.005331056859668178,
        "f1_avg": 0.9412490529693732,
        "f1_std": 0.0029706433527485728
    },
    "0.1": {
        "tpr": [
            0.9628552779920488,
            0.966607460035524,
            0.9634038017409842
        ],
        "f1": [
            0.9572886555365465,
            0.9593653591890702,
            0.9576760065928891
        ],
        "tpr_avg": 0.9642888465895191,
        "tpr_std": 0.001654729748283769,
        "f1_avg": 0.9581100071061686,
        "f1_std": 0.000901643628509043
    },
    "auc": [
        0.9850875397846547,
        0.9855944402744724,
        0.985256390065468
    ],
    "auc_avg": 0.9853127900415317,
    "auc_std": 0.00021074905238118797
}