{
    "auc": [
        0.9951477592749771,
        0.9954892504692896,
        0.9948739278673109
    ],
    "auc_avg": 0.9951703125371925,
    "auc_std": 0.0002517101022391738,
    "epoch_time_avg": 0.02894866943359375
}