{
    "auc": [
        0.9932496145583085,
        0.9935169533728248,
        0.9929316370382802
    ],
    "auc_avg": 0.9932327349898045,
    "auc_std": 0.00023925229744047052
}