{
    "0.0001": {
        "tpr": [
            0.9006062725894834,
            0.8412416205187991,
            0.8509304089132591
        ],
        "f1": [
            0.9476896652199918,
            0.9137619906923735,
            0.9194478585610286
        ],
        "tpr_avg": 0.8642594340071805,
        "tpr_std": 0.026003687704299963,
        "f1_avg": 0.9269665048244646,
        "f1_std": 0.01483620135432268
    },
    "0.0003": {
        "tpr": [
            0.9087093389296957,
            0.8491401923637424,
            0.9150965408621595
        ],
        "f1": [
            0.9521133642804789,
            0.9183583406884378,
            0.9556080103555927
        ],
        "tpr_avg": 0.8909820240518659,
        "tpr_std": 0.02970132709037829,
        "f1_avg": 0.9420265717748365,
        "f1_std": 0.016796666531724944
    },
    "0.001": {
        "tpr": [
            0.9687536434650811,
            0.9421451471874089,
            0.9535962200314997
        ],
        "f1": [
            0.9838957963291889,
            0.969977944817032,
            0.9760138513664791
        ],
        "tpr_avg": 0.9548316702279966,
        "tpr_std": 0.010897943886524077,
        "f1_avg": 0.9766291975042334,
        "f1_std": 0.0056985750166480805
    },
    "0.003": {
        "tpr": [
            0.9797423341494695,
            0.9778781696298455,
            0.9808959925333955
        ],
        "f1": [
            0.9890539944092983,
            0.9881018995729641,
            0.9896418797634111
        ],
        "tpr_avg": 0.9795054987709036,
        "tpr_std": 0.0012433508533269116,
        "f1_avg": 0.9889325912485578,
        "f1_std": 0.0006345280620643007
    },
    "0.01": {
        "tpr": [
            0.9913722746881194,
            0.9920722821334887,
            0.991454237881351
        ],
        "f1": [
            0.9933556272725946,
            0.993650654639401,
            0.9933664523670369
        ],
        "tpr_avg": 0.991632931567653,
        "tpr_std": 0.00031246459109931363,
        "f1_avg": 0.9934575780930107,
        "f1_std": 0.00013659724311979583
    },
    "0.03": {
        "tpr": [
            0.9968811938906378,
            0.996910521713786,
            0.9965000291664237
        ],
        "f1": [
            0.9913620684657527,
            0.9913340868909949,
            0.9911376064284989
        ],
        "tpr_avg": 0.9967639149236159,
        "tpr_std": 0.0001869791431137244,
        "f1_avg": 0.9912779205950821,
        "f1_std": 9.987255592152628e-05
    },
    "0.1": {
        "tpr": [
            0.9991838638218491,
            0.9992422034392305,
            0.9991541737152191
        ],
        "f1": [
            0.9762070880380459,
            0.9762236965745038,
            0.9764836668376945
        ],
        "tpr_avg": 0.9991934136587662,
        "tpr_std": 3.656690321626114e-05,
        "f1_avg": 0.9763048171500813,
        "f1_std": 0.00012664746066751541
    },
    "auc": [
        0.9995314222923328,
        0.9994687494498891,
        0.999483315875698
    ],
    "auc_avg": 0.99949449587264,
    "auc_std": 2.677953875270502e-05
}