{
    "0.0001": {
        "tpr": [
            0.0,
            0.8087154357717886,
            0.0
        ],
        "f1": [
            0.0,
            0.8942428640541847,
            0.0
        ],
        "tpr_avg": 0.26957181192392954,
        "tpr_std": 0.3812321124563104,
        "f1_avg": 0.2980809546847282,
        "f1_std": 0.42155012880026266
    },
    "0.0003": {
        "tpr": [
            0.0,
            0.8613930696534827,
            0.8550040778282652
        ],
        "f1": [
            0.0,
            0.9254779066123473,
            0.9217773590830586
        ],
        "tpr_avg": 0.572132382493916,
        "tpr_std": 0.40456709548830017,
        "f1_avg": 0.6157517552318019,
        "f1_std": 0.43540486260206746
    },
    "0.001": {
        "tpr": [
            0.8940737284181055,
            0.9060786372651966,
            0.8960736339275311
        ],
        "f1": [
            0.9438423645320196,
            0.950492625910287,
            0.9449563828480158
        ],
        "tpr_avg": 0.8987419998702778,
        "tpr_std": 0.005251640487190559,
        "f1_avg": 0.9464304577634408,
        "f1_std": 0.0029081685808578146
    },
    "0.003": {
        "tpr": [
            0.9358959402706486,
            0.9393302998483257,
            0.9453571012466504
        ],
        "f1": [
            0.9661879384578328,
            0.9680173139353131,
            0.9712131186785565
        ],
        "tpr_avg": 0.9401944471218749,
        "tpr_std": 0.003910537442708842,
        "f1_avg": 0.9684727903572341,
        "f1_std": 0.0020766484441494923
    },
    "0.01": {
        "tpr": [
            0.9683271115258982,
            0.9668066736670167,
            0.9733776068973552
        ],
        "f1": [
            0.9816397126215888,
            0.980737935319703,
            0.9841269841269842
        ],
        "tpr_avg": 0.9695037973634234,
        "tpr_std": 0.002808645349578802,
        "f1_avg": 0.9821682106894253,
        "f1_std": 0.0014331540066844955
    },
    "0.03": {
        "tpr": [
            0.9869925338310779,
            0.9850659199626648,
            0.988349062099499
        ],
        "f1": [
            0.9863884112040572,
            0.9853820791876987,
            0.9870552986008087
        ],
        "tpr_avg": 0.9868025052977473,
        "tpr_std": 0.0013470557289322893,
        "f1_avg": 0.9862752629975216,
        "f1_std": 0.0006877585276745855
    },
    "0.1": {
        "tpr": [
            0.9958002799813346,
            0.9944580562361451,
            0.9950483513922871
        ],
        "f1": [
            0.9750135640652219,
            0.973947323316003,
            0.9742200422061256
        ],
        "tpr_avg": 0.9951022292032556,
        "tpr_std": 0.0005492833266622134,
        "f1_avg": 0.9743936431957835,
        "f1_std": 0.00045226858652160567
    },
    "auc": [
        0.9978835630062304,
        0.9977041642276049,
        0.9980318586799849
    ],
    "auc_avg": 0.9978731953046068,
    "auc_std": 0.0001339814177610136,
    "epoch_time_avg": 160.4410863187578
}