{
    "auc": [
        0.9756059161047962,
        0.9699079222152015,
        0.9663333939218168
    ],
    "auc_avg": 0.9706157440806048,
    "auc_std": 0.003818435609279309
}