{
    "auc": [
        0.9938433156351878,
        0.9928429863830832,
        0.9921231246755642
    ],
    "auc_avg": 0.9929364755646116,
    "auc_std": 0.0007053695980074823
}