{
    "auc": [
        0.9950925278346612,
        0.9943076282560186,
        0.9935499231163467
    ],
    "auc_avg": 0.9943166930690088,
    "auc_std": 0.0006297983578720121,
    "epoch_time_avg": 0.028790397906303406
}