{
    "0.0001": {
        "tpr": [
            0.0,
            0.0,
            0.0
        ],
        "f1": [
            0.0,
            0.0,
            0.0
        ],
        "tpr_avg": 0.0,
        "tpr_std": 0.0,
        "f1_avg": 0.0,
        "f1_std": 0.0
    },
    "0.0003": {
        "tpr": [
            0.0,
            0.0,
            0.0
        ],
        "f1": [
            0.0,
            0.0,
            0.0
        ],
        "tpr_avg": 0.0,
        "tpr_std": 0.0,
        "f1_avg": 0.0,
        "f1_std": 0.0
    },
    "0.001": {
        "tpr": [
            0.0,
            0.7809409649385676,
            0.0
        ],
        "f1": [
            0.0,
            0.8761136325432846,
            0.0
        ],
        "tpr_avg": 0.2603136549795225,
        "tpr_std": 0.3681391013429513,
        "f1_avg": 0.29203787751442817,
        "f1_std": 0.4130039271075571
    },
    "0.003": {
        "tpr": [
            0.8418520745640409,
            0.8633503146538807,
            0.8007192088702427
        ],
        "f1": [
            0.9111617312072893,
            0.9238415905082572,
            0.8865295288652955
        ],
        "tpr_avg": 0.8353071993627214,
        "tpr_std": 0.02598448763488127,
        "f1_avg": 0.9071776168602806,
        "f1_std": 0.015490908330578387
    },
    "0.01": {
        "tpr": [
            0.9073962717979555,
            0.911297572670063,
            0.8954150434522026
        ],
        "f1": [
            0.9419475655430711,
            0.9438237119801365,
            0.935064935064935
        ],
        "tpr_avg": 0.9047029626400737,
        "tpr_std": 0.006757914828998394,
        "f1_avg": 0.9402787375293808,
        "f1_std": 0.003765437864491937
    },
    "0.03": {
        "tpr": [
            0.944377630787733,
            0.9466586754569973,
            0.937368894216362
        ],
        "f1": [
            0.9423942394239425,
            0.9436893203883496,
            0.9394804024628323
        ],
        "tpr_avg": 0.9428017334870308,
        "tpr_std": 0.003952855347845414,
        "f1_avg": 0.9418546540917081,
        "f1_std": 0.001760134800520917
    },
    "0.1": {
        "tpr": [
            0.9759470835838846,
            0.9670362601138748,
            0.9658375786634702
        ],
        "f1": [
            0.8975528826213189,
            0.8947733259392763,
            0.8927977839335179
        ],
        "tpr_avg": 0.9696069741204099,
        "tpr_std": 0.004509763505367547,
        "f1_avg": 0.895041330831371,
        "f1_std": 0.0019504889727658442
    },
    "auc": [
        0.990112747595204,
        0.988402536588411,
        0.9879524688533743
    ],
    "auc_avg": 0.9888225843456632,
    "auc_std": 0.0009306023674228984
}