{
    "pretrained": {
        "fpr_0.0001": {
            "f1": [
                0.17080050578737477,
                0.3289497067709259,
                0.2779965204651589
            ],
            "tpr": [
                0.0933744549611826,
                0.19685206848878017,
                0.16143783898755718
            ],
            "f1_mean": 0.2592489110078198,
            "f1_std": 0.06591103644665079,
            "tpr_mean": 0.1505547874791733,
            "tpr_std": 0.04293976193803216
        },
        "fpr_0.0003": {
            "f1": [
                0.30936545029660256,
                0.4143977071567058,
                0.45236136251439857
            ],
            "tpr": [
                0.18302669360842283,
                0.2614059342762948,
                0.292353504200787
            ],
            "f1_mean": 0.39204150665590226,
            "f1_std": 0.06048034117724536,
            "tpr_mean": 0.2455953773618349,
            "tpr_std": 0.046011362082524064
        },
        "fpr_0.001": {
            "f1": [
                0.5179527559055118,
                0.5144435674822415,
                0.5429633070134696
            ],
            "tpr": [
                0.34978198447304054,
                0.3465915133468042,
                0.37296607465702436
            ],
            "f1_mean": 0.5251198768004076,
            "f1_std": 0.012698283405610727,
            "tpr_mean": 0.35644652415895645,
            "tpr_std": 0.011753479995175915
        },
        "fpr_0.003": {
            "f1": [
                0.561422249351442,
                0.5864447443394812,
                0.5733958837772397
            ],
            "tpr": [
                0.3912581091141125,
                0.4159310858236733,
                0.4029565032436456
            ],
            "f1_mean": 0.5737542924893877,
            "f1_std": 0.010218534025984992,
            "tpr_mean": 0.40338189939381053,
            "tpr_std": 0.010077190955852171
        },
        "fpr_0.01": {
            "f1": [
                0.6720347290295476,
                0.6153172227495072,
                0.6654939487756825
            ],
            "tpr": [
                0.510369031160268,
                0.44815484419866003,
                0.5029245985323832
            ],
            "f1_mean": 0.6509486335182458,
            "f1_std": 0.025336318156752417,
            "tpr_mean": 0.4871494912971038,
            "tpr_std": 0.02774036494637256
        },
        "fpr_0.03": {
            "f1": [
                0.7583054339428277,
                0.6476404179230069,
                0.7262879788639366
            ],
            "tpr": [
                0.6262894820801872,
                0.49111985536530894,
                0.584707008401574
            ],
            "f1_mean": 0.710744610243257,
            "f1_std": 0.04649647781445776,
            "tpr_mean": 0.5673721152823566,
            "tpr_std": 0.05652775652220713
        },
        "fpr_0.1": {
            "f1": [
                0.8406999204635835,
                0.8494587280108256,
                0.8582778492698485
            ],
            "tpr": [
                0.7868765287674147,
                0.8011272997979368,
                0.8156971179410827
            ],
            "f1_mean": 0.8494788325814192,
            "f1_std": 0.0071761734661702535,
            "tpr_mean": 0.8012336488354781,
            "tpr_std": 0.011766196572319004
        },
        "auc": [
            0.93938256996143,
            0.9340706720446009,
            0.934635847289585
        ]
    },
    "non_pretrained": {
        "fpr_0.0001": {
            "f1": [
                0.03572174639649049,
                0.13191616171649945,
                0.17594568380213385
            ],
            "tpr": [
                0.018185685419546953,
                0.0706157609273636,
                0.0964585770498777
            ],
            "f1_mean": 0.11452786397170793,
            "f1_std": 0.05855170267510922,
            "tpr_mean": 0.06175334113226275,
            "tpr_std": 0.032563458605332676
        },
        "fpr_0.0003": {
            "f1": [
                0.20154890524906777,
                0.27098078867542974,
                0.25897815623843023
            ],
            "tpr": [
                0.1120918855684356,
                0.1567584813357439,
                0.14878230352015315
            ],
            "f1_mean": 0.24383595005430925,
            "f1_std": 0.030300290594038902,
            "tpr_mean": 0.13921089014144422,
            "tpr_std": 0.019450538294344236
        },
        "fpr_0.001": {
            "f1": [
                0.3893547835016259,
                0.4125832841359534,
                0.37010737790093523
            ],
            "tpr": [
                0.24194406040625333,
                0.2601297458258003,
                0.22726789322556631
            ],
            "f1_mean": 0.39068181517950484,
            "f1_std": 0.01736608596138049,
            "tpr_mean": 0.2431138998192066,
            "tpr_std": 0.013441273061456399
        },
        "fpr_0.003": {
            "f1": [
                0.4519254454388702,
                0.4555136817958381,
                0.4125620948050855
            ],
            "tpr": [
                0.29267255131341063,
                0.2956503243645645,
                0.26055514197596513
            ],
            "f1_mean": 0.44000040734659795,
            "f1_std": 0.01945703996642614,
            "tpr_mean": 0.2829593392179801,
            "tpr_std": 0.015888734449925574
        },
        "fpr_0.01": {
            "f1": [
                0.5261521722235175,
                0.515032884434701,
                0.4550342130987293
            ],
            "tpr": [
                0.3599914920769967,
                0.34978198447304054,
                0.29703286185260025
            ],
            "f1_mean": 0.4987397565856493,
            "f1_std": 0.03123609598789963,
            "tpr_mean": 0.3356021128008792,
            "tpr_std": 0.027589235224537552
        },
        "fpr_0.03": {
            "f1": [
                0.6397235153054028,
                0.6229648671808055,
                0.5991138229098569
            ],
            "tpr": [
                0.4822928852493885,
                0.4638945017547591,
                0.4385834308199511
            ],
            "f1_mean": 0.6206007351320217,
            "f1_std": 0.016662905296361726,
            "tpr_mean": 0.4615902726080329,
            "tpr_std": 0.017918541711501586
        },
        "fpr_0.1": {
            "f1": [
                0.7891770011273957,
                0.8280496209510682,
                0.7673814557535488
            ],
            "tpr": [
                0.7072210996490482,
                0.7666702116345847,
                0.6755290864617676
            ],
            "f1_mean": 0.7948693592773376,
            "f1_std": 0.025092612101158145,
            "tpr_mean": 0.7164734659151334,
            "tpr_std": 0.037779014329678895
        },
        "auc": [
            0.9152495564405398,
            0.9203191794510062,
            0.9003513371464857
        ]
    },
    "full_data": {
        "fpr_0.0001": {
            "f1": [
                0.30850872459075374,
                0.3196926375982845,
                0.1084288875477771
            ],
            "tpr": [
                0.1823885993831756,
                0.19025842816122515,
                0.057322131234712324
            ],
            "f1_mean": 0.24554341657893844,
            "f1_std": 0.09706206100950014,
            "tpr_mean": 0.14332305292637101,
            "tpr_std": 0.06089664714421236
        },
        "fpr_0.0003": {
            "f1": [
                0.5334476843910807,
                0.5423124612523248,
                0.5215751002122141
            ],