{
    "0.0001": {
        "tpr": [
            0.8421605226318245,
            0.5155330185929942,
            0.4690105533205061
        ],
        "f1": [
            0.9143182825660185,
            0.6803322821321437,
            0.638539392736654
        ],
        "tpr_avg": 0.6089013648484416,
        "tpr_std": 0.16602903553518847,
        "f1_avg": 0.744396652478272,
        "f1_std": 0.12135809732567941
    },
    "0.0003": {
        "tpr": [
            0.9002566495566963,
            0.6431194264731597,
            0.49897965133228384
        ],
        "f1": [
            0.9474524248004912,
            0.7827474905118293,
            0.665707284819727
        ],
        "tpr_avg": 0.6807852424540467,
        "tpr_std": 0.16597156904347263,
        "f1_avg": 0.798635733377349,
        "f1_std": 0.11556933898951577
    },
    "0.001": {
        "tpr": [
            0.9456952869808679,
            0.8980591012414758,
            0.9338814063319923
        ],
        "f1": [
            0.9718567361007043,
            0.9460596199306174,
            0.9655775259223535
        ],
        "tpr_avg": 0.9258785981847787,
        "tpr_std": 0.02025397494534999,
        "f1_avg": 0.9611646273178917,
        "f1_std": 0.010984172135188758
    },
    "0.003": {
        "tpr": [
            0.965585627624825,
            0.9641545724777059,
            0.9622762521135794
        ],
        "f1": [
            0.9817923017614615,
            0.981051507872965,
            0.9800766055999288
        ],
        "tpr_avg": 0.9640054840720368,
        "tpr_std": 0.0013551536402776959,
        "f1_avg": 0.9809734717447851,
        "f1_std": 0.0007026001981451775
    },
    "0.01": {
        "tpr": [
            0.9824428371441903,
            0.9842629830389928,
            0.9828581423823683
        ],
        "f1": [
            0.9887581085444246,
            0.989685283947723,
            0.9889703725432677
        ],
        "tpr_avg": 0.9831879875218505,
        "tpr_std": 0.0007788158240224313,
        "f1_avg": 0.9891379216784717,
        "f1_std": 0.0003966258452253944
    },
    "0.03": {
        "tpr": [
            0.9925921605226318,
            0.9929474849915486,
            0.9935280741647717
        ],
        "f1": [
            0.989187932337383,
            0.9894871348086193,
            0.9896332433138776
        ],
        "tpr_avg": 0.9930225732263174,
        "tpr_std": 0.0003857566319468265,
        "f1_avg": 0.9894361034866267,
        "f1_std": 0.00018534402843519275
    },
    "0.1": {
        "tpr": [
            0.9969668688754083,
            0.9970857375998134,
            0.99720132936855
        ],
        "f1": [
            0.9750698841919105,
            0.9752023714513738,
            0.9752245188880969
        ],
        "tpr_avg": 0.9970846452812573,
        "tpr_std": 9.572121179387501e-05,
        "f1_avg": 0.9751655915104603,
        "f1_std": 6.827662048049479e-05
    },
    "auc": [
        0.9987570273092904,
        0.9986013242652325,
        0.9987022174518985
    ],
    "auc_avg": 0.9986868563421405,
    "auc_std": 6.448685784442377e-05,
    "epoch_time_avg": 19.47791968451606
}