{
    "0.0001": {
        "tpr": [
            0.956511600792818,
            0.9674588132380814,
            0.9569108772338999
        ],
        "f1": [
            0.9777724807818367,
            0.9834457206372731,
            0.9779664804469274
        ],
        "tpr_avg": 0.9602937637549331,
        "tpr_std": 0.005069076575411153,
        "f1_avg": 0.979728227288679,
        "f1_std": 0.002629857608964742
    },
    "0.0003": {
        "tpr": [
            0.956511600792818,
            0.9778684939495553,
            0.9652488265648231
        ],
        "f1": [
            0.9777724807818367,
            0.9887521191125526,
            0.982258877977868
        ],
        "tpr_avg": 0.9665429737690655,
        "tpr_std": 0.008766806110428097,
        "f1_avg": 0.982927825957419,
        "f1_std": 0.0045073076233926755
    },
    "0.001": {
        "tpr": [
            0.9860965372507869,
            0.9794430675025514,
            0.9786012069618961
        ],
        "f1": [
            0.9927810546703055,
            0.9895419060244512,
            0.9890537295401977
        ],
        "tpr_avg": 0.9813802705717448,
        "tpr_std": 0.0033525672584215588,
        "f1_avg": 0.9904588967449848,
        "f1_std": 0.0016540641145457286
    },
    "0.003": {
        "tpr": [
            0.9911099452022852,
            0.9954512319580113,
            0.9946648785749687
        ],
        "f1": [
            0.9948506392814302,
            0.9970793539530944,
            0.9966115557632762
        ],
        "tpr_avg": 0.9937420185784217,
        "tpr_std": 0.0018886407111607414,
        "f1_avg": 0.9961805163326002,
        "f1_std": 0.0009595618844107487
    },
    "0.01": {
        "tpr": [
            0.9979888072752711,
            0.9981629975215046,
            0.997959243170753
        ],
        "f1": [
            0.9967540501593865,
            0.9967243663468679,
            0.996651720724393
        ],
        "tpr_avg": 0.9980370159891763,
        "tpr_std": 8.989630669033393e-05,
        "f1_avg": 0.9967100457435492,
        "f1_std": 4.298556405802314e-05
    },
    "0.03": {
        "tpr": [
            0.9991838638218491,
            0.9991543956845022,
            0.9993003119442582
        ],
        "f1": [
            0.9925587051567883,
            0.9929727458452265,
            0.9925436881958621
        ],
        "tpr_avg": 0.9992128571502031,
        "tpr_std": 6.299919857733892e-05,
        "f1_avg": 0.9926917130659589,
        "f1_std": 0.00019881472874008638
    },
    "0.1": {
        "tpr": [
            0.9998542613967588,
            1.0,
            0.9999125389930322
        ],
        "f1": [
            0.9767786209547674,
            0.976662062680659,
            0.9765389214737201
        ],
        "tpr_avg": 0.999922266796597,
        "tpr_std": 5.98938379708587e-05,
        "f1_avg": 0.9766598683697155,
        "f1_std": 9.78692037158889e-05
    },
    "auc": [
        0.9998587119108499,
        0.9999079955415576,
        0.9998798620721312
    ],
    "auc_avg": 0.999882189841513,
    "auc_std": 2.018717326515107e-05
}