{
    "0.0001": {
        "tpr": [
            0.8583129299288795,
            0.0,
            0.0
        ],
        "f1": [
            0.9237405106970324,
            0.0,
            0.0
        ],
        "tpr_avg": 0.28610430997629316,
        "tpr_std": 0.40461259542186984,
        "f1_avg": 0.3079135035656775,
        "f1_std": 0.43545545278039743
    },
    "0.0003": {
        "tpr": [
            0.9259064941121604,
            0.8862430778198775,
            0.0
        ],
        "f1": [
            0.9614697781409849,
            0.9396331947899446,
            0.0
        ],
        "tpr_avg": 0.6040498573106793,
        "tpr_std": 0.4274345713952665,
        "f1_avg": 0.6337009909769765,
        "f1_std": 0.4481829377735638
    },
    "0.001": {
        "tpr": [
            0.9561909758656874,
            0.968697172835908,
            0.9447296272531063
        ],
        "f1": [
            0.9773719256953032,
            0.9838666706136586,
            0.9713463182043093
        ],
        "tpr_avg": 0.9565392586515671,
        "tpr_std": 0.009787808266414028,
        "f1_avg": 0.9775283048377571,
        "f1_std": 0.0051126083975938635
    },
    "0.003": {
        "tpr": [
            0.9788096070887257,
            0.9841737102885456,
            0.9647086274281048
        ],
        "f1": [
            0.9885778209543996,
            0.9913102192995332,
            0.9813235228671878
        ],
        "tpr_avg": 0.9758973149351253,
        "tpr_std": 0.008209078181375297,
        "f1_avg": 0.9870705210403736,
        "f1_std": 0.004214063057673461
    },
    "0.01": {
        "tpr": [
            0.9926547743966422,
            0.9933547070824832,
            0.9928833926383946
        ],
        "f1": [
            0.9939294886761616,
            0.9942965502151556,
            0.9940576134090611
        ],
        "tpr_avg": 0.9929642913725066,
        "tpr_std": 0.00029141596280099746,
        "f1_avg": 0.9940945507667928,
        "f1_std": 0.00015211140577290382
    },
    "0.03": {
        "tpr": [
            0.9969977847732308,
            0.996881375692218,
            0.9969666919442338
        ],
        "f1": [
            0.9913630698779816,
            0.9913051039040085,
            0.9913573085846868
        ],
        "tpr_avg": 0.9969486174698942,
        "tpr_std": 4.921235280257483e-05,
        "f1_avg": 0.991341827455559,
        "f1_std": 2.6073774230928114e-05
    },
    "0.1": {
        "tpr": [
            0.9993878978663868,
            0.9991839113960944,
            0.9990375080207665
        ],
        "f1": [
            0.9770324566152793,
            0.9763613579403053,
            0.9761609598312885
        ],
        "tpr_avg": 0.9992031057610825,
        "tpr_std": 0.00014368850270389104,
        "f1_avg": 0.9765182581289577,
        "f1_std": 0.00037268388125946927
    },
    "auc": [
        0.9995226648577139,
        0.9994614890927738,
        0.9992622356247041
    ],
    "auc_avg": 0.9994154631917306,
    "auc_std": 0.0001111894300331691,
    "epoch_time_avg": 0.02719172288576762
}