{
    "0.0001": {
        "tpr": [
            0.0,
            0.0,
            0.0
        ],
        "f1": [
            0.0,
            0.0,
            0.0
        ],
        "tpr_avg": 0.0,
        "tpr_std": 0.0,
        "f1_avg": 0.0,
        "f1_std": 0.0
    },
    "0.0003": {
        "tpr": [
            0.0,
            0.0,
            0.0
        ],
        "f1": [
            0.0,
            0.0,
            0.0
        ],
        "tpr_avg": 0.0,
        "tpr_std": 0.0,
        "f1_avg": 0.0,
        "f1_std": 0.0
    },
    "0.001": {
        "tpr": [
            0.0,
            0.9057286197643215,
            0.0
        ],
        "f1": [
            0.0,
            0.9502999143101971,
            0.0
        ],
        "tpr_avg": 0.3019095399214405,
        "tpr_std": 0.42696456596672255,
        "f1_avg": 0.31676663810339906,
        "f1_std": 0.44797567571315694
    },
    "0.003": {
        "tpr": [
            0.9229468035464302,
            0.9450472523626181,
            0.9268903646743563
        ],
        "f1": [
            0.9592313055075627,
            0.9710483725948571,
            0.9613897280966767
        ],
        "tpr_avg": 0.9316281401944683,
        "tpr_std": 0.009624356156074862,
        "f1_avg": 0.9638898020663654,
        "f1_std": 0.005137998704219419
    },
    "0.01": {
        "tpr": [
            0.9687354176388241,
            0.9725819624314549,
            0.9664452988465572
        ],
        "f1": [
            0.9817343500620679,
            0.9837148926126977,
            0.9805544062887878
        ],
        "tpr_avg": 0.969254226305612,
        "tpr_std": 0.00253199944880236,
        "f1_avg": 0.9820012163211844,
        "f1_std": 0.001303989174570773
    },
    "0.03": {
        "tpr": [
            0.9852426504899673,
            0.986465989966165,
            0.988232552720494
        ],
        "f1": [
            0.9854438318602141,
            0.9861495844875346,
            0.9870250770931518
        ],
        "tpr_avg": 0.9866470643922088,
        "tpr_std": 0.0012273195177167004,
        "f1_avg": 0.9862061644803002,
        "f1_std": 0.000646779247944791
    },
    "0.1": {
        "tpr": [
            0.9953919738684087,
            0.9952164274880411,
            0.9956891529768146
        ],
        "f1": [
            0.9743911839438149,
            0.9743838706913784,
            0.9746250784056566
        ],
        "tpr_avg": 0.995432518111088,
        "tpr_std": 0.00019510719044477058,
        "f1_avg": 0.9744667110136166,
        "f1_std": 0.00011202245031378061
    },
    "auc": [
        0.9972155909560678,
        0.9977679493513523,
        0.9972053645068092
    ],
    "auc_avg": 0.9973963016047431,
    "auc_std": 0.0002628278026083088
}