{
    "auc": [
        0.9823673596884948,
        0.9841716220255465,
        0.9841047751687104
    ],
    "auc_avg": 0.9835479189609172,
    "auc_std": 0.0008352274230588294
}