{
    "auc": [
        0.9829568612484761,
        0.9857267337358124,
        0.9854446149676379
    ],
    "auc_avg": 0.9847094033173088,
    "auc_std": 0.0012445750351318958,
    "epoch_time_avg": 0.028560957916577655
}