{
    "0.0001": {
        "tpr": [
            0.0,
            0.0,
            0.0
        ],
        "f1": [
            0.0,
            0.0,
            0.0
        ],
        "tpr_avg": 0.0,
        "tpr_std": 0.0,
        "f1_avg": 0.0,
        "f1_std": 0.0
    },
    "0.0003": {
        "tpr": [
            0.0,
            0.0,
            0.0
        ],
        "f1": [
            0.0,
            0.0,
            0.0
        ],
        "tpr_avg": 0.0,
        "tpr_std": 0.0,
        "f1_avg": 0.0,
        "f1_std": 0.0
    },
    "0.001": {
        "tpr": [
            0.0,
            0.0,
            0.0
        ],
        "f1": [
            0.0,
            0.0,
            0.0
        ],
        "tpr_avg": 0.0,
        "tpr_std": 0.0,
        "f1_avg": 0.0,
        "f1_std": 0.0
    },
    "0.003": {
        "tpr": [
            0.8954153056462902,
            0.8944697234861743,
            0.0
        ],
        "f1": [
            0.9442120802066675,
            0.9435982645619865,
            0.0
        ],
        "tpr_avg": 0.5966283430441548,
        "tpr_std": 0.42188012382991424,
        "f1_avg": 0.6292701149228846,
        "f1_std": 0.4449612360222755
    },
    "0.01": {
        "tpr": [
            0.9625524965002333,
            0.9621981099054953,
            0.9459396481416754
        ],
        "f1": [
            0.9785631689744122,
            0.9783498428139272,
            0.9698671046737345
        ],
        "tpr_avg": 0.9568967515158014,
        "tpr_std": 0.007749192784976327,
        "f1_avg": 0.9755933721540245,
        "f1_std": 0.004050019049713073
    },
    "0.03": {
        "tpr": [
            0.982326178254783,
            0.9822074437055186,
            0.9723872771758126
        ],
        "f1": [
            0.9839619058747918,
            0.9839294062646097,
            0.9789455163920006
        ],
        "tpr_avg": 0.9789736330453714,
        "tpr_std": 0.0046575091485793595,
        "f1_avg": 0.9822789428438007,
        "f1_std": 0.0023571257904965643
    },
    "0.1": {
        "tpr": [
            0.9952753149790013,
            0.9936996849842492,
            0.9912617965746242
        ],
        "f1": [
            0.9742769863248352,
            0.9734270529744556,
            0.9723984227670153
        ],
        "tpr_avg": 0.993412265512625,
        "tpr_std": 0.001651068332942863,
        "f1_avg": 0.9733674873554353,
        "f1_std": 0.000768076084520795
    },
    "auc": [
        0.9966483810376359,
        0.9965692786441015,
        0.9934691341051054
    ],
    "auc_avg": 0.9955622645956143,
    "auc_std": 0.0014804190251162213
}