{
    "0.0001": {
        "tpr": [
            0.0,
            0.0,
            0.0
        ],
        "f1": [
            0.0,
            0.0,
            0.0
        ],
        "tpr_avg": 0.0,
        "tpr_std": 0.0,
        "f1_avg": 0.0,
        "f1_std": 0.0
    },
    "0.0003": {
        "tpr": [
            0.0,
            0.0,
            0.0
        ],
        "f1": [
            0.0,
            0.0,
            0.0
        ],
        "tpr_avg": 0.0,
        "tpr_std": 0.0,
        "f1_avg": 0.0,
        "f1_std": 0.0
    },
    "0.001": {
        "tpr": [
            0.9355835373673779,
            0.888545613523754,
            0.0
        ],
        "f1": [
            0.9664870073168529,
            0.9407517126458064,
            0.0
        ],
        "tpr_avg": 0.608043050297044,
        "tpr_std": 0.4303799908846288,
        "f1_avg": 0.6357462399875531,
        "f1_std": 0.4496632351673009
    },
    "0.003": {
        "tpr": [
            0.9639442695581205,
            0.952608568930341,
            0.0
        ],
        "f1": [
            0.9809278044729193,
            0.9750160344853303,
            0.0
        ],
        "tpr_avg": 0.6388509461628206,
        "tpr_std": 0.4517595400852308,
        "f1_avg": 0.6519812796527499,
        "f1_std": 0.4610267013375866
    },
    "0.01": {
        "tpr": [
            0.9833857992305002,
            0.9821626348003497,
            0.9603336638861343
        ],
        "f1": [
            0.9892391144993404,
            0.9886170275186295,
            0.9773806696746616
        ],
        "tpr_avg": 0.9752940326389948,
        "tpr_std": 0.010590357492296743,
        "f1_avg": 0.9850789372308771,
        "f1_std": 0.005449418352950038
    },
    "0.03": {
        "tpr": [
            0.9923050017488633,
            0.9933255610609152,
            0.9821501487487604
        ],
        "f1": [
            0.9890330171549758,
            0.9895329762060305,
            0.9838575372883585
        ],
        "tpr_avg": 0.9892602371861795,
        "tpr_std": 0.005044825964510299,
        "f1_avg": 0.9874745102164549,
        "f1_std": 0.0025657175260369856
    },
    "0.1": {
        "tpr": [
            0.9977556255100851,
            0.9977557563392597,
            0.9964125298955842
        ],
        "f1": [
            0.9758399019342332,
            0.975507587091259,
            0.9748601757790205
        ],
        "tpr_avg": 0.9973079705816431,
        "tpr_std": 0.0006331721835152588,
        "f1_avg": 0.9754025549348375,
        "f1_std": 0.0004068084317496029
    },
    "auc": [
        0.9987561225281822,
        0.9984699021191112,
        0.9961095764023811
    ],
    "auc_avg": 0.9977785336832249,
    "auc_std": 0.0011859017200997438,
    "epoch_time_avg": 0.02233636817932129
}