{
    "auc": [
        0.9939569779011809,
        0.9937128328583398,
        0.9938977893166294
    ],
    "auc_avg": 0.9938558666920501,
    "auc_std": 0.00010398663479726162
}