{
    "auc": [
        0.9955332392678155,
        0.9947479922029143,
        0.9948609504907019
    ],
    "auc_avg": 0.9950473939871438,
    "auc_std": 0.00034662575520590637,
    "epoch_time_avg": 0.02898766975402832
}