{
    "0.0001": {
        "tpr": [
            0.266545045219889,
            0.26758534781423954
        ],
        "f1": [
            0.42090101133925834,
            0.4221840068787618
        ],
        "tpr_avg": 0.2670651965170643,
        "f1_avg": 0.42154250910901003
    },
    "0.0003": {
        "tpr": [
            0.746807437022086,
            0.7196465413211881
        ],
        "f1": [
            0.8549971114962449,
            0.8369134656737364
        ],
        "tpr_avg": 0.733226989171637,
        "f1_avg": 0.8459552885849906
    },
    "0.001": {
        "tpr": [
            0.9411559212824594,
            0.9301646619175522
        ],
        "f1": [
            0.9694534404861861,
            0.9635857730462134
        ],
        "tpr_avg": 0.9356602916000059,
        "f1_avg": 0.9665196067661997
    },
    "0.003": {
        "tpr": [
            0.9633194891899235,
            0.9627077737553038
        ],
        "f1": [
            0.9806385332701122,
            0.9802802386190222
        ],
        "tpr_avg": 0.9630136314726137,
        "f1_avg": 0.9804593859445672
    },
    "0.01": {
        "tpr": [
            0.9772930171175717,
            0.9788625481723695
        ],
        "f1": [
            0.9861350462165125,
            0.9869497811880606
        ],
        "tpr_avg": 0.9780777826449706,
        "f1_avg": 0.9865424137022866
    },
    "0.03": {
        "tpr": [
            0.9875790862865349,
            0.988672194324419
        ],
        "f1": [
            0.9866408143480367,
            0.987135139336935
        ],
        "tpr_avg": 0.988125640305477,
        "f1_avg": 0.9868879768424859
    },
    "0.1": {
        "tpr": [
            0.9951480805806777,
            0.9941609249094944
        ],
        "f1": [
            0.974476899979095,
            0.9737674915163763
        ],
        "tpr_avg": 0.994654502745086,
        "f1_avg": 0.9741221957477357
    },
    "epoch_time_avg": 58.01508438587189
}